{"contributors": null, "truncated": false, "text": ".@theonlyadult @FlowerInFaith @POTUS He's one of a kind for sure. We need #Hillary2016 to appoint him to @SCOTUS.", "is_quote_status": false, "in_reply_to_status_id": 656895094621118464, "id": 656897189638107136, "favorite_count": 1, "source": "<a href=\"http://twitter.com\" rel=\"nofollow\">Twitter Web Client</a>", "retweeted": false, "coordinates": null, "entities": {"symbols": [], "user_mentions": [{"id": 232851192, "indices": [1, 14], "id_str": "232851192", "screen_name": "theonlyadult", "name": "BWD"}, {"id": 387162020, "indices": [15, 29], "id_str": "387162020", "screen_name": "FlowerInFaith", "name": "FlowerInFaith"}, {"id": 1536791610, "indices": [30, 36], "id_str": "1536791610", "screen_name": "POTUS", "name": "President Obama"}, {"id": 15109516, "indices": [105, 112], "id_str": "15109516", "screen_name": "Scotus", "name": "Scotus"}], "hashtags": [{"indices": [74, 86], "text": "Hillary2016"}], "urls": []}, "in_reply_to_screen_name": "theonlyadult", "in_reply_to_user_id": 232851192, "retweet_count": 2, "id_str": "656897189638107136", "favorited": false, "user": {"follow_request_sent": null, "has_extended_profile": false, "profile_use_background_image": true, "default_profile_image": false, "id": 1548714900, "profile_background_image_url_https": "https://abs.twimg.com/images/themes/theme16/bg.gif", "verified": false, "profile_text_color": "333333", "profile_image_url_https": "https://pbs.twimg.com/profile_images/538436965025058817/DyYMGF2e_normal.jpeg", "profile_sidebar_fill_color": "DDFFCC", "entities": {"description": {"urls": []}}, "followers_count": 2670, "profile_sidebar_border_color": "BDDCAD", "id_str": "1548714900", "profile_background_color": "9AE4E8", "listed_count": 110, "is_translation_enabled": false, "utc_offset": -14400, "statuses_count": 43801, "description": "Avid Barack Obama Supporter. #ClimateAction my #1 priority. #GunSanity #2. Big time animal lover. Religion hurts everyone. #Hillary2016 All the way.", "friends_count": 2310, "location": "Texas, USA", "profile_link_color": "0084B4", "profile_image_url": "http://pbs.twimg.com/profile_images/538436965025058817/DyYMGF2e_normal.jpeg", "following": null, "geo_enabled": false, "profile_banner_url": "https://pbs.twimg.com/profile_banners/1548714900/1424232070", "profile_background_image_url": "http://abs.twimg.com/images/themes/theme16/bg.gif", "screen_name": "SouthernRock3", "lang": "en", "profile_background_tile": false, "favourites_count": 33848, "name": "Southern Rock", "notifications": null, "url": null, "created_at": "Wed Jun 26 17:47:43 +0000 2013", "contributors_enabled": false, "time_zone": "Eastern Time (US & Canada)", "protected": false, "default_profile": false, "is_translator": false}, "geo": null, "in_reply_to_user_id_str": "232851192", "lang": "en", "created_at": "Wed Oct 21 18:17:49 +0000 2015", "in_reply_to_status_id_str": "656895094621118464", "place": null, "metadata": {"iso_language_code": "en", "result_type": "recent"}}