{"contributors": null, "truncated": false, "text": "\"Give 'em hell, Hill!\" #ImWithHer #HRC16 Dems release Benghazi transcript on eve of Clinton\u2019s testimony https://t.co/EU0vDqQ24W", "is_quote_status": false, "in_reply_to_status_id": null, "id": 656897986023198720, "favorite_count": 0, "source": "<a href=\"http://twitter.com\" rel=\"nofollow\">Twitter Web Client</a>", "retweeted": false, "coordinates": null, "entities": {"symbols": [], "user_mentions": [], "hashtags": [{"indices": [23, 33], "text": "ImWithHer"}, {"indices": [34, 40], "text": "HRC16"}], "urls": [{"url": "https://t.co/EU0vDqQ24W", "indices": [104, 127], "expanded_url": "http://thehill.com/policy/national-security/257579-dems-release-benghazi-transcript-on-eve-of-clintons-testimony", "display_url": "thehill.com/policy/nationa\u2026"}]}, "in_reply_to_screen_name": null, "in_reply_to_user_id": null, "retweet_count": 1, "id_str": "656897986023198720", "favorited": false, "user": {"follow_request_sent": null, "has_extended_profile": true, "profile_use_background_image": false, "default_profile_image": false, "id": 49285444, "profile_background_image_url_https": "https://pbs.twimg.com/profile_background_images/589885930942529537/YiJ6BTjQ.png", "verified": false, "profile_text_color": "333333", "profile_image_url_https": "https://pbs.twimg.com/profile_images/654398949617340417/gwieJdns_normal.jpg", "profile_sidebar_fill_color": "F3F3F3", "entities": {"url": {"urls": [{"url": "https://t.co/mLm1bSLwvL", "indices": [0, 23], "expanded_url": "https://www.facebook.com/groups/1556845357937252/", "display_url": "facebook.com/groups/1556845\u2026"}]}, "description": {"urls": []}}, "followers_count": 1461, "profile_sidebar_border_color": "DFDFDF", "id_str": "49285444", "profile_background_color": "003366", "listed_count": 51, "is_translation_enabled": false, "utc_offset": -18000, "statuses_count": 6637, "description": "#HRC16 #gunsense #equality #womensrights #education #ourtime Working to elect Hillary President!", "friends_count": 1870, "location": "Arkansas, USA", "profile_link_color": "DD2E44", "profile_image_url": "http://pbs.twimg.com/profile_images/654398949617340417/gwieJdns_normal.jpg", "following": null, "geo_enabled": false, "profile_banner_url": "https://pbs.twimg.com/profile_banners/49285444/1441651978", "profile_background_image_url": "http://pbs.twimg.com/profile_background_images/589885930942529537/YiJ6BTjQ.png", "screen_name": "ARForHillary", "lang": "en", "profile_background_tile": false, "favourites_count": 288, "name": "Arkansas For Hillary", "notifications": null, "url": "https://t.co/mLm1bSLwvL", "created_at": "Sun Jun 21 10:23:45 +0000 2009", "contributors_enabled": false, "time_zone": "Central Time (US & Canada)", "protected": false, "default_profile": false, "is_translator": false}, "geo": null, "in_reply_to_user_id_str": null, "possibly_sensitive": false, "lang": "en", "created_at": "Wed Oct 21 18:20:59 +0000 2015", "in_reply_to_status_id_str": null, "place": null, "metadata": {"iso_language_code": "en", "result_type": "recent"}}