{"contributors": null, "truncated": false, "text": "Mother of #Benghazi Victim Erupts at #HillaryClinton : \u2018She\u2019s Lying!\u2019\nhttps://t.co/POCvYiH471", "is_quote_status": false, "in_reply_to_status_id": null, "id": 656899529728512000, "favorite_count": 0, "source": "<a href=\"http://twitter.com\" rel=\"nofollow\">Twitter Web Client</a>", "retweeted": false, "coordinates": null, "entities": {"symbols": [], "user_mentions": [], "hashtags": [{"indices": [10, 19], "text": "Benghazi"}, {"indices": [37, 52], "text": "HillaryClinton"}], "urls": [{"url": "https://t.co/POCvYiH471", "indices": [70, 93], "expanded_url": "https://www.youtube.com/watch?v=9bnTs1lHeKQ", "display_url": "youtube.com/watch?v=9bnTs1\u2026"}]}, "in_reply_to_screen_name": null, "in_reply_to_user_id": null, "retweet_count": 1, "id_str": "656899529728512000", "favorited": false, "user": {"follow_request_sent": null, "has_extended_profile": false, "profile_use_background_image": true, "default_profile_image": false, "id": 3351170015, "profile_background_image_url_https": "https://abs.twimg.com/images/themes/theme1/bg.png", "verified": false, "profile_text_color": "333333", "profile_image_url_https": "https://pbs.twimg.com/profile_images/615622249874239488/War2O2iZ_normal.png", "profile_sidebar_fill_color": "DDEEF6", "entities": {"description": {"urls": []}}, "followers_count": 521, "profile_sidebar_border_color": "C0DEED", "id_str": "3351170015", "profile_background_color": "C0DEED", "listed_count": 10, "is_translation_enabled": false, "utc_offset": -25200, "statuses_count": 2272, "description": "", "friends_count": 889, "location": "", "profile_link_color": "0084B4", "profile_image_url": "http://pbs.twimg.com/profile_images/615622249874239488/War2O2iZ_normal.png", "following": null, "geo_enabled": false, "profile_banner_url": "https://pbs.twimg.com/profile_banners/3351170015/1435611410", "profile_background_image_url": "http://abs.twimg.com/images/themes/theme1/bg.png", "screen_name": "BreakingNews_06", "lang": "tr", "profile_background_tile": false, "favourites_count": 4, "name": "World Breaking News", "notifications": null, "url": null, "created_at": "Mon Jun 29 20:42:09 +0000 2015", "contributors_enabled": false, "time_zone": "Pacific Time (US & Canada)", "protected": false, "default_profile": true, "is_translator": false}, "geo": null, "in_reply_to_user_id_str": null, "possibly_sensitive": false, "lang": "en", "created_at": "Wed Oct 21 18:27:07 +0000 2015", "in_reply_to_status_id_str": null, "place": null, "metadata": {"iso_language_code": "en", "result_type": "recent"}}