{"contributors": null, "truncated": false, "text": "You can polish a turd but its still a turd. Clearly, #BernieSanders won the debate. And ALL AMERICA knows it. Sorry #HillaryClinton", "is_quote_status": false, "in_reply_to_status_id": null, "id": 656898251757481984, "favorite_count": 0, "source": "<a href=\"http://twitter.com\" rel=\"nofollow\">Twitter Web Client</a>", "retweeted": false, "coordinates": null, "entities": {"symbols": [], "user_mentions": [], "hashtags": [{"indices": [53, 67], "text": "BernieSanders"}, {"indices": [116, 131], "text": "HillaryClinton"}], "urls": []}, "in_reply_to_screen_name": null, "in_reply_to_user_id": null, "retweet_count": 0, "id_str": "656898251757481984", "favorited": false, "user": {"follow_request_sent": null, "has_extended_profile": false, "profile_use_background_image": false, "default_profile_image": false, "id": 3194780580, "profile_background_image_url_https": "https://abs.twimg.com/images/themes/theme1/bg.png", "verified": false, "profile_text_color": "000000", "profile_image_url_https": "https://pbs.twimg.com/profile_images/624130587641524224/ZswhaAJh_normal.jpg", "profile_sidebar_fill_color": "000000", "entities": {"url": {"urls": [{"url": "http://t.co/W2NY1zvc4s", "indices": [0, 22], "expanded_url": "http://urwkinrevolt.weebly.com/", "display_url": "urwkinrevolt.weebly.com"}]}, "description": {"urls": []}}, "followers_count": 353, "profile_sidebar_border_color": "000000", "id_str": "3194780580", "profile_background_color": "000000", "listed_count": 3, "is_translation_enabled": false, "utc_offset": null, "statuses_count": 1967, "description": "We have it in our power to begin the world over again. If\u00a0there must be trouble, let it be in my day, so that my child may have peace. - Thomas Paine", "friends_count": 732, "location": " Springs, CO", "profile_link_color": "DD2E44", "profile_image_url": "http://pbs.twimg.com/profile_images/624130587641524224/ZswhaAJh_normal.jpg", "following": null, "geo_enabled": false, "profile_banner_url": "https://pbs.twimg.com/profile_banners/3194780580/1444107466", "profile_background_image_url": "http://abs.twimg.com/images/themes/theme1/bg.png", "screen_name": "Maverick131982", "lang": "en", "profile_background_tile": false, "favourites_count": 1838, "name": "Your Week In Revolt", "notifications": null, "url": "http://t.co/W2NY1zvc4s", "created_at": "Thu May 14 01:49:22 +0000 2015", "contributors_enabled": false, "time_zone": null, "protected": false, "default_profile": false, "is_translator": false}, "geo": null, "in_reply_to_user_id_str": null, "lang": "en", "created_at": "Wed Oct 21 18:22:02 +0000 2015", "in_reply_to_status_id_str": null, "place": null, "metadata": {"iso_language_code": "en", "result_type": "recent"}}