{"contributors": null, "truncated": false, "text": "Before y'all vote for Hillary you better do some digging first. #hillaryclinton #presidential2016\u2026 https://t.co/sLgq4Tqifp", "is_quote_status": false, "in_reply_to_status_id": null, "id": 656899183736193025, "favorite_count": 0, "source": "<a href=\"http://instagram.com\" rel=\"nofollow\">Instagram</a>", "retweeted": false, "coordinates": null, "entities": {"symbols": [], "user_mentions": [], "hashtags": [{"indices": [64, 79], "text": "hillaryclinton"}, {"indices": [80, 97], "text": "presidential2016"}], "urls": [{"url": "https://t.co/sLgq4Tqifp", "indices": [99, 122], "expanded_url": "https://instagram.com/p/9HBBuEvUx_/", "display_url": "instagram.com/p/9HBBuEvUx_/"}]}, "in_reply_to_screen_name": null, "in_reply_to_user_id": null, "retweet_count": 0, "id_str": "656899183736193025", "favorited": false, "user": {"follow_request_sent": null, "has_extended_profile": false, "profile_use_background_image": true, "default_profile_image": false, "id": 789843812, "profile_background_image_url_https": "https://pbs.twimg.com/profile_background_images/527873152760561664/8zjK0hpe.jpeg", "verified": false, "profile_text_color": "333333", "profile_image_url_https": "https://pbs.twimg.com/profile_images/630223500377092096/4D3uWIqP_normal.jpg", "profile_sidebar_fill_color": "DDEEF6", "entities": {"description": {"urls": []}}, "followers_count": 554, "profile_sidebar_border_color": "000000", "id_str": "789843812", "profile_background_color": "C0DEED", "listed_count": 2, "is_translation_enabled": false, "utc_offset": null, "statuses_count": 2081, "description": "A woman can do anything a man can do except the thing that degrades her. Min. Louis Farrakhan              Snapchat: Hurricane_Tahs     Instagram:hurricane_t_", "friends_count": 832, "location": "Charlotte, NC, USA ", "profile_link_color": "321399", "profile_image_url": "http://pbs.twimg.com/profile_images/630223500377092096/4D3uWIqP_normal.jpg", "following": null, "geo_enabled": false, "profile_background_image_url": "http://pbs.twimg.com/profile_background_images/527873152760561664/8zjK0hpe.jpeg", "screen_name": "TahsiynSafiyyah", "lang": "en", "profile_background_tile": true, "favourites_count": 6494, "name": "Tahsi", "notifications": null, "url": null, "created_at": "Wed Aug 29 18:00:22 +0000 2012", "contributors_enabled": false, "time_zone": null, "protected": false, "default_profile": false, "is_translator": false}, "geo": null, "in_reply_to_user_id_str": null, "possibly_sensitive": false, "lang": "en", "created_at": "Wed Oct 21 18:25:44 +0000 2015", "in_reply_to_status_id_str": null, "place": null, "metadata": {"iso_language_code": "en", "result_type": "recent"}}