{"contributors": null, "truncated": false, "text": "RT @limitlesslaura: Great Read: Clinton isn't the one on the defensive in the #Benghazi hearings https://t.co/xSz5CRpV9J #ImWithHer", "is_quote_status": false, "in_reply_to_status_id": null, "id": 656899696913444864, "favorite_count": 0, "source": "<a href=\"http://twitter.com\" rel=\"nofollow\">Twitter Web Client</a>", "retweeted": false, "coordinates": null, "entities": {"symbols": [], "user_mentions": [{"id": 15851250, "indices": [3, 18], "id_str": "15851250", "screen_name": "limitlesslaura", "name": "\u2600 \u00bb Laura Morris \u00ab \u2600"}], "hashtags": [{"indices": [78, 87], "text": "Benghazi"}, {"indices": [121, 131], "text": "ImWithHer"}], "urls": [{"url": "https://t.co/xSz5CRpV9J", "indices": [97, 120], "expanded_url": "http://fw.to/sayBiMU", "display_url": "fw.to/sayBiMU"}]}, "in_reply_to_screen_name": null, "in_reply_to_user_id": null, "retweet_count": 1, "id_str": "656899696913444864", "favorited": false, "retweeted_status": {"contributors": null, "truncated": false, "text": "Great Read: Clinton isn't the one on the defensive in the #Benghazi hearings https://t.co/xSz5CRpV9J #ImWithHer", "is_quote_status": false, "in_reply_to_status_id": null, "id": 656898917536239616, "favorite_count": 0, "source": "<a href=\"http://twitter.com/download/android\" rel=\"nofollow\">Twitter for Android</a>", "retweeted": false, "coordinates": null, "entities": {"symbols": [], "user_mentions": [], "hashtags": [{"indices": [58, 67], "text": "Benghazi"}, {"indices": [101, 111], "text": "ImWithHer"}], "urls": [{"url": "https://t.co/xSz5CRpV9J", "indices": [77, 100], "expanded_url": "http://fw.to/sayBiMU", "display_url": "fw.to/sayBiMU"}]}, "in_reply_to_screen_name": null, "in_reply_to_user_id": null, "retweet_count": 1, "id_str": "656898917536239616", "favorited": false, "user": {"follow_request_sent": null, "has_extended_profile": false, "profile_use_background_image": true, "default_profile_image": false, "id": 15851250, "profile_background_image_url_https": "https://abs.twimg.com/images/themes/theme18/bg.gif", "verified": false, "profile_text_color": "333333", "profile_image_url_https": "https://pbs.twimg.com/profile_images/594300565326147584/Tnl5RSTK_normal.jpg", "profile_sidebar_fill_color": "F6F6F6", "entities": {"url": {"urls": [{"url": "https://t.co/PP5qZEzuJJ", "indices": [0, 23], "expanded_url": "http://facebook.com/chronicallypositive", "display_url": "facebook.com/chronicallypos\u2026"}]}, "description": {"urls": []}}, "followers_count": 15907, "profile_sidebar_border_color": "FFFFFF", "id_str": "15851250", "profile_background_color": "FAFAFA", "listed_count": 257, "is_translation_enabled": false, "utc_offset": -21600, "statuses_count": 20540, "description": "Mom to @Zoe_the_Pug #Fibrofighter #Spoonie Grateful 4 Life, My Sweet Spouse & Fam Learning to Laugh More #Hillary2016 #LGBT issues #MentalHealth \n #Survivor fan", "friends_count": 15269, "location": "", "profile_link_color": "9266CC", "profile_image_url": "http://pbs.twimg.com/profile_images/594300565326147584/Tnl5RSTK_normal.jpg", "following": null, "geo_enabled": false, "profile_banner_url": "https://pbs.twimg.com/profile_banners/15851250/1430525279", "profile_background_image_url": "http://abs.twimg.com/images/themes/theme18/bg.gif", "screen_name": "limitlesslaura", "lang": "en", "profile_background_tile": true, "favourites_count": 3517, "name": "\u2600 \u00bb Laura Morris \u00ab \u2600", "notifications": null, "url": "https://t.co/PP5qZEzuJJ", "created_at": "Thu Aug 14 15:04:46 +0000 2008", "contributors_enabled": false, "time_zone": "Mountain Time (US & Canada)", "protected": false, "default_profile": false, "is_translator": false}, "geo": null, "in_reply_to_user_id_str": null, "possibly_sensitive": false, "lang": "en", "created_at": "Wed Oct 21 18:24:41 +0000 2015", "in_reply_to_status_id_str": null, "place": null, "metadata": {"iso_language_code": "en", "result_type": "recent"}}, "user": {"follow_request_sent": null, "has_extended_profile": false, "profile_use_background_image": false, "default_profile_image": false, "id": 130749583, "profile_background_image_url_https": "https://abs.twimg.com/images/themes/theme10/bg.gif", "verified": false, "profile_text_color": "333333", "profile_image_url_https": "https://pbs.twimg.com/profile_images/654630283476627456/ogr57wvn_normal.jpg", "profile_sidebar_fill_color": "EFEFEF", "entities": {"url": {"urls": [{"url": "http://t.co/8umCTS7B1p", "indices": [0, 22], "expanded_url": "http://www.proventusproject.com/", "display_url": "proventusproject.com"}]}, "description": {"urls": []}}, "followers_count": 1092, "profile_sidebar_border_color": "FFFFFF", "id_str": "130749583", "profile_background_color": "642D8B", "listed_count": 72, "is_translation_enabled": false, "utc_offset": 3600, "statuses_count": 4969, "description": "By bringing people together we may become part of a solution.", "friends_count": 996, "location": "London", "profile_link_color": "9266CC", "profile_image_url": "http://pbs.twimg.com/profile_images/654630283476627456/ogr57wvn_normal.jpg", "following": null, "geo_enabled": true, "profile_banner_url": "https://pbs.twimg.com/profile_banners/130749583/1396628367", "profile_background_image_url": "http://abs.twimg.com/images/themes/theme10/bg.gif", "screen_name": "Provpeter", "lang": "en", "profile_background_tile": true, "favourites_count": 203, "name": "Provpeter", "notifications": null, "url": "http://t.co/8umCTS7B1p", "created_at": "Thu Apr 08 05:38:08 +0000 2010", "contributors_enabled": false, "time_zone": "London", "protected": false, "default_profile": false, "is_translator": false}, "geo": null, "in_reply_to_user_id_str": null, "possibly_sensitive": true, "lang": "en", "created_at": "Wed Oct 21 18:27:47 +0000 2015", "in_reply_to_status_id_str": null, "place": null, "metadata": {"iso_language_code": "en", "result_type": "recent"}}