{"contributors": null, "truncated": false, "text": "RT @Mirage_Intl: #UnapologeticTruth #BernieSanders #HillaryClinton #Obama http://t.co/RCwxndkHOC", "is_quote_status": false, "in_reply_to_status_id": null, "id": 656897536037396480, "favorite_count": 0, "source": "<a href=\"http://twitter.com/download/android\" rel=\"nofollow\">Twitter for Android</a>", "retweeted": false, "coordinates": null, "entities": {"symbols": [], "user_mentions": [{"id": 2904489946, "indices": [3, 15], "id_str": "2904489946", "screen_name": "Mirage_Intl", "name": "MIRAGE INTERNATIONAL"}], "hashtags": [{"indices": [17, 35], "text": "UnapologeticTruth"}, {"indices": [36, 50], "text": "BernieSanders"}, {"indices": [51, 66], "text": "HillaryClinton"}, {"indices": [67, 73], "text": "Obama"}], "urls": [], "media": [{"source_user_id": 2904489946, "source_status_id_str": "655549881214349313", "expanded_url": "http://twitter.com/Mirage_Intl/status/655549881214349313/photo/1", "display_url": "pic.twitter.com/RCwxndkHOC", "url": "http://t.co/RCwxndkHOC", "media_url_https": "https://pbs.twimg.com/media/CRj7Is-UwAAMXYr.jpg", "source_user_id_str": "2904489946", "source_status_id": 655549881214349313, "id_str": "655549872712499200", "sizes": {"large": {"h": 738, "resize": "fit", "w": 1024}, "small": {"h": 245, "resize": "fit", "w": 340}, "medium": {"h": 432, "resize": "fit", "w": 600}, "thumb": {"h": 150, "resize": "crop", "w": 150}}, "indices": [74, 96], "type": "photo", "id": 655549872712499200, "media_url": "http://pbs.twimg.com/media/CRj7Is-UwAAMXYr.jpg"}]}, "in_reply_to_screen_name": null, "in_reply_to_user_id": null, "retweet_count": 11, "id_str": "656897536037396480", "favorited": false, "retweeted_status": {"contributors": null, "truncated": false, "text": "#UnapologeticTruth #BernieSanders #HillaryClinton #Obama http://t.co/RCwxndkHOC", "is_quote_status": false, "in_reply_to_status_id": null, "id": 655549881214349313, "favorite_count": 2, "source": "<a href=\"http://twitter.com/download/android\" rel=\"nofollow\">Twitter for Android</a>", "retweeted": false, "coordinates": null, "entities": {"symbols": [], "user_mentions": [], "hashtags": [{"indices": [0, 18], "text": "UnapologeticTruth"}, {"indices": [19, 33], "text": "BernieSanders"}, {"indices": [34, 49], "text": "HillaryClinton"}, {"indices": [50, 56], "text": "Obama"}], "urls": [], "media": [{"expanded_url": "http://twitter.com/Mirage_Intl/status/655549881214349313/photo/1", "display_url": "pic.twitter.com/RCwxndkHOC", "url": "http://t.co/RCwxndkHOC", "media_url_https": "https://pbs.twimg.com/media/CRj7Is-UwAAMXYr.jpg", "id_str": "655549872712499200", "sizes": {"large": {"h": 738, "resize": "fit", "w": 1024}, "small": {"h": 245, "resize": "fit", "w": 340}, "medium": {"h": 432, "resize": "fit", "w": 600}, "thumb": {"h": 150, "resize": "crop", "w": 150}}, "indices": [57, 79], "type": "photo", "id": 655549872712499200, "media_url": "http://pbs.twimg.com/media/CRj7Is-UwAAMXYr.jpg"}]}, "in_reply_to_screen_name": null, "in_reply_to_user_id": null, "retweet_count": 11, "id_str": "655549881214349313", "favorited": false, "user": {"follow_request_sent": null, "has_extended_profile": false, "profile_use_background_image": true, "default_profile_image": false, "id": 2904489946, "profile_background_image_url_https": "https://abs.twimg.com/images/themes/theme1/bg.png", "verified": false, "profile_text_color": "333333", "profile_image_url_https": "https://pbs.twimg.com/profile_images/540290989873963008/7O65GfrT_normal.jpeg", "profile_sidebar_fill_color": "DDEEF6", "entities": {"description": {"urls": []}}, "followers_count": 208, "profile_sidebar_border_color": "C0DEED", "id_str": "2904489946", "profile_background_color": "C0DEED", "listed_count": 1, "is_translation_enabled": false, "utc_offset": null, "statuses_count": 413, "description": "The Best Way To Predict The Future Is To Create it. \n#UnapologeticTruth", "friends_count": 665, "location": "United States", "profile_link_color": "0084B4", "profile_image_url": "http://pbs.twimg.com/profile_images/540290989873963008/7O65GfrT_normal.jpeg", "following": null, "geo_enabled": false, "profile_banner_url": "https://pbs.twimg.com/profile_banners/2904489946/1417650385", "profile_background_image_url": "http://abs.twimg.com/images/themes/theme1/bg.png", "screen_name": "Mirage_Intl", "lang": "en", "profile_background_tile": false, "favourites_count": 207, "name": "MIRAGE INTERNATIONAL", "notifications": null, "url": null, "created_at": "Wed Dec 03 23:40:35 +0000 2014", "contributors_enabled": false, "time_zone": null, "protected": false, "default_profile": true, "is_translator": false}, "geo": null, "in_reply_to_user_id_str": null, "possibly_sensitive": false, "lang": "und", "created_at": "Sun Oct 18 01:04:05 +0000 2015", "in_reply_to_status_id_str": null, "place": null, "metadata": {"iso_language_code": "und", "result_type": "recent"}}, "user": {"follow_request_sent": null, "has_extended_profile": false, "profile_use_background_image": true, "default_profile_image": false, "id": 2220654309, "profile_background_image_url_https": "https://abs.twimg.com/images/themes/theme1/bg.png", "verified": false, "profile_text_color": "333333", "profile_image_url_https": "https://pbs.twimg.com/profile_images/643221759341260802/9UJODwhX_normal.jpg", "profile_sidebar_fill_color": "DDEEF6", "entities": {"description": {"urls": []}}, "followers_count": 301, "profile_sidebar_border_color": "C0DEED", "id_str": "2220654309", "profile_background_color": "C0DEED", "listed_count": 3, "is_translation_enabled": false, "utc_offset": null, "statuses_count": 9328, "description": "Turn away from evil and do good, search for peace, and work to maintain it. -Proverbs 34:14", "friends_count": 288, "location": "", "profile_link_color": "0084B4", "profile_image_url": "http://pbs.twimg.com/profile_images/643221759341260802/9UJODwhX_normal.jpg", "following": null, "geo_enabled": true, "profile_banner_url": "https://pbs.twimg.com/profile_banners/2220654309/1429397275", "profile_background_image_url": "http://abs.twimg.com/images/themes/theme1/bg.png", "screen_name": "mattferri15", "lang": "en", "profile_background_tile": false, "favourites_count": 1599, "name": "matthew_ferri", "notifications": null, "url": null, "created_at": "Thu Dec 12 02:06:45 +0000 2013", "contributors_enabled": false, "time_zone": null, "protected": false, "default_profile": true, "is_translator": false}, "geo": null, "in_reply_to_user_id_str": null, "possibly_sensitive": false, "lang": "und", "created_at": "Wed Oct 21 18:19:11 +0000 2015", "in_reply_to_status_id_str": null, "place": null, "metadata": {"iso_language_code": "und", "result_type": "recent"}}