{"contributors": null, "truncated": false, "text": "RT @CCN_Updates: Both #HillaryClinton and #BernieSanders Call For #EdwardSnowden To Stand Trial \nhttps://t.co/7ieVyfCS4n https://t.co/5ZqjW\u2026", "is_quote_status": false, "in_reply_to_status_id": null, "id": 656898829208408064, "favorite_count": 0, "source": "<a href=\"http://twitter.com\" rel=\"nofollow\">Twitter Web Client</a>", "retweeted": false, "coordinates": null, "entities": {"symbols": [], "user_mentions": [{"id": 2349529394, "indices": [3, 15], "id_str": "2349529394", "screen_name": "CCN_Updates", "name": "Counter Current News"}], "hashtags": [{"indices": [22, 37], "text": "HillaryClinton"}, {"indices": [42, 56], "text": "BernieSanders"}, {"indices": [66, 80], "text": "EdwardSnowden"}], "urls": [{"url": "https://t.co/7ieVyfCS4n", "indices": [97, 120], "expanded_url": "http://ht.ly/TFR7Q", "display_url": "ht.ly/TFR7Q"}], "media": [{"source_user_id": 2349529394, "source_status_id_str": "656841173898760192", "expanded_url": "http://twitter.com/CCN_Updates/status/656841173898760192/photo/1", "display_url": "pic.twitter.com/5ZqjWjXakc", "url": "https://t.co/5ZqjWjXakc", "media_url_https": "https://pbs.twimg.com/media/CR2RkT2WoAAhKqJ.jpg", "source_user_id_str": "2349529394", "source_status_id": 656841173898760192, "id_str": "656841173655527424", "sizes": {"large": {"h": 578, "resize": "fit", "w": 1024}, "small": {"h": 191, "resize": "fit", "w": 340}, "medium": {"h": 338, "resize": "fit", "w": 600}, "thumb": {"h": 150, "resize": "crop", "w": 150}}, "indices": [121, 140], "type": "photo", "id": 656841173655527424, "media_url": "http://pbs.twimg.com/media/CR2RkT2WoAAhKqJ.jpg"}]}, "in_reply_to_screen_name": null, "in_reply_to_user_id": null, "retweet_count": 3, "id_str": "656898829208408064", "favorited": false, "retweeted_status": {"contributors": null, "truncated": false, "text": "Both #HillaryClinton and #BernieSanders Call For #EdwardSnowden To Stand Trial \nhttps://t.co/7ieVyfCS4n https://t.co/5ZqjWjXakc", "is_quote_status": false, "in_reply_to_status_id": null, "id": 656841173898760192, "favorite_count": 2, "source": "<a href=\"http://www.hootsuite.com\" rel=\"nofollow\">Hootsuite</a>", "retweeted": false, "coordinates": null, "entities": {"symbols": [], "user_mentions": [], "hashtags": [{"indices": [5, 20], "text": "HillaryClinton"}, {"indices": [25, 39], "text": "BernieSanders"}, {"indices": [49, 63], "text": "EdwardSnowden"}], "urls": [{"url": "https://t.co/7ieVyfCS4n", "indices": [80, 103], "expanded_url": "http://ht.ly/TFR7Q", "display_url": "ht.ly/TFR7Q"}], "media": [{"expanded_url": "http://twitter.com/CCN_Updates/status/656841173898760192/photo/1", "display_url": "pic.twitter.com/5ZqjWjXakc", "url": "https://t.co/5ZqjWjXakc", "media_url_https": "https://pbs.twimg.com/media/CR2RkT2WoAAhKqJ.jpg", "id_str": "656841173655527424", "sizes": {"large": {"h": 578, "resize": "fit", "w": 1024}, "small": {"h": 191, "resize": "fit", "w": 340}, "medium": {"h": 338, "resize": "fit", "w": 600}, "thumb": {"h": 150, "resize": "crop", "w": 150}}, "indices": [104, 127], "type": "photo", "id": 656841173655527424, "media_url": "http://pbs.twimg.com/media/CR2RkT2WoAAhKqJ.jpg"}]}, "in_reply_to_screen_name": null, "in_reply_to_user_id": null, "retweet_count": 3, "id_str": "656841173898760192", "favorited": false, "user": {"follow_request_sent": null, "has_extended_profile": false, "profile_use_background_image": true, "default_profile_image": false, "id": 2349529394, "profile_background_image_url_https": "https://abs.twimg.com/images/themes/theme1/bg.png", "verified": false, "profile_text_color": "333333", "profile_image_url_https": "https://pbs.twimg.com/profile_images/442850214148194304/SlO4duc9_normal.png", "profile_sidebar_fill_color": "DDEEF6", "entities": {"url": {"urls": [{"url": "http://t.co/pWI2zda1Lp", "indices": [0, 22], "expanded_url": "http://www.countercurrentnews.com", "display_url": "countercurrentnews.com"}]}, "description": {"urls": []}}, "followers_count": 5182, "profile_sidebar_border_color": "C0DEED", "id_str": "2349529394", "profile_background_color": "C0DEED", "listed_count": 150, "is_translation_enabled": false, "utc_offset": null, "statuses_count": 7254, "description": "Your source for all the news that the mainstream media can't get away with!", "friends_count": 951, "location": "", "profile_link_color": "0084B4", "profile_image_url": "http://pbs.twimg.com/profile_images/442850214148194304/SlO4duc9_normal.png", "following": null, "geo_enabled": false, "profile_banner_url": "https://pbs.twimg.com/profile_banners/2349529394/1394418720", "profile_background_image_url": "http://abs.twimg.com/images/themes/theme1/bg.png", "screen_name": "CCN_Updates", "lang": "en", "profile_background_tile": false, "favourites_count": 144, "name": "Counter Current News", "notifications": null, "url": "http://t.co/pWI2zda1Lp", "created_at": "Tue Feb 18 04:19:49 +0000 2014", "contributors_enabled": false, "time_zone": null, "protected": false, "default_profile": true, "is_translator": false}, "geo": null, "in_reply_to_user_id_str": null, "possibly_sensitive": false, "lang": "en", "created_at": "Wed Oct 21 14:35:14 +0000 2015", "in_reply_to_status_id_str": null, "place": null, "metadata": {"iso_language_code": "en", "result_type": "recent"}}, "user": {"follow_request_sent": null, "has_extended_profile": false, "profile_use_background_image": true, "default_profile_image": false, "id": 211345057, "profile_background_image_url_https": "https://pbs.twimg.com/profile_background_images/584077715323559938/vmZoXvG0.jpg", "verified": false, "profile_text_color": "3D1957", "profile_image_url_https": "https://pbs.twimg.com/profile_images/575440735173935104/MJtgMOp1_normal.jpeg", "profile_sidebar_fill_color": "7AC3EE", "entities": {"description": {"urls": []}}, "followers_count": 6362, "profile_sidebar_border_color": "000000", "id_str": "211345057", "profile_background_color": "0099B9", "listed_count": 230, "is_translation_enabled": false, "utc_offset": -14400, "statuses_count": 175058, "description": "Independent  reality based #wildlife #animalrights      Save Mother Earth", "friends_count": 5630, "location": "", "profile_link_color": "0099B9", "profile_image_url": "http://pbs.twimg.com/profile_images/575440735173935104/MJtgMOp1_normal.jpeg", "following": null, "geo_enabled": false, "profile_banner_url": "https://pbs.twimg.com/profile_banners/211345057/1443479297", "profile_background_image_url": "http://pbs.twimg.com/profile_background_images/584077715323559938/vmZoXvG0.jpg", "screen_name": "sasha031", "lang": "en", "profile_background_tile": true, "favourites_count": 22327, "name": "Sasha", "notifications": null, "url": null, "created_at": "Wed Nov 03 00:26:55 +0000 2010", "contributors_enabled": false, "time_zone": "Eastern Time (US & Canada)", "protected": false, "default_profile": false, "is_translator": false}, "geo": null, "in_reply_to_user_id_str": null, "possibly_sensitive": false, "lang": "en", "created_at": "Wed Oct 21 18:24:20 +0000 2015", "in_reply_to_status_id_str": null, "place": null, "metadata": {"iso_language_code": "en", "result_type": "recent"}}