{"contributors": null, "truncated": false, "text": "@realDonaldTrump a loser's way to see it. It is not because you're better than #HillaryClinton but because \"she has the worst record.\"", "is_quote_status": false, "in_reply_to_status_id": 656883793354182657, "id": 656899493334388736, "favorite_count": 1, "source": "<a href=\"http://twitter.com/#!/download/ipad\" rel=\"nofollow\">Twitter for iPad</a>", "retweeted": false, "coordinates": null, "entities": {"symbols": [], "user_mentions": [{"id": 25073877, "indices": [0, 16], "id_str": "25073877", "screen_name": "realDonaldTrump", "name": "Donald J. Trump"}], "hashtags": [{"indices": [79, 94], "text": "HillaryClinton"}], "urls": []}, "in_reply_to_screen_name": "realDonaldTrump", "in_reply_to_user_id": 25073877, "retweet_count": 0, "id_str": "656899493334388736", "favorited": false, "user": {"follow_request_sent": null, "has_extended_profile": false, "profile_use_background_image": true, "default_profile_image": false, "id": 3550628906, "profile_background_image_url_https": "https://abs.twimg.com/images/themes/theme1/bg.png", "verified": false, "profile_text_color": "333333", "profile_image_url_https": "https://pbs.twimg.com/profile_images/650426344564658177/Z8DzIe83_normal.jpg", "profile_sidebar_fill_color": "DDEEF6", "entities": {"description": {"urls": []}}, "followers_count": 12, "profile_sidebar_border_color": "C0DEED", "id_str": "3550628906", "profile_background_color": "C0DEED", "listed_count": 0, "is_translation_enabled": false, "utc_offset": null, "statuses_count": 58, "description": "", "friends_count": 25, "location": "", "profile_link_color": "0084B4", "profile_image_url": "http://pbs.twimg.com/profile_images/650426344564658177/Z8DzIe83_normal.jpg", "following": null, "geo_enabled": false, "profile_banner_url": "https://pbs.twimg.com/profile_banners/3550628906/1444096365", "profile_background_image_url": "http://abs.twimg.com/images/themes/theme1/bg.png", "screen_name": "rupetbrooks", "lang": "en", "profile_background_tile": false, "favourites_count": 10, "name": "Rupert Brooke", "notifications": null, "url": null, "created_at": "Sun Sep 13 15:47:47 +0000 2015", "contributors_enabled": false, "time_zone": null, "protected": false, "default_profile": true, "is_translator": false}, "geo": null, "in_reply_to_user_id_str": "25073877", "lang": "en", "created_at": "Wed Oct 21 18:26:58 +0000 2015", "in_reply_to_status_id_str": "656883793354182657", "place": null, "metadata": {"iso_language_code": "en", "result_type": "recent"}}