{"contributors": null, "truncated": false, "text": "RT @HillaryIn2016: Now all we have to do is wait for the polls to no longer include Joe Biden &amp; see Hillary Clinton's numbers shoot up even\u2026", "is_quote_status": false, "in_reply_to_status_id": null, "id": 656898480707780609, "favorite_count": 0, "source": "<a href=\"http://twitter.com\" rel=\"nofollow\">Twitter Web Client</a>", "retweeted": false, "coordinates": null, "entities": {"symbols": [], "user_mentions": [{"id": 285097277, "indices": [3, 17], "id_str": "285097277", "screen_name": "HillaryIn2016", "name": "Hillary Clinton 2016"}], "hashtags": [{"indices": [143, 144], "text": "Hillary2016"}], "urls": []}, "in_reply_to_screen_name": null, "in_reply_to_user_id": null, "retweet_count": 4, "id_str": "656898480707780609", "favorited": false, "retweeted_status": {"contributors": null, "truncated": false, "text": "Now all we have to do is wait for the polls to no longer include Joe Biden &amp; see Hillary Clinton's numbers shoot up even more! #Hillary2016", "is_quote_status": false, "in_reply_to_status_id": null, "id": 656871873511186432, "favorite_count": 6, "source": "<a href=\"http://twitter.com\" rel=\"nofollow\">Twitter Web Client</a>", "retweeted": false, "coordinates": null, "entities": {"symbols": [], "user_mentions": [], "hashtags": [{"indices": [131, 143], "text": "Hillary2016"}], "urls": []}, "in_reply_to_screen_name": null, "in_reply_to_user_id": null, "retweet_count": 4, "id_str": "656871873511186432", "favorited": false, "user": {"follow_request_sent": null, "has_extended_profile": false, "profile_use_background_image": true, "default_profile_image": false, "id": 285097277, "profile_background_image_url_https": "https://pbs.twimg.com/profile_background_images/530272081171079169/_YN4WgFk.jpeg", "verified": false, "profile_text_color": "333333", "profile_image_url_https": "https://pbs.twimg.com/profile_images/640080321552105472/X8vfgDYy_normal.jpg", "profile_sidebar_fill_color": "DDEEF6", "entities": {"url": {"urls": [{"url": "http://t.co/MK2PgpqoQ8", "indices": [0, 22], "expanded_url": "http://hillaryin2016.blogspot.com", "display_url": "hillaryin2016.blogspot.com"}]}, "description": {"urls": [{"url": "https://t.co/atRl3QCWXD", "indices": [96, 119], "expanded_url": "https://instagram.com/hillaryin2016/", "display_url": "instagram.com/hillaryin2016/"}]}}, "followers_count": 2354, "profile_sidebar_border_color": "FFFFFF", "id_str": "285097277", "profile_background_color": "BDBDBD", "listed_count": 62, "is_translation_enabled": false, "utc_offset": -25200, "statuses_count": 14526, "description": "Hillary is Running for President! / #HillaryForAmerica / Follow Me @TheJeffDodge & on Instagram https://t.co/atRl3QCWXD / Not Affiliated w/ Hillary", "friends_count": 1053, "location": "USA", "profile_link_color": "0099B9", "profile_image_url": "http://pbs.twimg.com/profile_images/640080321552105472/X8vfgDYy_normal.jpg", "following": null, "geo_enabled": true, "profile_banner_url": "https://pbs.twimg.com/profile_banners/285097277/1441442058", "profile_background_image_url": "http://pbs.twimg.com/profile_background_images/530272081171079169/_YN4WgFk.jpeg", "screen_name": "HillaryIn2016", "lang": "en", "profile_background_tile": true, "favourites_count": 145, "name": "Hillary Clinton 2016", "notifications": null, "url": "http://t.co/MK2PgpqoQ8", "created_at": "Wed Apr 20 14:35:22 +0000 2011", "contributors_enabled": false, "time_zone": "Pacific Time (US & Canada)", "protected": false, "default_profile": false, "is_translator": false}, "geo": null, "in_reply_to_user_id_str": null, "lang": "en", "created_at": "Wed Oct 21 16:37:13 +0000 2015", "in_reply_to_status_id_str": null, "place": null, "metadata": {"iso_language_code": "en", "result_type": "recent"}}, "user": {"follow_request_sent": null, "has_extended_profile": false, "profile_use_background_image": true, "default_profile_image": false, "id": 48599448, "profile_background_image_url_https": "https://pbs.twimg.com/profile_background_images/623309521558093824/IXIkxZ5z.jpg", "verified": false, "profile_text_color": "FFFFFF", "profile_image_url_https": "https://pbs.twimg.com/profile_images/605227032855781376/fy5fmF3b_normal.png", "profile_sidebar_fill_color": "161721", "entities": {"url": {"urls": [{"url": "http://t.co/eSqsUGB9Up", "indices": [0, 22], "expanded_url": "http://adamlambertStorm.com", "display_url": "adamlambertStorm.com"}]}, "description": {"urls": []}}, "followers_count": 3302, "profile_sidebar_border_color": "000000", "id_str": "48599448", "profile_background_color": "131516", "listed_count": 125, "is_translation_enabled": false, "utc_offset": -14400, "statuses_count": 80250, "description": "I Think, I Feel, I Am!. Adam Lambert is My Music Passion & Human Rights For All Is What I Stand For! I am Not Afraid To Have An Opinion and To Express it!", "friends_count": 2860, "location": "New York City", "profile_link_color": "9266CC", "profile_image_url": "http://pbs.twimg.com/profile_images/605227032855781376/fy5fmF3b_normal.png", "following": null, "geo_enabled": true, "profile_banner_url": "https://pbs.twimg.com/profile_banners/48599448/1437441078", "profile_background_image_url": "http://pbs.twimg.com/profile_background_images/623309521558093824/IXIkxZ5z.jpg", "screen_name": "barbls23", "lang": "en", "profile_background_tile": true, "favourites_count": 15561, "name": "Barbara", "notifications": null, "url": "http://t.co/eSqsUGB9Up", "created_at": "Fri Jun 19 03:45:41 +0000 2009", "contributors_enabled": false, "time_zone": "Eastern Time (US & Canada)", "protected": false, "default_profile": false, "is_translator": false}, "geo": null, "in_reply_to_user_id_str": null, "lang": "en", "created_at": "Wed Oct 21 18:22:57 +0000 2015", "in_reply_to_status_id_str": null, "place": null, "metadata": {"iso_language_code": "en", "result_type": "recent"}}