{"contributors": null, "truncated": false, "text": "RT @wtfnewsamerica: #HillaryClinton reacts to #JoeBiden announcement not to run for #POTUS #Hillary2016 #HillNo #DNC #Bernie2016 #RNC https\u2026", "is_quote_status": false, "in_reply_to_status_id": null, "id": 656899708099493888, "favorite_count": 0, "source": "<a href=\"http://twitter.com\" rel=\"nofollow\">Twitter Web Client</a>", "retweeted": false, "coordinates": null, "entities": {"symbols": [], "user_mentions": [{"id": 3427200023, "indices": [3, 18], "id_str": "3427200023", "screen_name": "wtfnewsamerica", "name": "wtfnews"}], "hashtags": [{"indices": [20, 35], "text": "HillaryClinton"}, {"indices": [46, 55], "text": "JoeBiden"}, {"indices": [84, 90], "text": "POTUS"}, {"indices": [91, 103], "text": "Hillary2016"}, {"indices": [104, 111], "text": "HillNo"}, {"indices": [112, 116], "text": "DNC"}, {"indices": [117, 128], "text": "Bernie2016"}, {"indices": [129, 133], "text": "RNC"}], "urls": [], "media": [{"source_user_id": 3427200023, "source_status_id_str": "656895099008217088", "expanded_url": "http://twitter.com/wtfnewsamerica/status/656895099008217088/photo/1", "display_url": "pic.twitter.com/3MPGrbkUCP", "url": "https://t.co/3MPGrbkUCP", "media_url_https": "https://pbs.twimg.com/media/CR3CnH2UYAAhAwO.jpg", "source_user_id_str": "3427200023", "source_status_id": 656895099008217088, "id_str": "656895098043523072", "sizes": {"small": {"h": 223, "resize": "fit", "w": 340}, "large": {"h": 399, "resize": "fit", "w": 606}, "medium": {"h": 395, "resize": "fit", "w": 600}, "thumb": {"h": 150, "resize": "crop", "w": 150}}, "indices": [139, 140], "type": "photo", "id": 656895098043523072, "media_url": "http://pbs.twimg.com/media/CR3CnH2UYAAhAwO.jpg"}]}, "in_reply_to_screen_name": null, "in_reply_to_user_id": null, "retweet_count": 3, "id_str": "656899708099493888", "favorited": false, "retweeted_status": {"contributors": null, "truncated": false, "text": "#HillaryClinton reacts to #JoeBiden announcement not to run for #POTUS #Hillary2016 #HillNo #DNC #Bernie2016 #RNC https://t.co/3MPGrbkUCP", "is_quote_status": false, "in_reply_to_status_id": null, "id": 656895099008217088, "favorite_count": 3, "source": "<a href=\"http://twitter.com\" rel=\"nofollow\">Twitter Web Client</a>", "retweeted": false, "coordinates": null, "entities": {"symbols": [], "user_mentions": [], "hashtags": [{"indices": [0, 15], "text": "HillaryClinton"}, {"indices": [26, 35], "text": "JoeBiden"}, {"indices": [64, 70], "text": "POTUS"}, {"indices": [71, 83], "text": "Hillary2016"}, {"indices": [84, 91], "text": "HillNo"}, {"indices": [92, 96], "text": "DNC"}, {"indices": [97, 108], "text": "Bernie2016"}, {"indices": [109, 113], "text": "RNC"}], "urls": [], "media": [{"expanded_url": "http://twitter.com/wtfnewsamerica/status/656895099008217088/photo/1", "display_url": "pic.twitter.com/3MPGrbkUCP", "url": "https://t.co/3MPGrbkUCP", "media_url_https": "https://pbs.twimg.com/media/CR3CnH2UYAAhAwO.jpg", "id_str": "656895098043523072", "sizes": {"small": {"h": 223, "resize": "fit", "w": 340}, "large": {"h": 399, "resize": "fit", "w": 606}, "medium": {"h": 395, "resize": "fit", "w": 600}, "thumb": {"h": 150, "resize": "crop", "w": 150}}, "indices": [114, 137], "type": "photo", "id": 656895098043523072, "media_url": "http://pbs.twimg.com/media/CR3CnH2UYAAhAwO.jpg"}]}, "in_reply_to_screen_name": null, "in_reply_to_user_id": null, "retweet_count": 3, "id_str": "656895099008217088", "favorited": false, "user": {"follow_request_sent": null, "has_extended_profile": false, "profile_use_background_image": true, "default_profile_image": false, "id": 3427200023, "profile_background_image_url_https": "https://abs.twimg.com/images/themes/theme1/bg.png", "verified": false, "profile_text_color": "333333", "profile_image_url_https": "https://pbs.twimg.com/profile_images/633105106653851648/-Pj9lk2L_normal.jpg", "profile_sidebar_fill_color": "DDEEF6", "entities": {"description": {"urls": []}}, "followers_count": 53779, "profile_sidebar_border_color": "C0DEED", "id_str": "3427200023", "profile_background_color": "C0DEED", "listed_count": 25, "is_translation_enabled": false, "utc_offset": null, "statuses_count": 472, "description": "An upcoming completely #PoliticallyIncorrect weekly #newscast - coming to your TV January 2016.", "friends_count": 13779, "location": "United States", "profile_link_color": "0084B4", "profile_image_url": "http://pbs.twimg.com/profile_images/633105106653851648/-Pj9lk2L_normal.jpg", "following": null, "geo_enabled": false, "profile_banner_url": "https://pbs.twimg.com/profile_banners/3427200023/1445278186", "profile_background_image_url": "http://abs.twimg.com/images/themes/theme1/bg.png", "screen_name": "wtfnewsamerica", "lang": "en", "profile_background_tile": false, "favourites_count": 85, "name": "wtfnews", "notifications": null, "url": null, "created_at": "Mon Aug 17 02:30:16 +0000 2015", "contributors_enabled": false, "time_zone": null, "protected": false, "default_profile": true, "is_translator": false}, "geo": null, "in_reply_to_user_id_str": null, "possibly_sensitive": false, "lang": "en", "created_at": "Wed Oct 21 18:09:30 +0000 2015", "in_reply_to_status_id_str": null, "place": null, "metadata": {"iso_language_code": "en", "result_type": "recent"}}, "user": {"follow_request_sent": null, "has_extended_profile": false, "profile_use_background_image": true, "default_profile_image": false, "id": 2920822642, "profile_background_image_url_https": "https://pbs.twimg.com/profile_background_images/575362092888297473/mFl25XEc.jpeg", "verified": false, "profile_text_color": "000000", "profile_image_url_https": "https://pbs.twimg.com/profile_images/642324865735782403/5u7DS-ob_normal.jpg", "profile_sidebar_fill_color": "000000", "entities": {"description": {"urls": []}}, "followers_count": 92, "profile_sidebar_border_color": "000000", "id_str": "2920822642", "profile_background_color": "131516", "listed_count": 4, "is_translation_enabled": false, "utc_offset": -25200, "statuses_count": 1971, "description": "LNHS Baseball  KC Rangers 19u", "friends_count": 91, "location": "Kansas City, MO", "profile_link_color": "4A913C", "profile_image_url": "http://pbs.twimg.com/profile_images/642324865735782403/5u7DS-ob_normal.jpg", "following": null, "geo_enabled": false, "profile_banner_url": "https://pbs.twimg.com/profile_banners/2920822642/1441044818", "profile_background_image_url": "http://pbs.twimg.com/profile_background_images/575362092888297473/mFl25XEc.jpeg", "screen_name": "Nharding313", "lang": "en", "profile_background_tile": true, "favourites_count": 2108, "name": "Nathan Harding", "notifications": null, "url": null, "created_at": "Sun Dec 14 03:02:44 +0000 2014", "contributors_enabled": false, "time_zone": "Pacific Time (US & Canada)", "protected": false, "default_profile": false, "is_translator": false}, "geo": null, "in_reply_to_user_id_str": null, "possibly_sensitive": false, "lang": "en", "created_at": "Wed Oct 21 18:27:49 +0000 2015", "in_reply_to_status_id_str": null, "place": null, "metadata": {"iso_language_code": "en", "result_type": "recent"}}