{"contributors": null, "truncated": false, "text": "@KasimReed Thank you for your solid support and stand behind #Hillary2016 Also congrats to #VPBiden not splitting party votes. #LotsLeft2Do", "is_quote_status": false, "in_reply_to_status_id": null, "id": 656897324027785216, "favorite_count": 0, "source": "<a href=\"http://twitter.com\" rel=\"nofollow\">Twitter Web Client</a>", "retweeted": false, "coordinates": null, "entities": {"symbols": [], "user_mentions": [{"id": 15256841, "indices": [0, 10], "id_str": "15256841", "screen_name": "KasimReed", "name": "Kasim Reed"}], "hashtags": [{"indices": [61, 73], "text": "Hillary2016"}, {"indices": [91, 99], "text": "VPBiden"}, {"indices": [127, 139], "text": "LotsLeft2Do"}], "urls": []}, "in_reply_to_screen_name": "KasimReed", "in_reply_to_user_id": 15256841, "retweet_count": 0, "id_str": "656897324027785216", "favorited": false, "user": {"follow_request_sent": null, "has_extended_profile": false, "profile_use_background_image": true, "default_profile_image": false, "id": 169456868, "profile_background_image_url_https": "https://pbs.twimg.com/profile_background_images/648870841556426752/bQNkQgDw.jpg", "verified": false, "profile_text_color": "333333", "profile_image_url_https": "https://pbs.twimg.com/profile_images/548507429952974848/1bw-Zx3V_normal.png", "profile_sidebar_fill_color": "EADEAA", "entities": {"url": {"urls": [{"url": "http://t.co/dejAiAG8cR", "indices": [0, 22], "expanded_url": "http://www.bclarkalexander.com", "display_url": "bclarkalexander.com"}]}, "description": {"urls": []}}, "followers_count": 928, "profile_sidebar_border_color": "000000", "id_str": "169456868", "profile_background_color": "642D8B", "listed_count": 22, "is_translation_enabled": false, "utc_offset": -18000, "statuses_count": 8183, "description": "Prolific Life Prophetic Coach, Mentor & Author, Conference Speaker, Radio Show Commentator #TheGoodLife WBOK1230 NOLA BeWhoYouBe! Prophet of TRUTH Though Flawed", "friends_count": 1178, "location": "Atl", "profile_link_color": "9266CC", "profile_image_url": "http://pbs.twimg.com/profile_images/548507429952974848/1bw-Zx3V_normal.png", "following": null, "geo_enabled": true, "profile_banner_url": "https://pbs.twimg.com/profile_banners/169456868/1445403390", "profile_background_image_url": "http://pbs.twimg.com/profile_background_images/648870841556426752/bQNkQgDw.jpg", "screen_name": "bclarkalexander", "lang": "en", "profile_background_tile": true, "favourites_count": 1474, "name": "Bobbi Clark, M.Ed.,", "notifications": null, "url": "http://t.co/dejAiAG8cR", "created_at": "Thu Jul 22 11:30:03 +0000 2010", "contributors_enabled": false, "time_zone": "Quito", "protected": false, "default_profile": false, "is_translator": false}, "geo": null, "in_reply_to_user_id_str": "15256841", "lang": "en", "created_at": "Wed Oct 21 18:18:21 +0000 2015", "in_reply_to_status_id_str": null, "place": {"full_name": "Georgia, USA", "url": "https://api.twitter.com/1.1/geo/id/7142eb97ae21e839.json", "country": "United States", "place_type": "admin", "bounding_box": {"type": "Polygon", "coordinates": [[[-85.605166, 30.355644], [-80.742567, 30.355644], [-80.742567, 35.000771], [-85.605166, 35.000771]]]}, "contained_within": [], "country_code": "US", "attributes": {}, "id": "7142eb97ae21e839", "name": "Georgia"}, "metadata": {"iso_language_code": "en", "result_type": "recent"}}