{"contributors": null, "truncated": false, "text": "Trump story of the year https://t.co/ujnO8PsC0X #donaldtrump #Hillary2016 #satire #comedy #dumptrump @FightTheDonald https://t.co/AD62fOAZ3e", "is_quote_status": false, "in_reply_to_status_id": null, "id": 656897794096017408, "favorite_count": 0, "source": "<a href=\"http://twitter.com\" rel=\"nofollow\">Twitter Web Client</a>", "retweeted": false, "coordinates": null, "entities": {"symbols": [], "user_mentions": [{"id": 3679935377, "indices": [101, 116], "id_str": "3679935377", "screen_name": "FightTheDonald", "name": "Fight The Donald"}], "hashtags": [{"indices": [48, 60], "text": "donaldtrump"}, {"indices": [61, 73], "text": "Hillary2016"}, {"indices": [74, 81], "text": "satire"}, {"indices": [82, 89], "text": "comedy"}, {"indices": [90, 100], "text": "dumptrump"}], "urls": [{"url": "https://t.co/ujnO8PsC0X", "indices": [24, 47], "expanded_url": "http://huff.to/1Xkp95e", "display_url": "huff.to/1Xkp95e"}], "media": [{"expanded_url": "http://twitter.com/FRBackrub/status/656897794096017408/photo/1", "display_url": "pic.twitter.com/AD62fOAZ3e", "url": "https://t.co/AD62fOAZ3e", "media_url_https": "https://pbs.twimg.com/media/CR3FEANUYAAs_MQ.jpg", "id_str": "656897793231970304", "sizes": {"large": {"h": 332, "resize": "fit", "w": 630}, "small": {"h": 179, "resize": "fit", "w": 340}, "medium": {"h": 316, "resize": "fit", "w": 600}, "thumb": {"h": 150, "resize": "crop", "w": 150}}, "indices": [117, 140], "type": "photo", "id": 656897793231970304, "media_url": "http://pbs.twimg.com/media/CR3FEANUYAAs_MQ.jpg"}]}, "in_reply_to_screen_name": null, "in_reply_to_user_id": null, "retweet_count": 0, "id_str": "656897794096017408", "favorited": false, "user": {"follow_request_sent": null, "has_extended_profile": false, "profile_use_background_image": true, "default_profile_image": false, "id": 3291753758, "profile_background_image_url_https": "https://abs.twimg.com/images/themes/theme1/bg.png", "verified": false, "profile_text_color": "333333", "profile_image_url_https": "https://pbs.twimg.com/profile_images/633726207482171392/EscvJuKP_normal.jpg", "profile_sidebar_fill_color": "DDEEF6", "entities": {"url": {"urls": [{"url": "https://t.co/LzqEuew6an", "indices": [0, 23], "expanded_url": "http://FaithRub.com", "display_url": "FaithRub.com"}]}, "description": {"urls": [{"url": "http://t.co/RPmdRY8FNt", "indices": [57, 79], "expanded_url": "http://FreeEmmys.com", "display_url": "FreeEmmys.com"}]}}, "followers_count": 77, "profile_sidebar_border_color": "C0DEED", "id_str": "3291753758", "profile_background_color": "C0DEED", "listed_count": 4, "is_translation_enabled": false, "utc_offset": null, "statuses_count": 150, "description": "Christian apologetics through humor + 5 Emmy Awards from http://t.co/RPmdRY8FNt.", "friends_count": 281, "location": "", "profile_link_color": "0084B4", "profile_image_url": "http://pbs.twimg.com/profile_images/633726207482171392/EscvJuKP_normal.jpg", "following": null, "geo_enabled": false, "profile_banner_url": "https://pbs.twimg.com/profile_banners/3291753758/1440790928", "profile_background_image_url": "http://abs.twimg.com/images/themes/theme1/bg.png", "screen_name": "FRBackrub", "lang": "en", "profile_background_tile": false, "favourites_count": 318, "name": "FaithBackRubsReason", "notifications": null, "url": "https://t.co/LzqEuew6an", "created_at": "Sat Jul 25 03:41:09 +0000 2015", "contributors_enabled": false, "time_zone": null, "protected": false, "default_profile": true, "is_translator": false}, "geo": null, "in_reply_to_user_id_str": null, "possibly_sensitive": false, "lang": "en", "created_at": "Wed Oct 21 18:20:13 +0000 2015", "in_reply_to_status_id_str": null, "place": null, "metadata": {"iso_language_code": "en", "result_type": "recent"}}