{"contributors": null, "truncated": false, "text": "Great news! Appreciate his service, doubt he has the cache! Plus his coziness to #Delaware banks. #Hillary2016  https://t.co/SMWe0t6zhF", "is_quote_status": true, "in_reply_to_status_id": null, "id": 656898820844994561, "favorite_count": 0, "entities": {"symbols": [], "user_mentions": [], "hashtags": [{"indices": [81, 90], "text": "Delaware"}, {"indices": [98, 110], "text": "Hillary2016"}], "urls": [{"url": "https://t.co/SMWe0t6zhF", "indices": [112, 135], "expanded_url": "https://twitter.com/cbsnews/status/656867559539671041", "display_url": "twitter.com/cbsnews/status\u2026"}]}, "quoted_status_id": 656867559539671041, "retweeted": false, "coordinates": null, "quoted_status": {"contributors": null, "truncated": false, "text": "\"Unfortunately, I believe we're out of time,\" says @VP Joe Biden on decision not to run https://t.co/dIyjaTtvQ9 https://t.co/p0sjy6fHjI", "is_quote_status": false, "in_reply_to_status_id": null, "id": 656867559539671041, "favorite_count": 58, "source": "<a href=\"http://www.socialflow.com\" rel=\"nofollow\">SocialFlow</a>", "retweeted": false, "coordinates": null, "entities": {"symbols": [], "user_mentions": [{"id": 325830217, "indices": [51, 54], "id_str": "325830217", "screen_name": "VP", "name": "Vice President Biden"}], "hashtags": [], "urls": [{"url": "https://t.co/dIyjaTtvQ9", "indices": [88, 111], "expanded_url": "http://cbsn.ws/1KovzXF", "display_url": "cbsn.ws/1KovzXF"}], "media": [{"expanded_url": "http://twitter.com/CBSNews/status/656867559539671041/photo/1", "display_url": "pic.twitter.com/p0sjy6fHjI", "url": "https://t.co/p0sjy6fHjI", "media_url_https": "https://pbs.twimg.com/media/CR2pkGjUEAEQ_43.png", "id_str": "656867558365073409", "sizes": {"large": {"h": 573, "resize": "fit", "w": 1024}, "small": {"h": 190, "resize": "fit", "w": 340}, "medium": {"h": 336, "resize": "fit", "w": 600}, "thumb": {"h": 150, "resize": "crop", "w": 150}}, "indices": [112, 135], "type": "photo", "id": 656867558365073409, "media_url": "http://pbs.twimg.com/media/CR2pkGjUEAEQ_43.png"}]}, "in_reply_to_screen_name": null, "in_reply_to_user_id": null, "retweet_count": 120, "id_str": "656867559539671041", "favorited": false, "user": {"follow_request_sent": null, "has_extended_profile": false, "profile_use_background_image": true, "default_profile_image": false, "id": 15012486, "profile_background_image_url_https": "https://pbs.twimg.com/profile_background_images/736106551/37bf1f784305fe4a9c7e9105772c6e1a.jpeg", "verified": true, "profile_text_color": "000000", "profile_image_url_https": "https://pbs.twimg.com/profile_images/645966750941626368/d0Q4voGK_normal.jpg", "profile_sidebar_fill_color": "EAEDF0", "entities": {"url": {"urls": [{"url": "http://t.co/ir9VstBX", "indices": [0, 20], "expanded_url": "http://CBSNews.com", "display_url": "CBSNews.com"}]}, "description": {"urls": []}}, "followers_count": 3940495, "profile_sidebar_border_color": "FFFFFF", "id_str": "15012486", "profile_background_color": "D9DADA", "listed_count": 39817, "is_translation_enabled": true, "utc_offset": -14400, "statuses_count": 87350, "description": "The official twitter feed of @CBSNews. Follow for original reporting and trusted news.", "friends_count": 388, "location": "New York, NY", "profile_link_color": "B12124", "profile_image_url": "http://pbs.twimg.com/profile_images/645966750941626368/d0Q4voGK_normal.jpg", "following": null, "geo_enabled": false, "profile_banner_url": "https://pbs.twimg.com/profile_banners/15012486/1443566185", "profile_background_image_url": "http://pbs.twimg.com/profile_background_images/736106551/37bf1f784305fe4a9c7e9105772c6e1a.jpeg", "screen_name": "CBSNews", "lang": "en", "profile_background_tile": false, "favourites_count": 148, "name": "CBS News", "notifications": null, "url": "http://t.co/ir9VstBX", "created_at": "Thu Jun 05 00:54:31 +0000 2008", "contributors_enabled": false, "time_zone": "Eastern Time (US & Canada)", "protected": false, "default_profile": false, "is_translator": false}, "geo": null, "in_reply_to_user_id_str": null, "possibly_sensitive": false, "lang": "en", "created_at": "Wed Oct 21 16:20:04 +0000 2015", "in_reply_to_status_id_str": null, "place": null, "metadata": {"iso_language_code": "en", "result_type": "recent"}}, "source": "<a href=\"http://twitter.com/download/iphone\" rel=\"nofollow\">Twitter for iPhone</a>", "in_reply_to_screen_name": null, "in_reply_to_user_id": null, "retweet_count": 1, "id_str": "656898820844994561", "favorited": false, "user": {"follow_request_sent": null, "has_extended_profile": false, "profile_use_background_image": true, "default_profile_image": false, "id": 916702002, "profile_background_image_url_https": "https://pbs.twimg.com/profile_background_images/718679172/171054831c03d1178c8ee228626d70a9.jpeg", "verified": false, "profile_text_color": "333333", "profile_image_url_https": "https://pbs.twimg.com/profile_images/598706209672146946/pV5tqARl_normal.jpg", "profile_sidebar_fill_color": "DDEEF6", "entities": {"description": {"urls": []}}, "followers_count": 525, "profile_sidebar_border_color": "FFFFFF", "id_str": "916702002", "profile_background_color": "C0DEED", "listed_count": 11, "is_translation_enabled": false, "utc_offset": 7200, "statuses_count": 4466, "description": "Opinions expressed my own, retweets are not endorsements | MPPA candidate @NorthwesternU, MA in #govt @StJohnsU | #politics #ir #pp, researching #armstrade #ipe", "friends_count": 1793, "location": "N. Smithfield, RI (USA)", "profile_link_color": "0084B4", "profile_image_url": "http://pbs.twimg.com/profile_images/598706209672146946/pV5tqARl_normal.jpg", "following": null, "geo_enabled": true, "profile_banner_url": "https://pbs.twimg.com/profile_banners/916702002/1444236842", "profile_background_image_url": "http://pbs.twimg.com/profile_background_images/718679172/171054831c03d1178c8ee228626d70a9.jpeg", "screen_name": "kitto1975", "lang": "en", "profile_background_tile": false, "favourites_count": 2592, "name": "Keith", "notifications": null, "url": null, "created_at": "Wed Oct 31 11:46:14 +0000 2012", "contributors_enabled": false, "time_zone": "Amsterdam", "protected": false, "default_profile": false, "is_translator": false}, "geo": null, "in_reply_to_user_id_str": null, "possibly_sensitive": false, "lang": "en", "created_at": "Wed Oct 21 18:24:18 +0000 2015", "quoted_status_id_str": "656867559539671041", "in_reply_to_status_id_str": null, "place": {"full_name": "North Smithfield, RI", "url": "https://api.twitter.com/1.1/geo/id/01f6624f697ce58b.json", "country": "United States", "place_type": "city", "bounding_box": {"type": "Polygon", "coordinates": [[[-71.608412, 41.9362085], [-71.483853, 41.9362085], [-71.483853, 42.0155617], [-71.608412, 42.0155617]]]}, "contained_within": [], "country_code": "US", "attributes": {}, "id": "01f6624f697ce58b", "name": "North Smithfield"}, "metadata": {"iso_language_code": "en", "result_type": "recent"}}