{"contributors": null, "truncated": false, "text": "RT @ngoth: Should voters trust House Intelligence Committee Report or Special committee partisan witch hunt? Intelligence committee for me.\u2026", "is_quote_status": false, "in_reply_to_status_id": null, "id": 656899049942073344, "favorite_count": 0, "source": "<a href=\"http://twitter.com/download/android\" rel=\"nofollow\">Twitter for Android</a>", "retweeted": false, "coordinates": null, "entities": {"symbols": [], "user_mentions": [{"id": 259420367, "indices": [3, 9], "id_str": "259420367", "screen_name": "ngoth", "name": "Nancy Goth"}], "hashtags": [{"indices": [139, 140], "text": "ImWithHer"}], "urls": []}, "in_reply_to_screen_name": null, "in_reply_to_user_id": null, "retweet_count": 2, "id_str": "656899049942073344", "favorited": false, "retweeted_status": {"contributors": null, "truncated": false, "text": "Should voters trust House Intelligence Committee Report or Special committee partisan witch hunt? Intelligence committee for me. #ImWithHer", "is_quote_status": false, "in_reply_to_status_id": null, "id": 656898471580930048, "favorite_count": 2, "source": "<a href=\"http://twitter.com/download/iphone\" rel=\"nofollow\">Twitter for iPhone</a>", "retweeted": false, "coordinates": null, "entities": {"symbols": [], "user_mentions": [], "hashtags": [{"indices": [129, 139], "text": "ImWithHer"}], "urls": []}, "in_reply_to_screen_name": null, "in_reply_to_user_id": null, "retweet_count": 2, "id_str": "656898471580930048", "favorited": false, "user": {"follow_request_sent": null, "has_extended_profile": false, "profile_use_background_image": true, "default_profile_image": false, "id": 259420367, "profile_background_image_url_https": "https://abs.twimg.com/images/themes/theme19/bg.gif", "verified": false, "profile_text_color": "333333", "profile_image_url_https": "https://pbs.twimg.com/profile_images/540361316007829505/DJ_3UtWO_normal.jpeg", "profile_sidebar_fill_color": "F6FFD1", "entities": {"description": {"urls": []}}, "followers_count": 1178, "profile_sidebar_border_color": "FFFFFF", "id_str": "259420367", "profile_background_color": "FFF04D", "listed_count": 95, "is_translation_enabled": false, "utc_offset": null, "statuses_count": 46281, "description": "Believe in equality for all regardless of race,sex or creed; pro-choice is not pro-abortion; anti-abortion is not pro-life; deliberate misinformation is lying.", "friends_count": 1172, "location": "Show-Me State", "profile_link_color": "0099CC", "profile_image_url": "http://pbs.twimg.com/profile_images/540361316007829505/DJ_3UtWO_normal.jpeg", "following": null, "geo_enabled": false, "profile_background_image_url": "http://abs.twimg.com/images/themes/theme19/bg.gif", "screen_name": "ngoth", "lang": "en", "profile_background_tile": false, "favourites_count": 14465, "name": "Nancy Goth", "notifications": null, "url": null, "created_at": "Tue Mar 01 21:52:34 +0000 2011", "contributors_enabled": false, "time_zone": null, "protected": false, "default_profile": false, "is_translator": false}, "geo": null, "in_reply_to_user_id_str": null, "lang": "en", "created_at": "Wed Oct 21 18:22:54 +0000 2015", "in_reply_to_status_id_str": null, "place": null, "metadata": {"iso_language_code": "en", "result_type": "recent"}}, "user": {"follow_request_sent": null, "has_extended_profile": false, "profile_use_background_image": true, "default_profile_image": false, "id": 483184491, "profile_background_image_url_https": "https://pbs.twimg.com/profile_background_images/441368055159853056/euO3cEY3.jpeg", "verified": false, "profile_text_color": "333333", "profile_image_url_https": "https://pbs.twimg.com/profile_images/575785840586059777/i4a-IMvh_normal.jpeg", "profile_sidebar_fill_color": "DDEEF6", "entities": {"description": {"urls": []}}, "followers_count": 221, "profile_sidebar_border_color": "FFFFFF", "id_str": "483184491", "profile_background_color": "C1EBD7", "listed_count": 14, "is_translation_enabled": false, "utc_offset": -18000, "statuses_count": 12151, "description": "Husband, Dad, Brother; from Lake Jackson, TX; University of Texas Austin 1969, Longhorn Fan; Democrat; Retired Marketer; Texan enjoying life in Springfield, MO", "friends_count": 170, "location": "Missouri", "profile_link_color": "0084B4", "profile_image_url": "http://pbs.twimg.com/profile_images/575785840586059777/i4a-IMvh_normal.jpeg", "following": null, "geo_enabled": true, "profile_banner_url": "https://pbs.twimg.com/profile_banners/483184491/1415059647", "profile_background_image_url": "http://pbs.twimg.com/profile_background_images/441368055159853056/euO3cEY3.jpeg", "screen_name": "JiminOzarks", "lang": "en", "profile_background_tile": true, "favourites_count": 13530, "name": "Jim Fuqua", "notifications": null, "url": null, "created_at": "Sat Feb 04 18:43:45 +0000 2012", "contributors_enabled": false, "time_zone": "Central Time (US & Canada)", "protected": false, "default_profile": false, "is_translator": false}, "geo": null, "in_reply_to_user_id_str": null, "lang": "en", "created_at": "Wed Oct 21 18:25:12 +0000 2015", "in_reply_to_status_id_str": null, "place": null, "metadata": {"iso_language_code": "en", "result_type": "recent"}}