{"contributors": null, "truncated": false, "text": "After only 8 MONTHS in office Dubya was on a MONTH-LONG VACATION, ignoring the August 6 PDB. #JebBush #Trump2016 #BenCarson #Hillary2016", "is_quote_status": false, "in_reply_to_status_id": null, "id": 656899325868412928, "favorite_count": 0, "source": "<a href=\"http://twitter.com\" rel=\"nofollow\">Twitter Web Client</a>", "retweeted": false, "coordinates": null, "entities": {"symbols": [], "user_mentions": [], "hashtags": [{"indices": [93, 101], "text": "JebBush"}, {"indices": [102, 112], "text": "Trump2016"}, {"indices": [113, 123], "text": "BenCarson"}, {"indices": [124, 136], "text": "Hillary2016"}], "urls": []}, "in_reply_to_screen_name": null, "in_reply_to_user_id": null, "retweet_count": 0, "id_str": "656899325868412928", "favorited": false, "user": {"follow_request_sent": null, "has_extended_profile": false, "profile_use_background_image": true, "default_profile_image": false, "id": 3067065392, "profile_background_image_url_https": "https://abs.twimg.com/images/themes/theme11/bg.gif", "verified": false, "profile_text_color": "362720", "profile_image_url_https": "https://pbs.twimg.com/profile_images/606692932347756544/F0EFtWiR_normal.jpg", "profile_sidebar_fill_color": "E5507E", "entities": {"description": {"urls": []}}, "followers_count": 811, "profile_sidebar_border_color": "CC3366", "id_str": "3067065392", "profile_background_color": "FF6699", "listed_count": 62, "is_translation_enabled": false, "utc_offset": null, "statuses_count": 17945, "description": "Register to vote! Contact your local County Democrats or your Rep's office if you need help!", "friends_count": 2000, "location": "", "profile_link_color": "B40B43", "profile_image_url": "http://pbs.twimg.com/profile_images/606692932347756544/F0EFtWiR_normal.jpg", "following": null, "geo_enabled": false, "profile_background_image_url": "http://abs.twimg.com/images/themes/theme11/bg.gif", "screen_name": "PaineFan01", "lang": "en", "profile_background_tile": true, "favourites_count": 768, "name": "Paine Fan", "notifications": null, "url": null, "created_at": "Sat Mar 07 19:24:57 +0000 2015", "contributors_enabled": false, "time_zone": null, "protected": false, "default_profile": false, "is_translator": false}, "geo": null, "in_reply_to_user_id_str": null, "lang": "en", "created_at": "Wed Oct 21 18:26:18 +0000 2015", "in_reply_to_status_id_str": null, "place": null, "metadata": {"iso_language_code": "en", "result_type": "recent"}}