{"contributors": null, "truncated": false, "text": "RT @XManSV: CHECK IT OUT INTERESTING #GunSense #Repeal2A #HillaryClinton #MomsDemand #WhateverItTakes https://t.co/ysesAv36LC", "is_quote_status": false, "in_reply_to_status_id": null, "id": 656898670722310144, "favorite_count": 0, "source": "<a href=\"http://twitter.com/download/android\" rel=\"nofollow\">Twitter for Android</a>", "retweeted": false, "coordinates": null, "entities": {"symbols": [], "user_mentions": [{"id": 792802638, "indices": [3, 10], "id_str": "792802638", "screen_name": "XManSV", "name": "X-Man \ufe3b\u2566\u2564\u2500"}], "hashtags": [{"indices": [37, 46], "text": "GunSense"}, {"indices": [47, 56], "text": "Repeal2A"}, {"indices": [57, 72], "text": "HillaryClinton"}, {"indices": [73, 84], "text": "MomsDemand"}, {"indices": [85, 101], "text": "WhateverItTakes"}], "urls": [], "media": [{"source_user_id": 792802638, "source_status_id_str": "656895471038787585", "expanded_url": "http://twitter.com/XManSV/status/656895471038787585/photo/1", "display_url": "pic.twitter.com/ysesAv36LC", "url": "https://t.co/ysesAv36LC", "media_url_https": "https://pbs.twimg.com/media/CR3C8zUUcAA1eVe.jpg", "source_user_id_str": "792802638", "source_status_id": 656895471038787585, "id_str": "656895470489333760", "sizes": {"large": {"h": 457, "resize": "fit", "w": 593}, "small": {"h": 262, "resize": "fit", "w": 340}, "medium": {"h": 457, "resize": "fit", "w": 593}, "thumb": {"h": 150, "resize": "crop", "w": 150}}, "indices": [102, 125], "type": "photo", "id": 656895470489333760, "media_url": "http://pbs.twimg.com/media/CR3C8zUUcAA1eVe.jpg"}]}, "in_reply_to_screen_name": null, "in_reply_to_user_id": null, "retweet_count": 1, "id_str": "656898670722310144", "favorited": false, "retweeted_status": {"contributors": null, "truncated": false, "text": "CHECK IT OUT INTERESTING #GunSense #Repeal2A #HillaryClinton #MomsDemand #WhateverItTakes https://t.co/ysesAv36LC", "is_quote_status": false, "in_reply_to_status_id": null, "id": 656895471038787585, "favorite_count": 2, "source": "<a href=\"http://twitter.com\" rel=\"nofollow\">Twitter Web Client</a>", "retweeted": false, "coordinates": null, "entities": {"symbols": [], "user_mentions": [], "hashtags": [{"indices": [25, 34], "text": "GunSense"}, {"indices": [35, 44], "text": "Repeal2A"}, {"indices": [45, 60], "text": "HillaryClinton"}, {"indices": [61, 72], "text": "MomsDemand"}, {"indices": [73, 89], "text": "WhateverItTakes"}], "urls": [], "media": [{"expanded_url": "http://twitter.com/XManSV/status/656895471038787585/photo/1", "display_url": "pic.twitter.com/ysesAv36LC", "url": "https://t.co/ysesAv36LC", "media_url_https": "https://pbs.twimg.com/media/CR3C8zUUcAA1eVe.jpg", "id_str": "656895470489333760", "sizes": {"large": {"h": 457, "resize": "fit", "w": 593}, "small": {"h": 262, "resize": "fit", "w": 340}, "medium": {"h": 457, "resize": "fit", "w": 593}, "thumb": {"h": 150, "resize": "crop", "w": 150}}, "indices": [90, 113], "type": "photo", "id": 656895470489333760, "media_url": "http://pbs.twimg.com/media/CR3C8zUUcAA1eVe.jpg"}]}, "in_reply_to_screen_name": null, "in_reply_to_user_id": null, "retweet_count": 1, "id_str": "656895471038787585", "favorited": false, "user": {"follow_request_sent": null, "has_extended_profile": false, "profile_use_background_image": false, "default_profile_image": false, "id": 792802638, "profile_background_image_url_https": "https://abs.twimg.com/images/themes/theme1/bg.png", "verified": false, "profile_text_color": "000000", "profile_image_url_https": "https://pbs.twimg.com/profile_images/630613614391496704/PA-c1acD_normal.jpg", "profile_sidebar_fill_color": "000000", "entities": {"description": {"urls": []}}, "followers_count": 1677, "profile_sidebar_border_color": "000000", "id_str": "792802638", "profile_background_color": "000000", "listed_count": 52, "is_translation_enabled": false, "utc_offset": -25200, "statuses_count": 26568, "description": "Constitution is not an instrument for government to restrain the people,it is an instrument for the people to restrain government~Patrick Henry\n#2A #gunsense", "friends_count": 2159, "location": "USA", "profile_link_color": "000000", "profile_image_url": "http://pbs.twimg.com/profile_images/630613614391496704/PA-c1acD_normal.jpg", "following": null, "geo_enabled": false, "profile_banner_url": "https://pbs.twimg.com/profile_banners/792802638/1439185160", "profile_background_image_url": "http://abs.twimg.com/images/themes/theme1/bg.png", "screen_name": "XManSV", "lang": "en", "profile_background_tile": false, "favourites_count": 7067, "name": "X-Man \ufe3b\u2566\u2564\u2500", "notifications": null, "url": null, "created_at": "Fri Aug 31 01:43:54 +0000 2012", "contributors_enabled": false, "time_zone": "Pacific Time (US & Canada)", "protected": false, "default_profile": false, "is_translator": false}, "geo": null, "in_reply_to_user_id_str": null, "possibly_sensitive": false, "lang": "en", "created_at": "Wed Oct 21 18:10:59 +0000 2015", "in_reply_to_status_id_str": null, "place": null, "metadata": {"iso_language_code": "en", "result_type": "recent"}}, "user": {"follow_request_sent": null, "has_extended_profile": false, "profile_use_background_image": true, "default_profile_image": false, "id": 3083087059, "profile_background_image_url_https": "https://pbs.twimg.com/profile_background_images/631597815270019072/EbpRvZcu.jpg", "verified": false, "profile_text_color": "3C3940", "profile_image_url_https": "https://pbs.twimg.com/profile_images/643492214413361152/AjQHPiJV_normal.jpg", "profile_sidebar_fill_color": "95E8EC", "entities": {"description": {"urls": []}}, "followers_count": 377, "profile_sidebar_border_color": "5ED4DC", "id_str": "3083087059", "profile_background_color": "4A913C", "listed_count": 11, "is_translation_enabled": false, "utc_offset": -25200, "statuses_count": 4097, "description": "Scientists are searching for the cause of the Sixth Mass Extinction. It's us.\nMy IMMIGRANT wife did the 9/11 rendering by cutout. I'm native NY'er. Made me cry.", "friends_count": 583, "location": "United States", "profile_link_color": "4A913C", "profile_image_url": "http://pbs.twimg.com/profile_images/643492214413361152/AjQHPiJV_normal.jpg", "following": null, "geo_enabled": true, "profile_background_image_url": "http://pbs.twimg.com/profile_background_images/631597815270019072/EbpRvZcu.jpg", "screen_name": "sixthextincti66", "lang": "en", "profile_background_tile": false, "favourites_count": 6956, "name": "Cornfucious", "notifications": null, "url": null, "created_at": "Sun Mar 15 01:33:08 +0000 2015", "contributors_enabled": false, "time_zone": "America/Phoenix", "protected": false, "default_profile": false, "is_translator": false}, "geo": null, "in_reply_to_user_id_str": null, "possibly_sensitive": false, "lang": "en", "created_at": "Wed Oct 21 18:23:42 +0000 2015", "in_reply_to_status_id_str": null, "place": null, "metadata": {"iso_language_code": "en", "result_type": "recent"}}