{"contributors": null, "truncated": false, "text": "RT @ChuckNellis: Hillary for Leavenworth, 2016! #Hillary2016 https://t.co/QC0gl3Bhme", "is_quote_status": false, "in_reply_to_status_id": null, "id": 656898126385577984, "favorite_count": 0, "source": "<a href=\"http://twitter.com\" rel=\"nofollow\">Twitter Web Client</a>", "retweeted": false, "coordinates": null, "entities": {"symbols": [], "user_mentions": [{"id": 315878798, "indices": [3, 15], "id_str": "315878798", "screen_name": "ChuckNellis", "name": "Chuck Nellis"}], "hashtags": [{"indices": [48, 60], "text": "Hillary2016"}], "urls": [], "media": [{"source_user_id": 315878798, "source_status_id_str": "656873126467379201", "expanded_url": "http://twitter.com/ChuckNellis/status/656873126467379201/photo/1", "display_url": "pic.twitter.com/QC0gl3Bhme", "url": "https://t.co/QC0gl3Bhme", "media_url_https": "https://pbs.twimg.com/media/CR2uoDvWwAALJkK.jpg", "source_user_id_str": "315878798", "source_status_id": 656873126467379201, "id_str": "656873123887890432", "sizes": {"large": {"h": 377, "resize": "fit", "w": 400}, "small": {"h": 320, "resize": "fit", "w": 340}, "medium": {"h": 377, "resize": "fit", "w": 400}, "thumb": {"h": 150, "resize": "crop", "w": 150}}, "indices": [61, 84], "type": "photo", "id": 656873123887890432, "media_url": "http://pbs.twimg.com/media/CR2uoDvWwAALJkK.jpg"}]}, "in_reply_to_screen_name": null, "in_reply_to_user_id": null, "retweet_count": 27, "id_str": "656898126385577984", "favorited": false, "retweeted_status": {"contributors": null, "truncated": false, "text": "Hillary for Leavenworth, 2016! #Hillary2016 https://t.co/QC0gl3Bhme", "is_quote_status": false, "in_reply_to_status_id": null, "id": 656873126467379201, "favorite_count": 30, "source": "<a href=\"http://twitter.com\" rel=\"nofollow\">Twitter Web Client</a>", "retweeted": false, "coordinates": null, "entities": {"symbols": [], "user_mentions": [], "hashtags": [{"indices": [31, 43], "text": "Hillary2016"}], "urls": [], "media": [{"expanded_url": "http://twitter.com/ChuckNellis/status/656873126467379201/photo/1", "display_url": "pic.twitter.com/QC0gl3Bhme", "url": "https://t.co/QC0gl3Bhme", "media_url_https": "https://pbs.twimg.com/media/CR2uoDvWwAALJkK.jpg", "id_str": "656873123887890432", "sizes": {"large": {"h": 377, "resize": "fit", "w": 400}, "small": {"h": 320, "resize": "fit", "w": 340}, "medium": {"h": 377, "resize": "fit", "w": 400}, "thumb": {"h": 150, "resize": "crop", "w": 150}}, "indices": [44, 67], "type": "photo", "id": 656873123887890432, "media_url": "http://pbs.twimg.com/media/CR2uoDvWwAALJkK.jpg"}]}, "in_reply_to_screen_name": null, "in_reply_to_user_id": null, "retweet_count": 27, "id_str": "656873126467379201", "favorited": false, "user": {"follow_request_sent": null, "has_extended_profile": false, "profile_use_background_image": true, "default_profile_image": false, "id": 315878798, "profile_background_image_url_https": "https://pbs.twimg.com/profile_background_images/623662190428585984/myB2KXQK.jpg", "verified": false, "profile_text_color": "9D9DC4", "profile_image_url_https": "https://pbs.twimg.com/profile_images/556626333548048384/WRq5IgV-_normal.jpeg", "profile_sidebar_fill_color": "06142B", "entities": {"url": {"urls": [{"url": "http://t.co/bjnNo6q1lV", "indices": [0, 22], "expanded_url": "http://www.chucknellis.blogspot.com", "display_url": "chucknellis.blogspot.com"}]}, "description": {"urls": [{"url": "https://t.co/xdbvPCiL3e", "indices": [132, 155], "expanded_url": "https://www.rebelmouse.com/chucknellis", "display_url": "rebelmouse.com/chucknellis"}]}}, "followers_count": 94735, "profile_sidebar_border_color": "000000", "id_str": "315878798", "profile_background_color": "3F63BF", "listed_count": 1356, "is_translation_enabled": false, "utc_offset": -14400, "statuses_count": 394734, "description": "World According To Chuck  *Jesus REIGNS! \u2020 * Married to @Laweez #CruzCrew #Cruz2016 #Panthers #USN #TCOT #NFB #NRA #Duke #NASCAR :) https://t.co/xdbvPCiL3e", "friends_count": 70044, "location": "Great State of North Carolina!", "profile_link_color": "750E9E", "profile_image_url": "http://pbs.twimg.com/profile_images/556626333548048384/WRq5IgV-_normal.jpeg", "following": null, "geo_enabled": true, "profile_banner_url": "https://pbs.twimg.com/profile_banners/315878798/1360644887", "profile_background_image_url": "http://pbs.twimg.com/profile_background_images/623662190428585984/myB2KXQK.jpg", "screen_name": "ChuckNellis", "lang": "en", "profile_background_tile": true, "favourites_count": 129948, "name": "Chuck Nellis", "notifications": null, "url": "http://t.co/bjnNo6q1lV", "created_at": "Sun Jun 12 15:58:57 +0000 2011", "contributors_enabled": false, "time_zone": "Eastern Time (US & Canada)", "protected": false, "default_profile": false, "is_translator": false}, "geo": null, "in_reply_to_user_id_str": null, "possibly_sensitive": false, "lang": "en", "created_at": "Wed Oct 21 16:42:12 +0000 2015", "in_reply_to_status_id_str": null, "place": {"full_name": "North Carolina, USA", "url": "https://api.twitter.com/1.1/geo/id/3b98b02fba3f9753.json", "country": "United States", "place_type": "admin", "bounding_box": {"type": "Polygon", "coordinates": [[[-84.32187, 33.752879], [-75.40012, 33.752879], [-75.40012, 36.588118], [-84.32187, 36.588118]]]}, "contained_within": [], "country_code": "US", "attributes": {}, "id": "3b98b02fba3f9753", "name": "North Carolina"}, "metadata": {"iso_language_code": "en", "result_type": "recent"}}, "user": {"follow_request_sent": null, "has_extended_profile": false, "profile_use_background_image": false, "default_profile_image": false, "id": 2844062117, "profile_background_image_url_https": "https://abs.twimg.com/images/themes/theme1/bg.png", "verified": false, "profile_text_color": "000000", "profile_image_url_https": "https://pbs.twimg.com/profile_images/652844315316629504/43o_oRaf_normal.jpg", "profile_sidebar_fill_color": "000000", "entities": {"description": {"urls": []}}, "followers_count": 905, "profile_sidebar_border_color": "000000", "id_str": "2844062117", "profile_background_color": "000000", "listed_count": 37, "is_translation_enabled": false, "utc_offset": null, "statuses_count": 9904, "description": "OOH YEAAA! Jesus is God! #DefundPP #SupportBlue #BluelivesMatter #BanIslam I hate Sharia Law, The Q'ran is satanic text. #DefundPP", "friends_count": 781, "location": "Minnesota, USA", "profile_link_color": "000000", "profile_image_url": "http://pbs.twimg.com/profile_images/652844315316629504/43o_oRaf_normal.jpg", "following": null, "geo_enabled": false, "profile_banner_url": "https://pbs.twimg.com/profile_banners/2844062117/1444485172", "profile_background_image_url": "http://abs.twimg.com/images/themes/theme1/bg.png", "screen_name": "GrouchyRasputin", "lang": "en", "profile_background_tile": false, "favourites_count": 5820, "name": "James", "notifications": null, "url": null, "created_at": "Sat Oct 25 18:40:55 +0000 2014", "contributors_enabled": false, "time_zone": null, "protected": false, "default_profile": false, "is_translator": false}, "geo": null, "in_reply_to_user_id_str": null, "possibly_sensitive": false, "lang": "en", "created_at": "Wed Oct 21 18:21:32 +0000 2015", "in_reply_to_status_id_str": null, "place": null, "metadata": {"iso_language_code": "en", "result_type": "recent"}}