{"contributors": null, "truncated": false, "text": "RT @TucsonVoice28: Joe Biden: I'm not running for president. Awesome!! Ladies and gentlemen meet your new President Mrs #HillaryClinton\nhtt\u2026", "is_quote_status": false, "in_reply_to_status_id": null, "id": 656899415433682944, "favorite_count": 0, "source": "<a href=\"http://twitter.com\" rel=\"nofollow\">Twitter Web Client</a>", "retweeted": false, "coordinates": null, "entities": {"symbols": [], "user_mentions": [{"id": 523871901, "indices": [3, 17], "id_str": "523871901", "screen_name": "TucsonVoice28", "name": "Brenda Johnson "}], "hashtags": [{"indices": [120, 135], "text": "HillaryClinton"}], "urls": [{"url": "https://t.co/gsIMA8DuYj", "indices": [139, 140], "expanded_url": "http://www.politico.com/video/2015/10/joe-biden-im-not-running-for-president-029757", "display_url": "politico.com/video/2015/10/\u2026"}]}, "in_reply_to_screen_name": null, "in_reply_to_user_id": null, "retweet_count": 1, "id_str": "656899415433682944", "favorited": false, "retweeted_status": {"contributors": null, "truncated": false, "text": "Joe Biden: I'm not running for president. Awesome!! Ladies and gentlemen meet your new President Mrs #HillaryClinton\nhttps://t.co/gsIMA8DuYj", "is_quote_status": false, "in_reply_to_status_id": null, "id": 656895401593733121, "favorite_count": 2, "source": "<a href=\"http://mobile.twitter.com\" rel=\"nofollow\">Mobile Web</a>", "retweeted": false, "coordinates": null, "entities": {"symbols": [], "user_mentions": [], "hashtags": [{"indices": [101, 116], "text": "HillaryClinton"}], "urls": [{"url": "https://t.co/gsIMA8DuYj", "indices": [117, 140], "expanded_url": "http://www.politico.com/video/2015/10/joe-biden-im-not-running-for-president-029757", "display_url": "politico.com/video/2015/10/\u2026"}]}, "in_reply_to_screen_name": null, "in_reply_to_user_id": null, "retweet_count": 1, "id_str": "656895401593733121", "favorited": false, "user": {"follow_request_sent": null, "has_extended_profile": false, "profile_use_background_image": true, "default_profile_image": false, "id": 523871901, "profile_background_image_url_https": "https://abs.twimg.com/images/themes/theme1/bg.png", "verified": false, "profile_text_color": "333333", "profile_image_url_https": "https://pbs.twimg.com/profile_images/517947960613945344/tIfi5BKF_normal.jpeg", "profile_sidebar_fill_color": "DDEEF6", "entities": {"description": {"urls": []}}, "followers_count": 852, "profile_sidebar_border_color": "C0DEED", "id_str": "523871901", "profile_background_color": "C0DEED", "listed_count": 46, "is_translation_enabled": false, "utc_offset": null, "statuses_count": 42627, "description": "Standing for truth, justice and fighting GOP lies and spin.", "friends_count": 867, "location": "", "profile_link_color": "0084B4", "profile_image_url": "http://pbs.twimg.com/profile_images/517947960613945344/tIfi5BKF_normal.jpeg", "following": null, "geo_enabled": true, "profile_background_image_url": "http://abs.twimg.com/images/themes/theme1/bg.png", "screen_name": "TucsonVoice28", "lang": "en", "profile_background_tile": false, "favourites_count": 14639, "name": "Brenda Johnson ", "notifications": null, "url": null, "created_at": "Wed Mar 14 01:05:48 +0000 2012", "contributors_enabled": false, "time_zone": null, "protected": false, "default_profile": true, "is_translator": false}, "geo": null, "in_reply_to_user_id_str": null, "possibly_sensitive": false, "lang": "en", "created_at": "Wed Oct 21 18:10:42 +0000 2015", "in_reply_to_status_id_str": null, "place": null, "metadata": {"iso_language_code": "en", "result_type": "recent"}}, "user": {"follow_request_sent": null, "has_extended_profile": false, "profile_use_background_image": true, "default_profile_image": false, "id": 35976790, "profile_background_image_url_https": "https://abs.twimg.com/images/themes/theme1/bg.png", "verified": false, "profile_text_color": "333333", "profile_image_url_https": "https://pbs.twimg.com/profile_images/378800000595558303/6a551c5c8f96abce0d293e53d18de42c_normal.jpeg", "profile_sidebar_fill_color": "DDEEF6", "entities": {"description": {"urls": []}}, "followers_count": 751, "profile_sidebar_border_color": "C0DEED", "id_str": "35976790", "profile_background_color": "C0DEED", "listed_count": 31, "is_translation_enabled": false, "utc_offset": null, "statuses_count": 53899, "description": "", "friends_count": 508, "location": "", "profile_link_color": "0084B4", "profile_image_url": "http://pbs.twimg.com/profile_images/378800000595558303/6a551c5c8f96abce0d293e53d18de42c_normal.jpeg", "following": null, "geo_enabled": true, "profile_background_image_url": "http://abs.twimg.com/images/themes/theme1/bg.png", "screen_name": "lynrouse1", "lang": "en", "profile_background_tile": false, "favourites_count": 31022, "name": "Gwen Lewis-Rouse", "notifications": null, "url": null, "created_at": "Tue Apr 28 03:37:51 +0000 2009", "contributors_enabled": false, "time_zone": null, "protected": false, "default_profile": true, "is_translator": false}, "geo": null, "in_reply_to_user_id_str": null, "possibly_sensitive": false, "lang": "en", "created_at": "Wed Oct 21 18:26:39 +0000 2015", "in_reply_to_status_id_str": null, "place": null, "metadata": {"iso_language_code": "en", "result_type": "recent"}}