{"contributors": null, "truncated": false, "text": "RT @ChristieBarbie8: @peterdaou @kayitcanbe @HillaryClinton That's hit she can absorb and spit out...  #Hillary2016", "is_quote_status": false, "in_reply_to_status_id": null, "id": 656897999579144192, "favorite_count": 0, "source": "<a href=\"http://twitter.com/download/android\" rel=\"nofollow\">Twitter for Android</a>", "retweeted": false, "coordinates": null, "entities": {"symbols": [], "user_mentions": [{"id": 1026679093, "indices": [3, 19], "id_str": "1026679093", "screen_name": "ChristieBarbie8", "name": "b. b. christie"}, {"id": 18464266, "indices": [21, 31], "id_str": "18464266", "screen_name": "peterdaou", "name": "Peter Daou"}, {"id": 2728581335, "indices": [32, 43], "id_str": "2728581335", "screen_name": "kayitcanbe", "name": "knewell"}, {"id": 1339835893, "indices": [44, 59], "id_str": "1339835893", "screen_name": "HillaryClinton", "name": "Hillary Clinton"}], "hashtags": [{"indices": [103, 115], "text": "Hillary2016"}], "urls": []}, "in_reply_to_screen_name": null, "in_reply_to_user_id": null, "retweet_count": 1, "id_str": "656897999579144192", "favorited": false, "retweeted_status": {"contributors": null, "truncated": false, "text": "@peterdaou @kayitcanbe @HillaryClinton That's hit she can absorb and spit out...  #Hillary2016", "is_quote_status": false, "in_reply_to_status_id": 656867646458212352, "id": 656872746123526144, "favorite_count": 1, "source": "<a href=\"http://twitter.com/download/android\" rel=\"nofollow\">Twitter for Android</a>", "retweeted": false, "coordinates": null, "entities": {"symbols": [], "user_mentions": [{"id": 18464266, "indices": [0, 10], "id_str": "18464266", "screen_name": "peterdaou", "name": "Peter Daou"}, {"id": 2728581335, "indices": [11, 22], "id_str": "2728581335", "screen_name": "kayitcanbe", "name": "knewell"}, {"id": 1339835893, "indices": [23, 38], "id_str": "1339835893", "screen_name": "HillaryClinton", "name": "Hillary Clinton"}], "hashtags": [{"indices": [82, 94], "text": "Hillary2016"}], "urls": []}, "in_reply_to_screen_name": "peterdaou", "in_reply_to_user_id": 18464266, "retweet_count": 1, "id_str": "656872746123526144", "favorited": false, "user": {"follow_request_sent": null, "has_extended_profile": false, "profile_use_background_image": true, "default_profile_image": false, "id": 1026679093, "profile_background_image_url_https": "https://abs.twimg.com/images/themes/theme10/bg.gif", "verified": false, "profile_text_color": "3D1957", "profile_image_url_https": "https://pbs.twimg.com/profile_images/3076262297/a150c1db40a95961ed37293e1aa6ddb6_normal.jpeg", "profile_sidebar_fill_color": "7AC3EE", "entities": {"description": {"urls": []}}, "followers_count": 94, "profile_sidebar_border_color": "000000", "id_str": "1026679093", "profile_background_color": "642D8B", "listed_count": 7, "is_translation_enabled": false, "utc_offset": -18000, "statuses_count": 3420, "description": "I don't discriminate....I hate everyone!'", "friends_count": 403, "location": "#SOUTHSIDE", "profile_link_color": "8C00FF", "profile_image_url": "http://pbs.twimg.com/profile_images/3076262297/a150c1db40a95961ed37293e1aa6ddb6_normal.jpeg", "following": null, "geo_enabled": true, "profile_banner_url": "https://pbs.twimg.com/profile_banners/1026679093/1357533202", "profile_background_image_url": "http://abs.twimg.com/images/themes/theme10/bg.gif", "screen_name": "ChristieBarbie8", "lang": "en", "profile_background_tile": true, "favourites_count": 1642, "name": "b. b. christie", "notifications": null, "url": null, "created_at": "Fri Dec 21 16:07:30 +0000 2012", "contributors_enabled": false, "time_zone": "Central Time (US & Canada)", "protected": false, "default_profile": false, "is_translator": false}, "geo": null, "in_reply_to_user_id_str": "18464266", "lang": "en", "created_at": "Wed Oct 21 16:40:41 +0000 2015", "in_reply_to_status_id_str": "656867646458212352", "place": null, "metadata": {"iso_language_code": "en", "result_type": "recent"}}, "user": {"follow_request_sent": null, "has_extended_profile": false, "profile_use_background_image": true, "default_profile_image": false, "id": 569487350, "profile_background_image_url_https": "https://abs.twimg.com/images/themes/theme1/bg.png", "verified": false, "profile_text_color": "333333", "profile_image_url_https": "https://pbs.twimg.com/profile_images/640997070564814848/r9ZCRIge_normal.jpg", "profile_sidebar_fill_color": "DDEEF6", "entities": {"description": {"urls": []}}, "followers_count": 310, "profile_sidebar_border_color": "C0DEED", "id_str": "569487350", "profile_background_color": "C0DEED", "listed_count": 14, "is_translation_enabled": false, "utc_offset": null, "statuses_count": 2744, "description": "Chef : Mental Crisis Hospital Non-Profit .Animal Enthusiasts .Feminism = Equal Pay 4 Equal Work. Community Service was in volunteer P.A.Y. & Guardian ad Litem.", "friends_count": 735, "location": "Arizona, USA", "profile_link_color": "0084B4", "profile_image_url": "http://pbs.twimg.com/profile_images/640997070564814848/r9ZCRIge_normal.jpg", "following": null, "geo_enabled": false, "profile_background_image_url": "http://abs.twimg.com/images/themes/theme1/bg.png", "screen_name": "Saberghoff", "lang": "en", "profile_background_tile": false, "favourites_count": 1817, "name": "Sheryl Berghoff", "notifications": null, "url": null, "created_at": "Wed May 02 22:48:50 +0000 2012", "contributors_enabled": false, "time_zone": null, "protected": false, "default_profile": true, "is_translator": false}, "geo": null, "in_reply_to_user_id_str": null, "lang": "en", "created_at": "Wed Oct 21 18:21:02 +0000 2015", "in_reply_to_status_id_str": null, "place": null, "metadata": {"iso_language_code": "en", "result_type": "recent"}}