{"contributors": null, "truncated": false, "text": "RT @AlgeriaFaraDaSe: #Algerie #Rcd #Coordo #TransitionDemocratique #Tamazight[#Kabylie] #Krdst #Afrique\n\n#Us[#Biden Via #HillaryClinton]: h\u2026", "is_quote_status": true, "in_reply_to_status_id": null, "id": 656897406164979718, "favorite_count": 0, "source": "<a href=\"https://roundteam.co\" rel=\"nofollow\">RoundTeam</a>", "retweeted": false, "coordinates": null, "entities": {"symbols": [], "user_mentions": [{"id": 436987962, "indices": [3, 19], "id_str": "436987962", "screen_name": "AlgeriaFaraDaSe", "name": "Ramdane SADI"}], "hashtags": [{"indices": [21, 29], "text": "Algerie"}, {"indices": [30, 34], "text": "Rcd"}, {"indices": [35, 42], "text": "Coordo"}, {"indices": [43, 66], "text": "TransitionDemocratique"}, {"indices": [67, 77], "text": "Tamazight"}, {"indices": [78, 86], "text": "Kabylie"}, {"indices": [88, 94], "text": "Krdst"}, {"indices": [95, 103], "text": "Afrique"}, {"indices": [105, 108], "text": "Us"}, {"indices": [109, 115], "text": "Biden"}, {"indices": [120, 135], "text": "HillaryClinton"}], "urls": [{"url": "https://t.co/nRyBMET6qh", "indices": [139, 140], "expanded_url": "https://twitter.com/PzFeed/status/656873362401136640", "display_url": "twitter.com/PzFeed/status/\u2026"}]}, "in_reply_to_screen_name": null, "in_reply_to_user_id": null, "retweet_count": 1, "id_str": "656897406164979718", "favorited": false, "retweeted_status": {"contributors": null, "truncated": false, "text": "#Algerie #Rcd #Coordo #TransitionDemocratique #Tamazight[#Kabylie] #Krdst #Afrique\n\n#Us[#Biden Via #HillaryClinton]: https://t.co/nRyBMET6qh", "is_quote_status": true, "in_reply_to_status_id": null, "id": 656893248846372864, "favorite_count": 0, "entities": {"symbols": [], "user_mentions": [], "hashtags": [{"indices": [0, 8], "text": "Algerie"}, {"indices": [9, 13], "text": "Rcd"}, {"indices": [14, 21], "text": "Coordo"}, {"indices": [22, 45], "text": "TransitionDemocratique"}, {"indices": [46, 56], "text": "Tamazight"}, {"indices": [57, 65], "text": "Kabylie"}, {"indices": [67, 73], "text": "Krdst"}, {"indices": [74, 82], "text": "Afrique"}, {"indices": [84, 87], "text": "Us"}, {"indices": [88, 94], "text": "Biden"}, {"indices": [99, 114], "text": "HillaryClinton"}], "urls": [{"url": "https://t.co/nRyBMET6qh", "indices": [117, 140], "expanded_url": "https://twitter.com/PzFeed/status/656873362401136640", "display_url": "twitter.com/PzFeed/status/\u2026"}]}, "quoted_status_id": 656873362401136640, "retweeted": false, "coordinates": null, "quoted_status": {"contributors": null, "truncated": false, "text": "VP Biden announces he's not running. Hillary Clinton: https://t.co/EIpViggcps", "is_quote_status": false, "in_reply_to_status_id": null, "id": 656873362401136640, "favorite_count": 79, "source": "<a href=\"https://about.twitter.com/products/tweetdeck\" rel=\"nofollow\">TweetDeck</a>", "retweeted": false, "coordinates": null, "entities": {"symbols": [], "user_mentions": [], "hashtags": [], "urls": [{"url": "https://t.co/EIpViggcps", "indices": [54, 77], "expanded_url": "http://twitter.com/PzFeed/status/656873362401136640/photo/1", "display_url": "pic.twitter.com/EIpViggcps"}]}, "in_reply_to_screen_name": null, "in_reply_to_user_id": null, "retweet_count": 75, "id_str": "656873362401136640", "favorited": false, "geo": null, "in_reply_to_user_id_str": null, "possibly_sensitive": true, "lang": "en", "created_at": "Wed Oct 21 16:43:08 +0000 2015", "in_reply_to_status_id_str": null, "place": null, "metadata": {"iso_language_code": "und", "result_type": "recent"}}, "source": "<a href=\"http://twitter.com\" rel=\"nofollow\">Twitter Web Client</a>", "in_reply_to_screen_name": null, "in_reply_to_user_id": null, "retweet_count": 1, "id_str": "656893248846372864", "favorited": false, "user": {"follow_request_sent": null, "has_extended_profile": false, "profile_use_background_image": true, "default_profile_image": false, "id": 436987962, "profile_background_image_url_https": "https://abs.twimg.com/images/themes/theme1/bg.png", "verified": false, "profile_text_color": "333333", "profile_image_url_https": "https://pbs.twimg.com/profile_images/499488314412367872/Znzm6cv1_normal.png", "profile_sidebar_fill_color": "DDEEF6", "entities": {"url": {"urls": [{"url": "http://t.co/RedFnNIypO", "indices": [0, 22], "expanded_url": "http://www.algeriafaradase.net/", "display_url": "algeriafaradase.net"}]}, "description": {"urls": []}}, "followers_count": 1700, "profile_sidebar_border_color": "C0DEED", "id_str": "436987962", "profile_background_color": "C0DEED", "listed_count": 70, "is_translation_enabled": false, "utc_offset": 7200, "statuses_count": 51437, "description": "Aghribs/GdeKabylie/Dz Ecole Janin\r\nLyc\u00e9es  Amirouche/Tizi Abdelkader/AlG\r\nUniversit\u00e9s/AlG/Paris (Math, Ethno...)\r\nDroits & D\u00e9mocratie Tout un programme en Dz !", "friends_count": 1908, "location": "Paris", "profile_link_color": "0084B4", "profile_image_url": "http://pbs.twimg.com/profile_images/499488314412367872/Znzm6cv1_normal.png", "following": null, "geo_enabled": true, "profile_banner_url": "https://pbs.twimg.com/profile_banners/436987962/1407922356", "profile_background_image_url": "http://abs.twimg.com/images/themes/theme1/bg.png", "screen_name": "AlgeriaFaraDaSe", "lang": "fr", "profile_background_tile": false, "favourites_count": 4091, "name": "Ramdane SADI", "notifications": null, "url": "http://t.co/RedFnNIypO", "created_at": "Wed Dec 14 20:41:41 +0000 2011", "contributors_enabled": false, "time_zone": "Paris", "protected": false, "default_profile": true, "is_translator": false}, "geo": null, "in_reply_to_user_id_str": null, "possibly_sensitive": false, "lang": "und", "created_at": "Wed Oct 21 18:02:09 +0000 2015", "quoted_status_id_str": "656873362401136640", "in_reply_to_status_id_str": null, "place": null, "metadata": {"iso_language_code": "und", "result_type": "recent"}}, "user": {"follow_request_sent": null, "has_extended_profile": false, "profile_use_background_image": true, "default_profile_image": false, "id": 250717155, "profile_background_image_url_https": "https://pbs.twimg.com/profile_background_images/278664664/afro_logo.jpg", "verified": false, "profile_text_color": "333333", "profile_image_url_https": "https://pbs.twimg.com/profile_images/622784490310492160/wDuCGh5p_normal.jpg", "profile_sidebar_fill_color": "DDEEF6", "entities": {"description": {"urls": []}}, "followers_count": 945, "profile_sidebar_border_color": "C0DEED", "id_str": "250717155", "profile_background_color": "C0DEED", "listed_count": 349, "is_translation_enabled": false, "utc_offset": null, "statuses_count": 82318, "description": "Afrodisiac's is the beacon of the African cultural nightlife explosion in the Midwest & showcases its commitment to quality shows that feature diversity & unity", "friends_count": 364, "location": "CHICAGO", "profile_link_color": "0084B4", "profile_image_url": "http://pbs.twimg.com/profile_images/622784490310492160/wDuCGh5p_normal.jpg", "following": null, "geo_enabled": true, "profile_banner_url": "https://pbs.twimg.com/profile_banners/250717155/1425161733", "profile_background_image_url": "http://pbs.twimg.com/profile_background_images/278664664/afro_logo.jpg", "screen_name": "Afrodisiac_PV", "lang": "en", "profile_background_tile": false, "favourites_count": 157, "name": "Afrodisiac-PV", "notifications": null, "url": null, "created_at": "Fri Feb 11 17:17:12 +0000 2011", "contributors_enabled": false, "time_zone": null, "protected": false, "default_profile": false, "is_translator": false}, "geo": null, "in_reply_to_user_id_str": null, "possibly_sensitive": false, "lang": "und", "created_at": "Wed Oct 21 18:18:40 +0000 2015", "in_reply_to_status_id_str": null, "place": null, "metadata": {"iso_language_code": "und", "result_type": "recent"}}