{"contributors": null, "truncated": false, "text": "RT @Varneyco: .@petehoekstra on #HillaryClinton: The public may think the email scandal is gone but the FBI isn't at that point.", "is_quote_status": false, "in_reply_to_status_id": null, "id": 656899082582028288, "favorite_count": 0, "source": "<a href=\"http://twitter.com\" rel=\"nofollow\">Twitter Web Client</a>", "retweeted": false, "coordinates": null, "entities": {"symbols": [], "user_mentions": [{"id": 281610530, "indices": [3, 12], "id_str": "281610530", "screen_name": "Varneyco", "name": "Varney & Co. "}, {"id": 15661604, "indices": [15, 28], "id_str": "15661604", "screen_name": "petehoekstra", "name": "Pete Hoekstra"}], "hashtags": [{"indices": [32, 47], "text": "HillaryClinton"}], "urls": []}, "in_reply_to_screen_name": null, "in_reply_to_user_id": null, "retweet_count": 9, "id_str": "656899082582028288", "favorited": false, "retweeted_status": {"contributors": null, "truncated": false, "text": ".@petehoekstra on #HillaryClinton: The public may think the email scandal is gone but the FBI isn't at that point.", "is_quote_status": false, "in_reply_to_status_id": null, "id": 656841046555512832, "favorite_count": 8, "source": "<a href=\"http://twitter.com\" rel=\"nofollow\">Twitter Web Client</a>", "retweeted": false, "coordinates": null, "entities": {"symbols": [], "user_mentions": [{"id": 15661604, "indices": [1, 14], "id_str": "15661604", "screen_name": "petehoekstra", "name": "Pete Hoekstra"}], "hashtags": [{"indices": [18, 33], "text": "HillaryClinton"}], "urls": []}, "in_reply_to_screen_name": null, "in_reply_to_user_id": null, "retweet_count": 9, "id_str": "656841046555512832", "favorited": false, "user": {"follow_request_sent": null, "has_extended_profile": false, "profile_use_background_image": true, "default_profile_image": false, "id": 281610530, "profile_background_image_url_https": "https://pbs.twimg.com/profile_background_images/434433123435036672/Ka6d8cru.png", "verified": true, "profile_text_color": "333333", "profile_image_url_https": "https://pbs.twimg.com/profile_images/462238346727526401/9vqChgMI_normal.png", "profile_sidebar_fill_color": "E3D29A", "entities": {"url": {"urls": [{"url": "http://t.co/jyO5Ur2JbE", "indices": [0, 22], "expanded_url": "http://foxbusiness.com/varney", "display_url": "foxbusiness.com/varney"}]}, "description": {"urls": []}}, "followers_count": 92077, "profile_sidebar_border_color": "FFFFFF", "id_str": "281610530", "profile_background_color": "000000", "listed_count": 1153, "is_translation_enabled": false, "utc_offset": -25200, "statuses_count": 10042, "description": "Airing Weekdays at 9AM ET on the Fox Business Network.  Note: These tweets come from Varney & Co. production team, not Stuart himself.", "friends_count": 650, "location": "New York", "profile_link_color": "0084B4", "profile_image_url": "http://pbs.twimg.com/profile_images/462238346727526401/9vqChgMI_normal.png", "following": null, "geo_enabled": false, "profile_banner_url": "https://pbs.twimg.com/profile_banners/281610530/1399041192", "profile_background_image_url": "http://pbs.twimg.com/profile_background_images/434433123435036672/Ka6d8cru.png", "screen_name": "Varneyco", "lang": "en", "profile_background_tile": false, "favourites_count": 870, "name": "Varney & Co. ", "notifications": null, "url": "http://t.co/jyO5Ur2JbE", "created_at": "Wed Apr 13 16:27:54 +0000 2011", "contributors_enabled": false, "time_zone": "Pacific Time (US & Canada)", "protected": false, "default_profile": false, "is_translator": false}, "geo": null, "in_reply_to_user_id_str": null, "lang": "en", "created_at": "Wed Oct 21 14:34:43 +0000 2015", "in_reply_to_status_id_str": null, "place": null, "metadata": {"iso_language_code": "en", "result_type": "recent"}}, "user": {"follow_request_sent": null, "has_extended_profile": false, "profile_use_background_image": true, "default_profile_image": true, "id": 452770015, "profile_background_image_url_https": "https://abs.twimg.com/images/themes/theme1/bg.png", "verified": false, "profile_text_color": "333333", "profile_image_url_https": "https://abs.twimg.com/sticky/default_profile_images/default_profile_5_normal.png", "profile_sidebar_fill_color": "DDEEF6", "entities": {"description": {"urls": []}}, "followers_count": 47, "profile_sidebar_border_color": "C0DEED", "id_str": "452770015", "profile_background_color": "C0DEED", "listed_count": 4, "is_translation_enabled": false, "utc_offset": null, "statuses_count": 4998, "description": "", "friends_count": 122, "location": "San Diego, CA", "profile_link_color": "0084B4", "profile_image_url": "http://abs.twimg.com/sticky/default_profile_images/default_profile_5_normal.png", "following": null, "geo_enabled": true, "profile_background_image_url": "http://abs.twimg.com/images/themes/theme1/bg.png", "screen_name": "johncparnell", "lang": "en", "profile_background_tile": false, "favourites_count": 357, "name": "john parnell", "notifications": null, "url": null, "created_at": "Mon Jan 02 06:48:23 +0000 2012", "contributors_enabled": false, "time_zone": null, "protected": false, "default_profile": true, "is_translator": false}, "geo": null, "in_reply_to_user_id_str": null, "lang": "en", "created_at": "Wed Oct 21 18:25:20 +0000 2015", "in_reply_to_status_id_str": null, "place": null, "metadata": {"iso_language_code": "en", "result_type": "recent"}}