{"contributors": null, "truncated": false, "text": "RT @southpaw816: @JudicialWatch @HillaryClinton @HouseBenghazi #Democrats will spend the whole time saying how great #Hillary2016 is", "is_quote_status": false, "in_reply_to_status_id": null, "id": 656897602110156800, "favorite_count": 0, "source": "<a href=\"http://twitter.com/download/iphone\" rel=\"nofollow\">Twitter for iPhone</a>", "retweeted": false, "coordinates": null, "entities": {"symbols": [], "user_mentions": [{"id": 824328062, "indices": [3, 15], "id_str": "824328062", "screen_name": "southpaw816", "name": "Cathy"}, {"id": 18247062, "indices": [17, 31], "id_str": "18247062", "screen_name": "JudicialWatch", "name": "Judicial Watch"}, {"id": 1339835893, "indices": [32, 47], "id_str": "1339835893", "screen_name": "HillaryClinton", "name": "Hillary Clinton"}, {"id": 2786564756, "indices": [48, 62], "id_str": "2786564756", "screen_name": "HouseBenghazi", "name": "Benghazi Committee"}], "hashtags": [{"indices": [63, 73], "text": "Democrats"}, {"indices": [117, 129], "text": "Hillary2016"}], "urls": []}, "in_reply_to_screen_name": null, "in_reply_to_user_id": null, "retweet_count": 1, "id_str": "656897602110156800", "favorited": false, "retweeted_status": {"contributors": null, "truncated": false, "text": "@JudicialWatch @HillaryClinton @HouseBenghazi #Democrats will spend the whole time saying how great #Hillary2016 is", "is_quote_status": false, "in_reply_to_status_id": 656175565154729985, "id": 656281985363615745, "favorite_count": 0, "source": "<a href=\"http://twitter.com/download/android\" rel=\"nofollow\">Twitter for Android</a>", "retweeted": false, "coordinates": null, "entities": {"symbols": [], "user_mentions": [{"id": 18247062, "indices": [0, 14], "id_str": "18247062", "screen_name": "JudicialWatch", "name": "Judicial Watch"}, {"id": 1339835893, "indices": [15, 30], "id_str": "1339835893", "screen_name": "HillaryClinton", "name": "Hillary Clinton"}, {"id": 2786564756, "indices": [31, 45], "id_str": "2786564756", "screen_name": "HouseBenghazi", "name": "Benghazi Committee"}], "hashtags": [{"indices": [46, 56], "text": "Democrats"}, {"indices": [100, 112], "text": "Hillary2016"}], "urls": []}, "in_reply_to_screen_name": "JudicialWatch", "in_reply_to_user_id": 18247062, "retweet_count": 1, "id_str": "656281985363615745", "favorited": false, "user": {"follow_request_sent": null, "has_extended_profile": false, "profile_use_background_image": true, "default_profile_image": false, "id": 824328062, "profile_background_image_url_https": "https://abs.twimg.com/images/themes/theme1/bg.png", "verified": false, "profile_text_color": "333333", "profile_image_url_https": "https://pbs.twimg.com/profile_images/656833484564987904/h1QjcXDG_normal.jpg", "profile_sidebar_fill_color": "DDEEF6", "entities": {"description": {"urls": []}}, "followers_count": 198, "profile_sidebar_border_color": "C0DEED", "id_str": "824328062", "profile_background_color": "C0DEED", "listed_count": 12, "is_translation_enabled": false, "utc_offset": null, "statuses_count": 7407, "description": "PA mountain girl, proud Mom, proud wife of Viet Nam vet, proud daughter of Korean War vet, proud sister of brother/sister Navy vets", "friends_count": 159, "location": " PA", "profile_link_color": "0084B4", "profile_image_url": "http://pbs.twimg.com/profile_images/656833484564987904/h1QjcXDG_normal.jpg", "following": null, "geo_enabled": false, "profile_banner_url": "https://pbs.twimg.com/profile_banners/824328062/1443747880", "profile_background_image_url": "http://abs.twimg.com/images/themes/theme1/bg.png", "screen_name": "southpaw816", "lang": "en", "profile_background_tile": false, "favourites_count": 6209, "name": "Cathy", "notifications": null, "url": null, "created_at": "Sat Sep 15 01:32:46 +0000 2012", "contributors_enabled": false, "time_zone": null, "protected": false, "default_profile": true, "is_translator": false}, "geo": null, "in_reply_to_user_id_str": "18247062", "lang": "en", "created_at": "Tue Oct 20 01:33:13 +0000 2015", "in_reply_to_status_id_str": "656175565154729985", "place": null, "metadata": {"iso_language_code": "en", "result_type": "recent"}}, "user": {"follow_request_sent": null, "has_extended_profile": false, "profile_use_background_image": true, "default_profile_image": false, "id": 264219232, "profile_background_image_url_https": "https://abs.twimg.com/images/themes/theme1/bg.png", "verified": false, "profile_text_color": "333333", "profile_image_url_https": "https://pbs.twimg.com/profile_images/648859534342033408/hEB24dzh_normal.jpg", "profile_sidebar_fill_color": "DDEEF6", "entities": {"description": {"urls": []}}, "followers_count": 3958, "profile_sidebar_border_color": "C0DEED", "id_str": "264219232", "profile_background_color": "C0DEED", "listed_count": 143, "is_translation_enabled": false, "utc_offset": -25200, "statuses_count": 84078, "description": "Retired Prob on DHS list not PC WFB if I can #patriot #tcot", "friends_count": 4042, "location": "Portland, OR", "profile_link_color": "0084B4", "profile_image_url": "http://pbs.twimg.com/profile_images/648859534342033408/hEB24dzh_normal.jpg", "following": null, "geo_enabled": false, "profile_background_image_url": "http://abs.twimg.com/images/themes/theme1/bg.png", "screen_name": "GunnetteP", "lang": "en", "profile_background_tile": false, "favourites_count": 28583, "name": "50ShadesOfPissedOff", "notifications": null, "url": null, "created_at": "Fri Mar 11 14:58:35 +0000 2011", "contributors_enabled": false, "time_zone": "Pacific Time (US & Canada)", "protected": false, "default_profile": true, "is_translator": false}, "geo": null, "in_reply_to_user_id_str": null, "lang": "en", "created_at": "Wed Oct 21 18:19:27 +0000 2015", "in_reply_to_status_id_str": null, "place": null, "metadata": {"iso_language_code": "en", "result_type": "recent"}}