{"contributors": null, "truncated": false, "text": "Hillary's post-debate bump continues https://t.co/WA5uDqeeRq #uniteblue #hillary2016 #feelthebern", "is_quote_status": false, "in_reply_to_status_id": null, "id": 656899212441964544, "favorite_count": 1, "source": "<a href=\"http://twitter.com/download/iphone\" rel=\"nofollow\">Twitter for iPhone</a>", "retweeted": false, "coordinates": null, "entities": {"symbols": [], "user_mentions": [], "hashtags": [{"indices": [61, 71], "text": "uniteblue"}, {"indices": [72, 84], "text": "hillary2016"}, {"indices": [85, 97], "text": "feelthebern"}], "urls": [{"url": "https://t.co/WA5uDqeeRq", "indices": [37, 60], "expanded_url": "http://on.msnbc.com/1jT1F8H", "display_url": "on.msnbc.com/1jT1F8H"}]}, "in_reply_to_screen_name": null, "in_reply_to_user_id": null, "retweet_count": 1, "id_str": "656899212441964544", "favorited": false, "user": {"follow_request_sent": null, "has_extended_profile": false, "profile_use_background_image": false, "default_profile_image": false, "id": 33545336, "profile_background_image_url_https": "https://abs.twimg.com/images/themes/theme15/bg.png", "verified": false, "profile_text_color": "000000", "profile_image_url_https": "https://pbs.twimg.com/profile_images/649150608021299200/vkegJ-gH_normal.jpg", "profile_sidebar_fill_color": "000000", "entities": {"description": {"urls": []}}, "followers_count": 899, "profile_sidebar_border_color": "000000", "id_str": "33545336", "profile_background_color": "000000", "listed_count": 44, "is_translation_enabled": false, "utc_offset": -14400, "statuses_count": 7115, "description": "Kentuckian, Taurus, University Of Kentucky Basketball & Football Fan, Big Brother fan, Dolly Parton Fanatic, Liberal, Love The Beach And Mountains. #Hillary2016", "friends_count": 1283, "location": "kentucky", "profile_link_color": "0000CD", "profile_image_url": "http://pbs.twimg.com/profile_images/649150608021299200/vkegJ-gH_normal.jpg", "following": null, "geo_enabled": true, "profile_banner_url": "https://pbs.twimg.com/profile_banners/33545336/1443735210", "profile_background_image_url": "http://abs.twimg.com/images/themes/theme15/bg.png", "screen_name": "Jonathanky74", "lang": "en", "profile_background_tile": false, "favourites_count": 5134, "name": "Jonathan", "notifications": null, "url": null, "created_at": "Mon Apr 20 15:17:10 +0000 2009", "contributors_enabled": false, "time_zone": "Eastern Time (US & Canada)", "protected": false, "default_profile": false, "is_translator": false}, "geo": null, "in_reply_to_user_id_str": null, "possibly_sensitive": false, "lang": "en", "created_at": "Wed Oct 21 18:25:51 +0000 2015", "in_reply_to_status_id_str": null, "place": null, "metadata": {"iso_language_code": "en", "result_type": "recent"}}