{"contributors": null, "truncated": false, "text": "She's ready. #Hillary2016 #ImWithHer bring it on! https://t.co/lmspnnuWkp", "is_quote_status": false, "in_reply_to_status_id": null, "id": 656898658604969984, "favorite_count": 1, "source": "<a href=\"http://twitter.com/download/iphone\" rel=\"nofollow\">Twitter for iPhone</a>", "retweeted": false, "coordinates": null, "entities": {"symbols": [], "user_mentions": [], "hashtags": [{"indices": [13, 25], "text": "Hillary2016"}, {"indices": [26, 36], "text": "ImWithHer"}], "urls": [], "media": [{"expanded_url": "http://twitter.com/chi910/status/656898658604969984/photo/1", "display_url": "pic.twitter.com/lmspnnuWkp", "url": "https://t.co/lmspnnuWkp", "media_url_https": "https://pbs.twimg.com/media/CR3F2NBVEAA4DLV.jpg", "id_str": "656898655664803840", "sizes": {"large": {"h": 236, "resize": "fit", "w": 236}, "small": {"h": 236, "resize": "fit", "w": 236}, "medium": {"h": 236, "resize": "fit", "w": 236}, "thumb": {"h": 150, "resize": "crop", "w": 150}}, "indices": [50, 73], "type": "photo", "id": 656898655664803840, "media_url": "http://pbs.twimg.com/media/CR3F2NBVEAA4DLV.jpg"}]}, "in_reply_to_screen_name": null, "in_reply_to_user_id": null, "retweet_count": 0, "id_str": "656898658604969984", "favorited": false, "user": {"follow_request_sent": null, "has_extended_profile": true, "profile_use_background_image": true, "default_profile_image": false, "id": 21909984, "profile_background_image_url_https": "https://pbs.twimg.com/profile_background_images/15831025/Monroe_Light.jpg", "verified": false, "profile_text_color": "333333", "profile_image_url_https": "https://pbs.twimg.com/profile_images/1552257170/222781_1878903966108_1046545299_32100942_3639132_n_normal.jpg", "profile_sidebar_fill_color": "DDFFCC", "entities": {"description": {"urls": []}}, "followers_count": 1917, "profile_sidebar_border_color": "BDDCAD", "id_str": "21909984", "profile_background_color": "9AE4E8", "listed_count": 89, "is_translation_enabled": false, "utc_offset": -14400, "statuses_count": 12262, "description": "A Liberal Progressive fighting for fairness and the middle class. Not impressed with rabid Bernie supporters so keep on walking.", "friends_count": 1816, "location": "New York Metropolitan area", "profile_link_color": "0084B4", "profile_image_url": "http://pbs.twimg.com/profile_images/1552257170/222781_1878903966108_1046545299_32100942_3639132_n_normal.jpg", "following": null, "geo_enabled": true, "profile_background_image_url": "http://pbs.twimg.com/profile_background_images/15831025/Monroe_Light.jpg", "screen_name": "chi910", "lang": "en", "profile_background_tile": true, "favourites_count": 1950, "name": "Midge Hough", "notifications": null, "url": null, "created_at": "Wed Feb 25 19:57:18 +0000 2009", "contributors_enabled": false, "time_zone": "Eastern Time (US & Canada)", "protected": false, "default_profile": false, "is_translator": false}, "geo": null, "in_reply_to_user_id_str": null, "possibly_sensitive": false, "lang": "en", "created_at": "Wed Oct 21 18:23:39 +0000 2015", "in_reply_to_status_id_str": null, "place": null, "metadata": {"iso_language_code": "en", "result_type": "recent"}}