{"contributors": null, "truncated": false, "text": "Hillary's press corps: Oh The Diversity https://t.co/ifo0fglMCe @HillaryClinton #Hillary2016 https://t.co/OvxKS22fSN", "is_quote_status": false, "in_reply_to_status_id": null, "id": 656899027238129664, "favorite_count": 1, "source": "<a href=\"http://twitter.com\" rel=\"nofollow\">Twitter Web Client</a>", "retweeted": false, "coordinates": null, "entities": {"symbols": [], "user_mentions": [{"id": 1339835893, "indices": [64, 79], "id_str": "1339835893", "screen_name": "HillaryClinton", "name": "Hillary Clinton"}], "hashtags": [{"indices": [80, 92], "text": "Hillary2016"}], "urls": [{"url": "https://t.co/ifo0fglMCe", "indices": [40, 63], "expanded_url": "http://politi.co/1W0gTEO", "display_url": "politi.co/1W0gTEO"}], "media": [{"expanded_url": "http://twitter.com/thingslibssay/status/656899027238129664/photo/1", "display_url": "pic.twitter.com/OvxKS22fSN", "url": "https://t.co/OvxKS22fSN", "media_url_https": "https://pbs.twimg.com/media/CR3GLzFUEAEUbGb.jpg", "id_str": "656899026659315713", "sizes": {"large": {"h": 555, "resize": "fit", "w": 1024}, "small": {"h": 184, "resize": "fit", "w": 340}, "medium": {"h": 325, "resize": "fit", "w": 600}, "thumb": {"h": 150, "resize": "crop", "w": 150}}, "indices": [93, 116], "type": "photo", "id": 656899026659315713, "media_url": "http://pbs.twimg.com/media/CR3GLzFUEAEUbGb.jpg"}]}, "in_reply_to_screen_name": null, "in_reply_to_user_id": null, "retweet_count": 1, "id_str": "656899027238129664", "favorited": false, "user": {"follow_request_sent": null, "has_extended_profile": false, "profile_use_background_image": false, "default_profile_image": false, "id": 96412059, "profile_background_image_url_https": "https://pbs.twimg.com/profile_background_images/59370888/woodstockr.jpg", "verified": false, "profile_text_color": "333333", "profile_image_url_https": "https://pbs.twimg.com/profile_images/656145973245120512/b-8gyTQ-_normal.jpg", "profile_sidebar_fill_color": "16839E", "entities": {"url": {"urls": [{"url": "https://t.co/viJUAoDvHN", "indices": [0, 23], "expanded_url": "https://twitter.com/search?q=from%3A%40thingslibssay&src=typd", "display_url": "twitter.com/search?q=from%\u2026"}]}, "description": {"urls": []}}, "followers_count": 258, "profile_sidebar_border_color": "A8C7F7", "id_str": "96412059", "profile_background_color": "030C0F", "listed_count": 3, "is_translation_enabled": false, "utc_offset": -28800, "statuses_count": 247, "description": "Can't, primping for my dream date with @anncoulter. Classical liberal trying to stay off the Hollywood Blacklist.  More DMs, hashtags, manual RTs please.", "friends_count": 764, "location": "Tinseltown", "profile_link_color": "8F061D", "profile_image_url": "http://pbs.twimg.com/profile_images/656145973245120512/b-8gyTQ-_normal.jpg", "following": null, "geo_enabled": false, "profile_banner_url": "https://pbs.twimg.com/profile_banners/96412059/1445184504", "profile_background_image_url": "http://pbs.twimg.com/profile_background_images/59370888/woodstockr.jpg", "screen_name": "thingslibssay", "lang": "en", "profile_background_tile": false, "favourites_count": 190, "name": "David Chappellet", "notifications": null, "url": "https://t.co/viJUAoDvHN", "created_at": "Sat Dec 12 20:28:16 +0000 2009", "contributors_enabled": false, "time_zone": "Alaska", "protected": false, "default_profile": false, "is_translator": false}, "geo": null, "in_reply_to_user_id_str": null, "possibly_sensitive": false, "lang": "en", "created_at": "Wed Oct 21 18:25:07 +0000 2015", "in_reply_to_status_id_str": null, "place": null, "metadata": {"iso_language_code": "en", "result_type": "recent"}}