{"contributors": null, "truncated": false, "text": "@benshapiro @LouShelly You shouldn't make fun of a woman who suffered a brain injury after \"fainting\" from \"dehydration.\" #Hillary2016", "is_quote_status": false, "in_reply_to_status_id": 656871517909725184, "id": 656898394242351104, "favorite_count": 1, "source": "<a href=\"http://twitter.com/#!/download/ipad\" rel=\"nofollow\">Twitter for iPad</a>", "retweeted": false, "coordinates": null, "entities": {"symbols": [], "user_mentions": [{"id": 17995040, "indices": [0, 11], "id_str": "17995040", "screen_name": "benshapiro", "name": "Ben Shapiro"}, {"id": 505214831, "indices": [12, 22], "id_str": "505214831", "screen_name": "LouShelly", "name": "Shelly Lou"}], "hashtags": [{"indices": [122, 134], "text": "Hillary2016"}], "urls": []}, "in_reply_to_screen_name": "benshapiro", "in_reply_to_user_id": 17995040, "retweet_count": 1, "id_str": "656898394242351104", "favorited": false, "user": {"follow_request_sent": null, "has_extended_profile": false, "profile_use_background_image": true, "default_profile_image": false, "id": 47087664, "profile_background_image_url_https": "https://pbs.twimg.com/profile_background_images/378800000104901042/dffb252422944444fb5eaf7fc4c09aa5.jpeg", "verified": false, "profile_text_color": "333333", "profile_image_url_https": "https://pbs.twimg.com/profile_images/378800000392303870/d690ea0810fd5be33298fcaa808ee403_normal.jpeg", "profile_sidebar_fill_color": "DDEEF6", "entities": {"url": {"urls": [{"url": "http://t.co/JCRIOq1eYL", "indices": [0, 22], "expanded_url": "http://www.flickr.com/photos/cruadin/", "display_url": "flickr.com/photos/cruadin/"}]}, "description": {"urls": []}}, "followers_count": 1549, "profile_sidebar_border_color": "FFFFFF", "id_str": "47087664", "profile_background_color": "C0DEED", "listed_count": 15, "is_translation_enabled": false, "utc_offset": -14400, "statuses_count": 6772, "description": "History, Photography, Baseball, USAF Veteran, happily married Grandpa, reading the news helps me cope  with debilitating ebullience", "friends_count": 1630, "location": "East Tennessee", "profile_link_color": "0084B4", "profile_image_url": "http://pbs.twimg.com/profile_images/378800000392303870/d690ea0810fd5be33298fcaa808ee403_normal.jpeg", "following": null, "geo_enabled": false, "profile_banner_url": "https://pbs.twimg.com/profile_banners/47087664/1420918438", "profile_background_image_url": "http://pbs.twimg.com/profile_background_images/378800000104901042/dffb252422944444fb5eaf7fc4c09aa5.jpeg", "screen_name": "cruadin", "lang": "en", "profile_background_tile": true, "favourites_count": 3017, "name": "Cruadin", "notifications": null, "url": "http://t.co/JCRIOq1eYL", "created_at": "Sun Jun 14 13:02:16 +0000 2009", "contributors_enabled": false, "time_zone": "Eastern Time (US & Canada)", "protected": false, "default_profile": false, "is_translator": false}, "geo": null, "in_reply_to_user_id_str": "17995040", "lang": "en", "created_at": "Wed Oct 21 18:22:36 +0000 2015", "in_reply_to_status_id_str": "656871517909725184", "place": null, "metadata": {"iso_language_code": "en", "result_type": "recent"}}