{"contributors": null, "truncated": false, "text": "RT @voteforclintons: #MyGovHillary #HillaryClinton to want Strong Families #USA in #Colorado Somerset - https://t.co/NMnDmwtaWD https://t.c\u2026", "is_quote_status": false, "in_reply_to_status_id": null, "id": 656899380180447232, "favorite_count": 0, "source": "<a href=\"http://twitter.com/download/android\" rel=\"nofollow\">Twitter for Android</a>", "retweeted": false, "coordinates": null, "entities": {"symbols": [], "user_mentions": [{"id": 3179493427, "indices": [3, 19], "id_str": "3179493427", "screen_name": "voteforclintons", "name": "VikasG#Vote4Clintons"}], "hashtags": [{"indices": [21, 34], "text": "MyGovHillary"}, {"indices": [35, 50], "text": "HillaryClinton"}, {"indices": [75, 79], "text": "USA"}, {"indices": [83, 92], "text": "Colorado"}], "urls": [{"url": "https://t.co/NMnDmwtaWD", "indices": [104, 127], "expanded_url": "http://voteforclintons.com/cloud/families-vote4hillary-to-want-strong-family-in-colorado-somerset/", "display_url": "voteforclintons.com/cloud/families\u2026"}], "media": [{"source_user_id": 3179493427, "source_status_id_str": "656852166666276865", "expanded_url": "http://twitter.com/voteforclintons/status/656852166666276865/photo/1", "display_url": "pic.twitter.com/BkCUcW1xTb", "url": "https://t.co/BkCUcW1xTb", "media_url_https": "https://pbs.twimg.com/media/CR2bkLjWcAAcXQ-.png", "source_user_id_str": "3179493427", "source_status_id": 656852166666276865, "id_str": "656852166544617472", "sizes": {"small": {"h": 170, "resize": "fit", "w": 340}, "large": {"h": 250, "resize": "fit", "w": 500}, "medium": {"h": 250, "resize": "fit", "w": 500}, "thumb": {"h": 150, "resize": "crop", "w": 150}}, "indices": [139, 140], "type": "photo", "id": 656852166544617472, "media_url": "http://pbs.twimg.com/media/CR2bkLjWcAAcXQ-.png"}]}, "in_reply_to_screen_name": null, "in_reply_to_user_id": null, "retweet_count": 2, "id_str": "656899380180447232", "favorited": false, "retweeted_status": {"contributors": null, "truncated": false, "text": "#MyGovHillary #HillaryClinton to want Strong Families #USA in #Colorado Somerset - https://t.co/NMnDmwtaWD https://t.co/BkCUcW1xTb", "is_quote_status": false, "in_reply_to_status_id": null, "id": 656852166666276865, "favorite_count": 3, "source": "<a href=\"http://voteforclintons.com/\" rel=\"nofollow\">voteforclintons</a>", "retweeted": false, "coordinates": null, "entities": {"symbols": [], "user_mentions": [], "hashtags": [{"indices": [0, 13], "text": "MyGovHillary"}, {"indices": [14, 29], "text": "HillaryClinton"}, {"indices": [54, 58], "text": "USA"}, {"indices": [62, 71], "text": "Colorado"}], "urls": [{"url": "https://t.co/NMnDmwtaWD", "indices": [83, 106], "expanded_url": "http://voteforclintons.com/cloud/families-vote4hillary-to-want-strong-family-in-colorado-somerset/", "display_url": "voteforclintons.com/cloud/families\u2026"}], "media": [{"expanded_url": "http://twitter.com/voteforclintons/status/656852166666276865/photo/1", "display_url": "pic.twitter.com/BkCUcW1xTb", "url": "https://t.co/BkCUcW1xTb", "media_url_https": "https://pbs.twimg.com/media/CR2bkLjWcAAcXQ-.png", "id_str": "656852166544617472", "sizes": {"small": {"h": 170, "resize": "fit", "w": 340}, "large": {"h": 250, "resize": "fit", "w": 500}, "medium": {"h": 250, "resize": "fit", "w": 500}, "thumb": {"h": 150, "resize": "crop", "w": 150}}, "indices": [107, 130], "type": "photo", "id": 656852166544617472, "media_url": "http://pbs.twimg.com/media/CR2bkLjWcAAcXQ-.png"}]}, "in_reply_to_screen_name": null, "in_reply_to_user_id": null, "retweet_count": 2, "id_str": "656852166666276865", "favorited": false, "user": {"follow_request_sent": null, "has_extended_profile": false, "profile_use_background_image": true, "default_profile_image": false, "id": 3179493427, "profile_background_image_url_https": "https://pbs.twimg.com/profile_background_images/641236695782809600/YUW93DOT.jpg", "verified": false, "profile_text_color": "000000", "profile_image_url_https": "https://pbs.twimg.com/profile_images/652014098360635393/daAV27UC_normal.png", "profile_sidebar_fill_color": "000000", "entities": {"url": {"urls": [{"url": "http://t.co/vksBCSii1l", "indices": [0, 22], "expanded_url": "http://voteforclintons.com/", "display_url": "voteforclintons.com"}]}, "description": {"urls": [{"url": "https://t.co/NpFkgLJqoO", "indices": [122, 145], "expanded_url": "https://plus.google.com/collection/UBDcp", "display_url": "plus.google.com/collection/UBD\u2026"}]}}, "followers_count": 598, "profile_sidebar_border_color": "000000", "id_str": "3179493427", "profile_background_color": "FFCC4D", "listed_count": 28, "is_translation_enabled": false, "utc_offset": null, "statuses_count": 3385, "description": "PERSONAL|A FAN|VIEWS - #Vote4Hillary #Support4Clintons YES- #WeWillDoIt #HillaryClinton #Democrats RT- @MyGovHillary VOTE-https://t.co/NpFkgLJqoO", "friends_count": 1499, "location": "", "profile_link_color": "4A913C", "profile_image_url": "http://pbs.twimg.com/profile_images/652014098360635393/daAV27UC_normal.png", "following": null, "geo_enabled": false, "profile_banner_url": "https://pbs.twimg.com/profile_banners/3179493427/1441699063", "profile_background_image_url": "http://pbs.twimg.com/profile_background_images/641236695782809600/YUW93DOT.jpg", "screen_name": "voteforclintons", "lang": "en", "profile_background_tile": true, "favourites_count": 48, "name": "VikasG#Vote4Clintons", "notifications": null, "url": "http://t.co/vksBCSii1l", "created_at": "Wed Apr 29 15:21:04 +0000 2015", "contributors_enabled": false, "time_zone": null, "protected": false, "default_profile": false, "is_translator": false}, "geo": null, "in_reply_to_user_id_str": null, "possibly_sensitive": false, "lang": "en", "created_at": "Wed Oct 21 15:18:54 +0000 2015", "in_reply_to_status_id_str": null, "place": null, "metadata": {"iso_language_code": "en", "result_type": "recent"}}, "user": {"follow_request_sent": null, "has_extended_profile": false, "profile_use_background_image": true, "default_profile_image": false, "id": 569487350, "profile_background_image_url_https": "https://abs.twimg.com/images/themes/theme1/bg.png", "verified": false, "profile_text_color": "333333", "profile_image_url_https": "https://pbs.twimg.com/profile_images/640997070564814848/r9ZCRIge_normal.jpg", "profile_sidebar_fill_color": "DDEEF6", "entities": {"description": {"urls": []}}, "followers_count": 310, "profile_sidebar_border_color": "C0DEED", "id_str": "569487350", "profile_background_color": "C0DEED", "listed_count": 14, "is_translation_enabled": false, "utc_offset": null, "statuses_count": 2744, "description": "Chef : Mental Crisis Hospital Non-Profit .Animal Enthusiasts .Feminism = Equal Pay 4 Equal Work. Community Service was in volunteer P.A.Y. & Guardian ad Litem.", "friends_count": 735, "location": "Arizona, USA", "profile_link_color": "0084B4", "profile_image_url": "http://pbs.twimg.com/profile_images/640997070564814848/r9ZCRIge_normal.jpg", "following": null, "geo_enabled": false, "profile_background_image_url": "http://abs.twimg.com/images/themes/theme1/bg.png", "screen_name": "Saberghoff", "lang": "en", "profile_background_tile": false, "favourites_count": 1817, "name": "Sheryl Berghoff", "notifications": null, "url": null, "created_at": "Wed May 02 22:48:50 +0000 2012", "contributors_enabled": false, "time_zone": null, "protected": false, "default_profile": true, "is_translator": false}, "geo": null, "in_reply_to_user_id_str": null, "possibly_sensitive": false, "lang": "en", "created_at": "Wed Oct 21 18:26:31 +0000 2015", "in_reply_to_status_id_str": null, "place": null, "metadata": {"iso_language_code": "en", "result_type": "recent"}}