{"contributors": null, "truncated": false, "text": "@Libertea2012 No--we're just sick of hearing about #HillaryClinton....period.", "is_quote_status": false, "in_reply_to_status_id": 656899069822918656, "id": 656899384748015616, "favorite_count": 0, "source": "<a href=\"http://twitter.com\" rel=\"nofollow\">Twitter Web Client</a>", "retweeted": false, "coordinates": null, "entities": {"symbols": [], "user_mentions": [{"id": 607558430, "indices": [0, 13], "id_str": "607558430", "screen_name": "Libertea2012", "name": "The Progressive Mind"}], "hashtags": [{"indices": [51, 66], "text": "HillaryClinton"}], "urls": []}, "in_reply_to_screen_name": "Libertea2012", "in_reply_to_user_id": 607558430, "retweet_count": 1, "id_str": "656899384748015616", "favorited": false, "user": {"follow_request_sent": null, "has_extended_profile": false, "profile_use_background_image": true, "default_profile_image": false, "id": 242545646, "profile_background_image_url_https": "https://abs.twimg.com/images/themes/theme1/bg.png", "verified": false, "profile_text_color": "333333", "profile_image_url_https": "https://pbs.twimg.com/profile_images/1514791973/KAthy_s_Pic_normal.JPG", "profile_sidebar_fill_color": "DDEEF6", "entities": {"description": {"urls": []}}, "followers_count": 1260, "profile_sidebar_border_color": "C0DEED", "id_str": "242545646", "profile_background_color": "C0DEED", "listed_count": 82, "is_translation_enabled": false, "utc_offset": null, "statuses_count": 55926, "description": "Past Obama camp aide & journo.Radio  commentator. WARNING: VERY LIB.  Animal lover. #Snarky. #Seahawks  Book soon. READY FOR #BERNIESANDERS", "friends_count": 628, "location": "Salem, Oregon", "profile_link_color": "0084B4", "profile_image_url": "http://pbs.twimg.com/profile_images/1514791973/KAthy_s_Pic_normal.JPG", "following": null, "geo_enabled": true, "profile_background_image_url": "http://abs.twimg.com/images/themes/theme1/bg.png", "screen_name": "KathyAngel2", "lang": "en", "profile_background_tile": false, "favourites_count": 221, "name": "Kathy Randall ", "notifications": null, "url": null, "created_at": "Tue Jan 25 01:18:08 +0000 2011", "contributors_enabled": false, "time_zone": null, "protected": false, "default_profile": true, "is_translator": false}, "geo": null, "in_reply_to_user_id_str": "607558430", "lang": "en", "created_at": "Wed Oct 21 18:26:32 +0000 2015", "in_reply_to_status_id_str": "656899069822918656", "place": {"full_name": "Four Corners, OR", "url": "https://api.twitter.com/1.1/geo/id/8271f56611245451.json", "country": "United States", "place_type": "city", "bounding_box": {"type": "Polygon", "coordinates": [[[-122.990493, 44.9098742], [-122.9553031, 44.9098742], [-122.9553031, 44.962335], [-122.990493, 44.962335]]]}, "contained_within": [], "country_code": "US", "attributes": {}, "id": "8271f56611245451", "name": "Four Corners"}, "metadata": {"iso_language_code": "en", "result_type": "recent"}}