{"contributors": null, "truncated": false, "text": "RT @Mirage_Intl: #UnapologeticTruth #HillaryClinton http://t.co/afOSbJgkJf", "is_quote_status": false, "in_reply_to_status_id": null, "id": 656897225524559872, "favorite_count": 0, "source": "<a href=\"http://itunes.apple.com/us/app/twitter/id409789998?mt=12\" rel=\"nofollow\">Twitter for Mac</a>", "retweeted": false, "coordinates": null, "entities": {"symbols": [], "user_mentions": [{"id": 2904489946, "indices": [3, 15], "id_str": "2904489946", "screen_name": "Mirage_Intl", "name": "MIRAGE INTERNATIONAL"}], "hashtags": [{"indices": [17, 35], "text": "UnapologeticTruth"}, {"indices": [36, 51], "text": "HillaryClinton"}], "urls": [], "media": [{"source_user_id": 2904489946, "source_status_id_str": "655549949497577472", "expanded_url": "http://twitter.com/Mirage_Intl/status/655549949497577472/photo/1", "display_url": "pic.twitter.com/afOSbJgkJf", "url": "http://t.co/afOSbJgkJf", "media_url_https": "https://pbs.twimg.com/media/CRj7NG5VEAEe_9Y.jpg", "source_user_id_str": "2904489946", "source_status_id": 655549949497577472, "id_str": "655549948390346753", "sizes": {"small": {"h": 258, "resize": "fit", "w": 340}, "large": {"h": 418, "resize": "fit", "w": 550}, "medium": {"h": 418, "resize": "fit", "w": 550}, "thumb": {"h": 150, "resize": "crop", "w": 150}}, "indices": [52, 74], "type": "photo", "id": 655549948390346753, "media_url": "http://pbs.twimg.com/media/CRj7NG5VEAEe_9Y.jpg"}]}, "in_reply_to_screen_name": null, "in_reply_to_user_id": null, "retweet_count": 7, "id_str": "656897225524559872", "favorited": false, "retweeted_status": {"contributors": null, "truncated": false, "text": "#UnapologeticTruth #HillaryClinton http://t.co/afOSbJgkJf", "is_quote_status": false, "in_reply_to_status_id": null, "id": 655549949497577472, "favorite_count": 7, "source": "<a href=\"http://twitter.com/download/android\" rel=\"nofollow\">Twitter for Android</a>", "retweeted": false, "coordinates": null, "entities": {"symbols": [], "user_mentions": [], "hashtags": [{"indices": [0, 18], "text": "UnapologeticTruth"}, {"indices": [19, 34], "text": "HillaryClinton"}], "urls": [], "media": [{"expanded_url": "http://twitter.com/Mirage_Intl/status/655549949497577472/photo/1", "display_url": "pic.twitter.com/afOSbJgkJf", "url": "http://t.co/afOSbJgkJf", "media_url_https": "https://pbs.twimg.com/media/CRj7NG5VEAEe_9Y.jpg", "id_str": "655549948390346753", "sizes": {"small": {"h": 258, "resize": "fit", "w": 340}, "large": {"h": 418, "resize": "fit", "w": 550}, "medium": {"h": 418, "resize": "fit", "w": 550}, "thumb": {"h": 150, "resize": "crop", "w": 150}}, "indices": [35, 57], "type": "photo", "id": 655549948390346753, "media_url": "http://pbs.twimg.com/media/CRj7NG5VEAEe_9Y.jpg"}]}, "in_reply_to_screen_name": null, "in_reply_to_user_id": null, "retweet_count": 7, "id_str": "655549949497577472", "favorited": false, "user": {"follow_request_sent": null, "has_extended_profile": false, "profile_use_background_image": true, "default_profile_image": false, "id": 2904489946, "profile_background_image_url_https": "https://abs.twimg.com/images/themes/theme1/bg.png", "verified": false, "profile_text_color": "333333", "profile_image_url_https": "https://pbs.twimg.com/profile_images/540290989873963008/7O65GfrT_normal.jpeg", "profile_sidebar_fill_color": "DDEEF6", "entities": {"description": {"urls": []}}, "followers_count": 208, "profile_sidebar_border_color": "C0DEED", "id_str": "2904489946", "profile_background_color": "C0DEED", "listed_count": 1, "is_translation_enabled": false, "utc_offset": null, "statuses_count": 413, "description": "The Best Way To Predict The Future Is To Create it. \n#UnapologeticTruth", "friends_count": 665, "location": "United States", "profile_link_color": "0084B4", "profile_image_url": "http://pbs.twimg.com/profile_images/540290989873963008/7O65GfrT_normal.jpeg", "following": null, "geo_enabled": false, "profile_banner_url": "https://pbs.twimg.com/profile_banners/2904489946/1417650385", "profile_background_image_url": "http://abs.twimg.com/images/themes/theme1/bg.png", "screen_name": "Mirage_Intl", "lang": "en", "profile_background_tile": false, "favourites_count": 207, "name": "MIRAGE INTERNATIONAL", "notifications": null, "url": null, "created_at": "Wed Dec 03 23:40:35 +0000 2014", "contributors_enabled": false, "time_zone": null, "protected": false, "default_profile": true, "is_translator": false}, "geo": null, "in_reply_to_user_id_str": null, "possibly_sensitive": false, "lang": "und", "created_at": "Sun Oct 18 01:04:22 +0000 2015", "in_reply_to_status_id_str": null, "place": null, "metadata": {"iso_language_code": "und", "result_type": "recent"}}, "user": {"follow_request_sent": null, "has_extended_profile": false, "profile_use_background_image": true, "default_profile_image": false, "id": 47974330, "profile_background_image_url_https": "https://abs.twimg.com/images/themes/theme1/bg.png", "verified": false, "profile_text_color": "333333", "profile_image_url_https": "https://pbs.twimg.com/profile_images/626977079792275456/-LujVA5R_normal.jpg", "profile_sidebar_fill_color": "DDEEF6", "entities": {"description": {"urls": []}}, "followers_count": 390, "profile_sidebar_border_color": "C0DEED", "id_str": "47974330", "profile_background_color": "C0DEED", "listed_count": 15, "is_translation_enabled": false, "utc_offset": -25200, "statuses_count": 3339, "description": "Polyglot, tech wizard, entrepreneur, IT & Business Mgmt Consultant, US & China \u56fd\u9645\u5546\u4e1a\u4e13\u5bb6 and Libertarian.  \u03bc\u03bf\u03bb\u1f7c\u03bd \u03bb\u03b1\u03b2\u03ad", "friends_count": 506, "location": "Las Vegas, Siicon Valley, \u5317\u4eac\u4e0a\u6d77", "profile_link_color": "0084B4", "profile_image_url": "http://pbs.twimg.com/profile_images/626977079792275456/-LujVA5R_normal.jpg", "following": null, "geo_enabled": true, "profile_banner_url": "https://pbs.twimg.com/profile_banners/47974330/1401124629", "profile_background_image_url": "http://abs.twimg.com/images/themes/theme1/bg.png", "screen_name": "craigahumphreys", "lang": "en", "profile_background_tile": false, "favourites_count": 2208, "name": "Vegas Traveler \u97e9\u798f\u745e ", "notifications": null, "url": null, "created_at": "Wed Jun 17 14:19:31 +0000 2009", "contributors_enabled": false, "time_zone": "Pacific Time (US & Canada)", "protected": false, "default_profile": true, "is_translator": false}, "geo": null, "in_reply_to_user_id_str": null, "possibly_sensitive": false, "lang": "und", "created_at": "Wed Oct 21 18:17:57 +0000 2015", "in_reply_to_status_id_str": null, "place": null, "metadata": {"iso_language_code": "und", "result_type": "recent"}}