{"contributors": null, "truncated": false, "text": "RT @Telemundo: #JoeBiden anunci\u00f3 que no se postular\u00e1 a presidente de #EEUU y se fortalece la figura de #HillaryClinton. https://t.co/bKBwlH\u2026", "is_quote_status": false, "in_reply_to_status_id": null, "id": 656899219660271617, "favorite_count": 0, "source": "<a href=\"http://twitter.com/download/android\" rel=\"nofollow\">Twitter for Android</a>", "retweeted": false, "coordinates": null, "entities": {"symbols": [], "user_mentions": [{"id": 22952132, "indices": [3, 13], "id_str": "22952132", "screen_name": "Telemundo", "name": "Telemundo"}], "hashtags": [{"indices": [15, 24], "text": "JoeBiden"}, {"indices": [69, 74], "text": "EEUU"}, {"indices": [103, 118], "text": "HillaryClinton"}], "urls": [], "media": [{"source_user_id": 22952132, "source_status_id_str": "656897775821418496", "expanded_url": "http://twitter.com/Telemundo/status/656897775821418496/photo/1", "display_url": "pic.twitter.com/bKBwlHAGVp", "url": "https://t.co/bKBwlHAGVp", "media_url_https": "https://pbs.twimg.com/media/CR2_kKqVEAAwcEw.png", "source_user_id_str": "22952132", "source_status_id": 656897775821418496, "id_str": "656891748724051968", "sizes": {"small": {"h": 222, "resize": "fit", "w": 340}, "large": {"h": 386, "resize": "fit", "w": 589}, "medium": {"h": 386, "resize": "fit", "w": 589}, "thumb": {"h": 150, "resize": "crop", "w": 150}}, "indices": [120, 140], "type": "photo", "id": 656891748724051968, "media_url": "http://pbs.twimg.com/media/CR2_kKqVEAAwcEw.png"}]}, "in_reply_to_screen_name": null, "in_reply_to_user_id": null, "retweet_count": 10, "id_str": "656899219660271617", "favorited": false, "retweeted_status": {"contributors": null, "truncated": false, "text": "#JoeBiden anunci\u00f3 que no se postular\u00e1 a presidente de #EEUU y se fortalece la figura de #HillaryClinton. https://t.co/bKBwlHAGVp", "is_quote_status": false, "in_reply_to_status_id": null, "id": 656897775821418496, "favorite_count": 17, "source": "<a href=\"https://about.twitter.com/products/tweetdeck\" rel=\"nofollow\">TweetDeck</a>", "retweeted": false, "coordinates": null, "entities": {"symbols": [], "user_mentions": [], "hashtags": [{"indices": [0, 9], "text": "JoeBiden"}, {"indices": [54, 59], "text": "EEUU"}, {"indices": [88, 103], "text": "HillaryClinton"}], "urls": [], "media": [{"expanded_url": "http://twitter.com/Telemundo/status/656897775821418496/photo/1", "display_url": "pic.twitter.com/bKBwlHAGVp", "url": "https://t.co/bKBwlHAGVp", "media_url_https": "https://pbs.twimg.com/media/CR2_kKqVEAAwcEw.png", "id_str": "656891748724051968", "sizes": {"small": {"h": 222, "resize": "fit", "w": 340}, "large": {"h": 386, "resize": "fit", "w": 589}, "medium": {"h": 386, "resize": "fit", "w": 589}, "thumb": {"h": 150, "resize": "crop", "w": 150}}, "indices": [105, 128], "type": "photo", "id": 656891748724051968, "media_url": "http://pbs.twimg.com/media/CR2_kKqVEAAwcEw.png"}]}, "in_reply_to_screen_name": null, "in_reply_to_user_id": null, "retweet_count": 10, "id_str": "656897775821418496", "favorited": false, "user": {"follow_request_sent": null, "has_extended_profile": false, "profile_use_background_image": true, "default_profile_image": false, "id": 22952132, "profile_background_image_url_https": "https://pbs.twimg.com/profile_background_images/378800000161394020/FNV-ZX3r.jpeg", "verified": true, "profile_text_color": "333333", "profile_image_url_https": "https://pbs.twimg.com/profile_images/591260100536315905/b7NQLxOJ_normal.jpg", "profile_sidebar_fill_color": "EFEFEF", "entities": {"url": {"urls": [{"url": "http://t.co/QYJhoS4MkI", "indices": [0, 22], "expanded_url": "http://www.Telemundo.com", "display_url": "Telemundo.com"}]}, "description": {"urls": []}}, "followers_count": 2152486, "profile_sidebar_border_color": "FFFFFF", "id_str": "22952132", "profile_background_color": "131516", "listed_count": 5531, "is_translation_enabled": false, "utc_offset": -14400, "statuses_count": 66608, "description": "Cadena de Televisi\u00f3n Hispana que llega al 93% de los hogares hispanos en EE.UU, con presencia en m\u00e1s de 100 pa\u00edses alrededor del mundo. #TeamTelemundo", "friends_count": 962, "location": "Miami, FL", "profile_link_color": "009999", "profile_image_url": "http://pbs.twimg.com/profile_images/591260100536315905/b7NQLxOJ_normal.jpg", "following": null, "geo_enabled": true, "profile_banner_url": "https://pbs.twimg.com/profile_banners/22952132/1444789467", "profile_background_image_url": "http://pbs.twimg.com/profile_background_images/378800000161394020/FNV-ZX3r.jpeg", "screen_name": "Telemundo", "lang": "en", "profile_background_tile": false, "favourites_count": 1049, "name": "Telemundo", "notifications": null, "url": "http://t.co/QYJhoS4MkI", "created_at": "Thu Mar 05 18:02:06 +0000 2009", "contributors_enabled": false, "time_zone": "Eastern Time (US & Canada)", "protected": false, "default_profile": false, "is_translator": false}, "geo": null, "in_reply_to_user_id_str": null, "possibly_sensitive": false, "lang": "es", "created_at": "Wed Oct 21 18:20:08 +0000 2015", "in_reply_to_status_id_str": null, "place": null, "metadata": {"iso_language_code": "es", "result_type": "recent"}}, "user": {"follow_request_sent": null, "has_extended_profile": true, "profile_use_background_image": true, "default_profile_image": false, "id": 117320742, "profile_background_image_url_https": "https://pbs.twimg.com/profile_background_images/617846654603915265/SlnOpDnJ.jpg", "verified": false, "profile_text_color": "333333", "profile_image_url_https": "https://pbs.twimg.com/profile_images/3464046546/9962b0422a0a74f1ef6d9356764cf1be_normal.jpeg", "profile_sidebar_fill_color": "DCECF5", "entities": {"description": {"urls": []}}, "followers_count": 282, "profile_sidebar_border_color": "000000", "id_str": "117320742", "profile_background_color": "3B94D9", "listed_count": 4, "is_translation_enabled": false, "utc_offset": -21600, "statuses_count": 7481, "description": "", "friends_count": 916, "location": "EL SALVADOR", "profile_link_color": "3B94D9", "profile_image_url": "http://pbs.twimg.com/profile_images/3464046546/9962b0422a0a74f1ef6d9356764cf1be_normal.jpeg", "following": null, "geo_enabled": true, "profile_banner_url": "https://pbs.twimg.com/profile_banners/117320742/1411953097", "profile_background_image_url": "http://pbs.twimg.com/profile_background_images/617846654603915265/SlnOpDnJ.jpg", "screen_name": "juan_serrano64", "lang": "es", "profile_background_tile": false, "favourites_count": 216, "name": "juan esteban serrano", "notifications": null, "url": null, "created_at": "Thu Feb 25 06:11:57 +0000 2010", "contributors_enabled": false, "time_zone": "Central America", "protected": false, "default_profile": false, "is_translator": false}, "geo": null, "in_reply_to_user_id_str": null, "possibly_sensitive": true, "lang": "es", "created_at": "Wed Oct 21 18:25:53 +0000 2015", "in_reply_to_status_id_str": null, "place": null, "metadata": {"iso_language_code": "es", "result_type": "recent"}}