{"contributors": null, "truncated": false, "text": "Paperlaces_14: RT ConservativeHav: #HillaryClinton maniacally laughing about #Benghazi emails. https://t.co/RIqYHsVi24\n#CacklingClinton\n#T\u2026", "is_quote_status": false, "in_reply_to_status_id": null, "id": 656897118473474048, "favorite_count": 2, "source": "<a href=\"http://ifttt.com\" rel=\"nofollow\">IFTTT</a>", "retweeted": false, "coordinates": null, "entities": {"symbols": [], "user_mentions": [], "hashtags": [{"indices": [35, 50], "text": "HillaryClinton"}, {"indices": [77, 86], "text": "Benghazi"}, {"indices": [119, 135], "text": "CacklingClinton"}, {"indices": [136, 138], "text": "T"}], "urls": [{"url": "https://t.co/RIqYHsVi24", "indices": [95, 118], "expanded_url": "https://vine.co/v/e9BmiHxY9XD", "display_url": "vine.co/v/e9BmiHxY9XD"}]}, "in_reply_to_screen_name": null, "in_reply_to_user_id": null, "retweet_count": 1, "id_str": "656897118473474048", "favorited": false, "user": {"follow_request_sent": null, "has_extended_profile": false, "profile_use_background_image": true, "default_profile_image": false, "id": 19799489, "profile_background_image_url_https": "https://pbs.twimg.com/profile_background_images/378800000164476982/V7gEBXCh.jpeg", "verified": false, "profile_text_color": "666666", "profile_image_url_https": "https://pbs.twimg.com/profile_images/415267233099563008/tipdP82x_normal.jpeg", "profile_sidebar_fill_color": "252429", "entities": {"url": {"urls": [{"url": "http://t.co/5EMKLDH2yC", "indices": [0, 22], "expanded_url": "http://oathkeepers.org/oath/", "display_url": "oathkeepers.org/oath/"}]}, "description": {"urls": []}}, "followers_count": 5954, "profile_sidebar_border_color": "000000", "id_str": "19799489", "profile_background_color": "151617", "listed_count": 513, "is_translation_enabled": false, "utc_offset": null, "statuses_count": 399010, "description": "\u2650 \u265e #Veteran #ProGun #StopNDAA #OathKeepers \u265e\n@Sir_Max_2nd", "friends_count": 3706, "location": "California", "profile_link_color": "822FED", "profile_image_url": "http://pbs.twimg.com/profile_images/415267233099563008/tipdP82x_normal.jpeg", "following": null, "geo_enabled": false, "profile_banner_url": "https://pbs.twimg.com/profile_banners/19799489/1374629322", "profile_background_image_url": "http://pbs.twimg.com/profile_background_images/378800000164476982/V7gEBXCh.jpeg", "screen_name": "Sir_Max", "lang": "en", "profile_background_tile": true, "favourites_count": 1302, "name": "Sir_Max", "notifications": null, "url": "http://t.co/5EMKLDH2yC", "created_at": "Sat Jan 31 01:31:23 +0000 2009", "contributors_enabled": false, "time_zone": null, "protected": false, "default_profile": false, "is_translator": false}, "geo": null, "in_reply_to_user_id_str": null, "possibly_sensitive": false, "lang": "en", "created_at": "Wed Oct 21 18:17:32 +0000 2015", "in_reply_to_status_id_str": null, "place": null, "metadata": {"iso_language_code": "en", "result_type": "recent"}}