{"contributors": null, "truncated": false, "text": "#JoeBiden was just waiting 2 make #Hillary desperate. Wonder how many million$ she paid him. Promises? #Hillary2016  https://t.co/fCKqSlWSIq", "is_quote_status": true, "in_reply_to_status_id": null, "id": 656897432769314816, "favorite_count": 0, "entities": {"symbols": [], "user_mentions": [], "hashtags": [{"indices": [0, 9], "text": "JoeBiden"}, {"indices": [34, 42], "text": "Hillary"}, {"indices": [103, 115], "text": "Hillary2016"}], "urls": [{"url": "https://t.co/fCKqSlWSIq", "indices": [117, 140], "expanded_url": "https://twitter.com/MikeHimsworth/status/656894558513463297", "display_url": "twitter.com/MikeHimsworth/\u2026"}]}, "quoted_status_id": 656894558513463297, "retweeted": false, "coordinates": null, "quoted_status": {"contributors": null, "truncated": false, "text": "The Clinton campaign\u2019s largest gift ever; Biden\u2019s decision not to run. https://t.co/KdDViwogym", "is_quote_status": false, "in_reply_to_status_id": null, "id": 656894558513463297, "favorite_count": 44, "source": "<a href=\"http://twitter.com\" rel=\"nofollow\">Twitter Web Client</a>", "retweeted": false, "coordinates": null, "entities": {"symbols": [], "user_mentions": [], "hashtags": [], "urls": [], "media": [{"expanded_url": "http://twitter.com/MikeHimsworth/status/656894558513463297/photo/1", "display_url": "pic.twitter.com/KdDViwogym", "url": "https://t.co/KdDViwogym", "media_url_https": "https://pbs.twimg.com/media/CR3CHsTUEAAH1yn.jpg", "id_str": "656894558072999936", "sizes": {"large": {"h": 387, "resize": "fit", "w": 691}, "small": {"h": 190, "resize": "fit", "w": 340}, "medium": {"h": 336, "resize": "fit", "w": 600}, "thumb": {"h": 150, "resize": "crop", "w": 150}}, "indices": [71, 94], "type": "photo", "id": 656894558072999936, "media_url": "http://pbs.twimg.com/media/CR3CHsTUEAAH1yn.jpg"}]}, "in_reply_to_screen_name": null, "in_reply_to_user_id": null, "retweet_count": 20, "id_str": "656894558513463297", "favorited": false, "user": {"follow_request_sent": null, "has_extended_profile": false, "profile_use_background_image": true, "default_profile_image": false, "id": 2302134816, "profile_background_image_url_https": "https://abs.twimg.com/images/themes/theme15/bg.png", "verified": false, "profile_text_color": "333333", "profile_image_url_https": "https://pbs.twimg.com/profile_images/582250308807475201/godJN2mS_normal.jpg", "profile_sidebar_fill_color": "C0DFEC", "entities": {"url": {"urls": [{"url": "http://t.co/dPwY0CLjps", "indices": [0, 22], "expanded_url": "http://www.linkedin.com/in/himsworth/", "display_url": "linkedin.com/in/himsworth/"}]}, "description": {"urls": []}}, "followers_count": 20166, "profile_sidebar_border_color": "A8C7F7", "id_str": "2302134816", "profile_background_color": "022330", "listed_count": 214, "is_translation_enabled": false, "utc_offset": -25200, "statuses_count": 150, "description": "I'm a retired USAF Intelligence Officer serving as a Congressional Lobbyist. I advance legislation supporting active duty and veterans of the U.S. Armed Forces.", "friends_count": 21781, "location": "Pebble Beach, California", "profile_link_color": "0084B4", "profile_image_url": "http://pbs.twimg.com/profile_images/582250308807475201/godJN2mS_normal.jpg", "following": null, "geo_enabled": false, "profile_banner_url": "https://pbs.twimg.com/profile_banners/2302134816/1415414604", "profile_background_image_url": "http://abs.twimg.com/images/themes/theme15/bg.png", "screen_name": "MikeHimsworth", "lang": "en", "profile_background_tile": false, "favourites_count": 445, "name": "Mike Himsworth", "notifications": null, "url": "http://t.co/dPwY0CLjps", "created_at": "Mon Jan 20 22:56:55 +0000 2014", "contributors_enabled": false, "time_zone": "Pacific Time (US & Canada)", "protected": false, "default_profile": false, "is_translator": false}, "geo": null, "in_reply_to_user_id_str": null, "possibly_sensitive": false, "lang": "en", "created_at": "Wed Oct 21 18:07:21 +0000 2015", "in_reply_to_status_id_str": null, "place": null, "metadata": {"iso_language_code": "en", "result_type": "recent"}}, "source": "<a href=\"http://twitter.com/download/android\" rel=\"nofollow\">Twitter for Android</a>", "in_reply_to_screen_name": null, "in_reply_to_user_id": null, "retweet_count": 0, "id_str": "656897432769314816", "favorited": false, "user": {"follow_request_sent": null, "has_extended_profile": false, "profile_use_background_image": true, "default_profile_image": false, "id": 2648904529, "profile_background_image_url_https": "https://abs.twimg.com/images/themes/theme1/bg.png", "verified": false, "profile_text_color": "333333", "profile_image_url_https": "https://pbs.twimg.com/profile_images/654350985356140544/uh8P7-Mo_normal.jpg", "profile_sidebar_fill_color": "DDEEF6", "entities": {"description": {"urls": []}}, "followers_count": 65, "profile_sidebar_border_color": "C0DEED", "id_str": "2648904529", "profile_background_color": "C0DEED", "listed_count": 18, "is_translation_enabled": false, "utc_offset": null, "statuses_count": 4541, "description": "Goalkeeper Extraordinaire", "friends_count": 42, "location": "", "profile_link_color": "0084B4", "profile_image_url": "http://pbs.twimg.com/profile_images/654350985356140544/uh8P7-Mo_normal.jpg", "following": null, "geo_enabled": false, "profile_banner_url": "https://pbs.twimg.com/profile_banners/2648904529/1444364850", "profile_background_image_url": "http://abs.twimg.com/images/themes/theme1/bg.png", "screen_name": "Red1Echo", "lang": "en", "profile_background_tile": false, "favourites_count": 3197, "name": "Scott Sterling", "notifications": null, "url": null, "created_at": "Tue Jul 15 18:10:29 +0000 2014", "contributors_enabled": false, "time_zone": null, "protected": false, "default_profile": true, "is_translator": false}, "geo": null, "in_reply_to_user_id_str": null, "possibly_sensitive": false, "lang": "en", "created_at": "Wed Oct 21 18:18:47 +0000 2015", "quoted_status_id_str": "656894558513463297", "in_reply_to_status_id_str": null, "place": null, "metadata": {"iso_language_code": "en", "result_type": "recent"}}