{"contributors": null, "truncated": false, "text": "#HillaryClinton getting massive cover from #DCinsiders. Relevant info still just now being turned over from... https://t.co/XP0BmfMOOl", "is_quote_status": false, "in_reply_to_status_id": null, "id": 656897296873996288, "favorite_count": 0, "source": "<a href=\"http://www.facebook.com/twitter\" rel=\"nofollow\">Facebook</a>", "retweeted": false, "coordinates": null, "entities": {"symbols": [], "user_mentions": [], "hashtags": [{"indices": [0, 15], "text": "HillaryClinton"}, {"indices": [43, 54], "text": "DCinsiders"}], "urls": [{"url": "https://t.co/XP0BmfMOOl", "indices": [111, 134], "expanded_url": "http://fb.me/7LNdUS4gL", "display_url": "fb.me/7LNdUS4gL"}]}, "in_reply_to_screen_name": null, "in_reply_to_user_id": null, "retweet_count": 0, "id_str": "656897296873996288", "favorited": false, "user": {"follow_request_sent": null, "has_extended_profile": false, "profile_use_background_image": false, "default_profile_image": false, "id": 3442699455, "profile_background_image_url_https": "https://abs.twimg.com/images/themes/theme1/bg.png", "verified": false, "profile_text_color": "000000", "profile_image_url_https": "https://pbs.twimg.com/profile_images/636377686202548224/2_4cOCuX_normal.png", "profile_sidebar_fill_color": "000000", "entities": {"description": {"urls": []}}, "followers_count": 137, "profile_sidebar_border_color": "000000", "id_str": "3442699455", "profile_background_color": "000000", "listed_count": 3, "is_translation_enabled": false, "utc_offset": null, "statuses_count": 372, "description": "Entrepreneur. Small Business Advocate. Retired  Super Bowl Champion. Michigan Wolverine. Sachem Alum. Commentator of Regional, National Politics & Policy", "friends_count": 105, "location": "Long Island, New York ", "profile_link_color": "ABB8C2", "profile_image_url": "http://pbs.twimg.com/profile_images/636377686202548224/2_4cOCuX_normal.png", "following": null, "geo_enabled": false, "profile_banner_url": "https://pbs.twimg.com/profile_banners/3442699455/1441945541", "profile_background_image_url": "http://abs.twimg.com/images/themes/theme1/bg.png", "screen_name": "JumboElliot76", "lang": "en", "profile_background_tile": false, "favourites_count": 6, "name": "Jumbo Elliot", "notifications": null, "url": null, "created_at": "Wed Aug 26 03:12:56 +0000 2015", "contributors_enabled": false, "time_zone": null, "protected": false, "default_profile": false, "is_translator": false}, "geo": null, "in_reply_to_user_id_str": null, "possibly_sensitive": false, "lang": "en", "created_at": "Wed Oct 21 18:18:14 +0000 2015", "in_reply_to_status_id_str": null, "place": null, "metadata": {"iso_language_code": "en", "result_type": "recent"}}