{"contributors": null, "truncated": false, "text": "RT @claynmiddleton: Looking forward to speaking to @usccollegedems tonight about @HillaryforSC efforts to mobilize voters. #Hillary2016", "is_quote_status": false, "in_reply_to_status_id": null, "id": 656898240265199621, "favorite_count": 0, "source": "<a href=\"http://twitter.com\" rel=\"nofollow\">Twitter Web Client</a>", "retweeted": false, "coordinates": null, "entities": {"symbols": [], "user_mentions": [{"id": 283499967, "indices": [3, 18], "id_str": "283499967", "screen_name": "claynmiddleton", "name": "Clay Middleton"}, {"id": 2307374630, "indices": [51, 66], "id_str": "2307374630", "screen_name": "usccollegedems", "name": "College Dems at USC"}, {"id": 3071251042, "indices": [81, 94], "id_str": "3071251042", "screen_name": "HillaryforSC", "name": "Hillary for SC"}], "hashtags": [{"indices": [123, 135], "text": "Hillary2016"}], "urls": []}, "in_reply_to_screen_name": null, "in_reply_to_user_id": null, "retweet_count": 3, "id_str": "656898240265199621", "favorited": false, "retweeted_status": {"contributors": null, "truncated": false, "text": "Looking forward to speaking to @usccollegedems tonight about @HillaryforSC efforts to mobilize voters. #Hillary2016", "is_quote_status": false, "in_reply_to_status_id": null, "id": 656595939042402304, "favorite_count": 8, "source": "<a href=\"http://twitter.com/download/iphone\" rel=\"nofollow\">Twitter for iPhone</a>", "retweeted": false, "coordinates": null, "entities": {"symbols": [], "user_mentions": [{"id": 2307374630, "indices": [31, 46], "id_str": "2307374630", "screen_name": "usccollegedems", "name": "College Dems at USC"}, {"id": 3071251042, "indices": [61, 74], "id_str": "3071251042", "screen_name": "HillaryforSC", "name": "Hillary for SC"}], "hashtags": [{"indices": [103, 115], "text": "Hillary2016"}], "urls": []}, "in_reply_to_screen_name": null, "in_reply_to_user_id": null, "retweet_count": 3, "id_str": "656595939042402304", "favorited": false, "user": {"follow_request_sent": null, "has_extended_profile": false, "profile_use_background_image": true, "default_profile_image": false, "id": 283499967, "profile_background_image_url_https": "https://pbs.twimg.com/profile_background_images/275246432/clay_twitter.jpg", "verified": false, "profile_text_color": "CE1D27", "profile_image_url_https": "https://pbs.twimg.com/profile_images/1392743803/claymain04_normal.jpg", "profile_sidebar_fill_color": "F8FEFE", "entities": {"url": {"urls": [{"url": "http://t.co/UfXhEFNgbE", "indices": [0, 22], "expanded_url": "http://www.claymiddleton.com", "display_url": "claymiddleton.com"}]}, "description": {"urls": []}}, "followers_count": 999, "profile_sidebar_border_color": "08303A", "id_str": "283499967", "profile_background_color": "252C5B", "listed_count": 27, "is_translation_enabled": false, "utc_offset": -14400, "statuses_count": 999, "description": "@HillaryClinton @HillaryforSC State Director, Leader, Public Servant, Soldier, best of all- Father.", "friends_count": 464, "location": "South Carolina ", "profile_link_color": "437483", "profile_image_url": "http://pbs.twimg.com/profile_images/1392743803/claymain04_normal.jpg", "following": null, "geo_enabled": false, "profile_banner_url": "https://pbs.twimg.com/profile_banners/283499967/1441602142", "profile_background_image_url": "http://pbs.twimg.com/profile_background_images/275246432/clay_twitter.jpg", "screen_name": "claynmiddleton", "lang": "en", "profile_background_tile": false, "favourites_count": 8, "name": "Clay Middleton", "notifications": null, "url": "http://t.co/UfXhEFNgbE", "created_at": "Sun Apr 17 12:10:40 +0000 2011", "contributors_enabled": false, "time_zone": "Eastern Time (US & Canada)", "protected": false, "default_profile": false, "is_translator": false}, "geo": null, "in_reply_to_user_id_str": null, "lang": "en", "created_at": "Tue Oct 20 22:20:45 +0000 2015", "in_reply_to_status_id_str": null, "place": null, "metadata": {"iso_language_code": "en", "result_type": "recent"}}, "user": {"follow_request_sent": null, "has_extended_profile": false, "profile_use_background_image": true, "default_profile_image": false, "id": 778712281, "profile_background_image_url_https": "https://abs.twimg.com/images/themes/theme1/bg.png", "verified": false, "profile_text_color": "333333", "profile_image_url_https": "https://pbs.twimg.com/profile_images/585145450350579712/YSiSJcV5_normal.jpg", "profile_sidebar_fill_color": "DDEEF6", "entities": {"url": {"urls": [{"url": "http://t.co/LNeaOptzCt", "indices": [0, 22], "expanded_url": "http://hillaryclinton.com/south-carolina", "display_url": "hillaryclinton.com/south-carolina"}]}, "description": {"urls": []}}, "followers_count": 152, "profile_sidebar_border_color": "C0DEED", "id_str": "778712281", "profile_background_color": "C0DEED", "listed_count": 5, "is_translation_enabled": false, "utc_offset": -18000, "statuses_count": 486, "description": "Organizer for @HillaryforSC Proud #LatinaForHillary Wander-er, CIR advocate, Food-lover, Latina.", "friends_count": 251, "location": "Myrtle Beach, SC", "profile_link_color": "0084B4", "profile_image_url": "http://pbs.twimg.com/profile_images/585145450350579712/YSiSJcV5_normal.jpg", "following": null, "geo_enabled": true, "profile_banner_url": "https://pbs.twimg.com/profile_banners/778712281/1428344495", "profile_background_image_url": "http://abs.twimg.com/images/themes/theme1/bg.png", "screen_name": "salarcon1", "lang": "en", "profile_background_tile": false, "favourites_count": 301, "name": "Silvina Alarcon", "notifications": null, "url": "http://t.co/LNeaOptzCt", "created_at": "Fri Aug 24 18:12:07 +0000 2012", "contributors_enabled": false, "time_zone": "Central Time (US & Canada)", "protected": false, "default_profile": true, "is_translator": false}, "geo": null, "in_reply_to_user_id_str": null, "lang": "en", "created_at": "Wed Oct 21 18:21:59 +0000 2015", "in_reply_to_status_id_str": null, "place": null, "metadata": {"iso_language_code": "en", "result_type": "recent"}}