{"contributors": null, "truncated": false, "text": "#Hillary2016  https://t.co/l60DJy5L7v", "is_quote_status": true, "in_reply_to_status_id": null, "id": 656899922231320576, "favorite_count": 0, "entities": {"symbols": [], "user_mentions": [], "hashtags": [{"indices": [0, 12], "text": "Hillary2016"}], "urls": [{"url": "https://t.co/l60DJy5L7v", "indices": [14, 37], "expanded_url": "https://twitter.com/Charl3tas/status/656874997303123968", "display_url": "twitter.com/Charl3tas/stat\u2026"}]}, "quoted_status_id": 656874997303123968, "retweeted": false, "coordinates": null, "quoted_status": {"contributors": null, "truncated": false, "text": "Hillary en la recta final &gt; Joe Biden Will Not Run for President  https://t.co/SjRUTJRRMg https://t.co/dScRUPWaMU", "is_quote_status": false, "in_reply_to_status_id": null, "id": 656874997303123968, "favorite_count": 0, "source": "<a href=\"http://bufferapp.com\" rel=\"nofollow\">Buffer</a>", "retweeted": false, "coordinates": null, "entities": {"symbols": [], "user_mentions": [], "hashtags": [], "urls": [{"url": "https://t.co/SjRUTJRRMg", "indices": [69, 92], "expanded_url": "http://nyti.ms/1W4CjAJ", "display_url": "nyti.ms/1W4CjAJ"}], "media": [{"expanded_url": "http://twitter.com/Charl3tas/status/656874997303123968/photo/1", "display_url": "pic.twitter.com/dScRUPWaMU", "url": "https://t.co/dScRUPWaMU", "media_url_https": "https://pbs.twimg.com/media/CR2wVGBWoAAIofA.jpg", "id_str": "656874997105991680", "sizes": {"small": {"h": 237, "resize": "fit", "w": 340}, "large": {"h": 471, "resize": "fit", "w": 675}, "medium": {"h": 418, "resize": "fit", "w": 600}, "thumb": {"h": 150, "resize": "crop", "w": 150}}, "indices": [93, 116], "type": "photo", "id": 656874997105991680, "media_url": "http://pbs.twimg.com/media/CR2wVGBWoAAIofA.jpg"}]}, "in_reply_to_screen_name": null, "in_reply_to_user_id": null, "retweet_count": 0, "id_str": "656874997303123968", "favorited": false, "user": {"follow_request_sent": null, "has_extended_profile": false, "profile_use_background_image": true, "default_profile_image": false, "id": 39520455, "profile_background_image_url_https": "https://pbs.twimg.com/profile_background_images/867630636/354e4b768f0f0b4a485bca36b8894246.png", "verified": false, "profile_text_color": "009999", "profile_image_url_https": "https://pbs.twimg.com/profile_images/577298213004181504/Acqj1zex_normal.jpeg", "profile_sidebar_fill_color": "EFEFEF", "entities": {"url": {"urls": [{"url": "http://t.co/CLJ9TE6hih", "indices": [0, 22], "expanded_url": "http://charl3tas.tumblr.com/", "display_url": "charl3tas.tumblr.com"}]}, "description": {"urls": []}}, "followers_count": 1322, "profile_sidebar_border_color": "EEEEEE", "id_str": "39520455", "profile_background_color": "131516", "listed_count": 22, "is_translation_enabled": false, "utc_offset": -18000, "statuses_count": 17179, "description": "Tuiteo en espa\u00f1ol e ingl\u00e9s. Latinoamericanista - Nacionalista - Regionalista - Ecologista - Moralista - Indigenista - Republicano.", "friends_count": 542, "location": "M\u00e9xico", "profile_link_color": "333333", "profile_image_url": "http://pbs.twimg.com/profile_images/577298213004181504/Acqj1zex_normal.jpeg", "following": null, "geo_enabled": true, "profile_banner_url": "https://pbs.twimg.com/profile_banners/39520455/1440720845", "profile_background_image_url": "http://pbs.twimg.com/profile_background_images/867630636/354e4b768f0f0b4a485bca36b8894246.png", "screen_name": "Charl3tas", "lang": "en", "profile_background_tile": true, "favourites_count": 3817, "name": "Carlos Gonz\u00e1lezBa\u00f1os", "notifications": null, "url": "http://t.co/CLJ9TE6hih", "created_at": "Tue May 12 15:19:40 +0000 2009", "contributors_enabled": false, "time_zone": "Central Time (US & Canada)", "protected": false, "default_profile": false, "is_translator": false}, "geo": null, "in_reply_to_user_id_str": null, "possibly_sensitive": false, "lang": "en", "created_at": "Wed Oct 21 16:49:38 +0000 2015", "in_reply_to_status_id_str": null, "place": null, "metadata": {"iso_language_code": "und", "result_type": "recent"}}, "source": "<a href=\"http://twitter.com/download/android\" rel=\"nofollow\">Twitter for Android</a>", "in_reply_to_screen_name": null, "in_reply_to_user_id": null, "retweet_count": 0, "id_str": "656899922231320576", "favorited": false, "user": {"follow_request_sent": null, "has_extended_profile": false, "profile_use_background_image": true, "default_profile_image": false, "id": 98195770, "profile_background_image_url_https": "https://abs.twimg.com/images/themes/theme14/bg.gif", "verified": false, "profile_text_color": "333333", "profile_image_url_https": "https://pbs.twimg.com/profile_images/586323250252136448/LBYtZaZg_normal.jpg", "profile_sidebar_fill_color": "EFEFEF", "entities": {"description": {"urls": []}}, "followers_count": 974, "profile_sidebar_border_color": "000000", "id_str": "98195770", "profile_background_color": "131516", "listed_count": 33, "is_translation_enabled": false, "utc_offset": -18000, "statuses_count": 58214, "description": "Soy un animal pol\u00edtico pero tambi\u00e9n tuiteo cosas random. si te late sigueme", "friends_count": 840, "location": "M\u00e9xico DF", "profile_link_color": "009999", "profile_image_url": "http://pbs.twimg.com/profile_images/586323250252136448/LBYtZaZg_normal.jpg", "following": null, "geo_enabled": true, "profile_banner_url": "https://pbs.twimg.com/profile_banners/98195770/1428625117", "profile_background_image_url": "http://abs.twimg.com/images/themes/theme14/bg.gif", "screen_name": "Ef_Tocho", "lang": "en", "profile_background_tile": true, "favourites_count": 564, "name": "atoral", "notifications": null, "url": null, "created_at": "Sun Dec 20 20:14:53 +0000 2009", "contributors_enabled": false, "time_zone": "Central Time (US & Canada)", "protected": false, "default_profile": false, "is_translator": false}, "geo": null, "in_reply_to_user_id_str": null, "possibly_sensitive": false, "lang": "und", "created_at": "Wed Oct 21 18:28:40 +0000 2015", "quoted_status_id_str": "656874997303123968", "in_reply_to_status_id_str": null, "place": null, "metadata": {"iso_language_code": "und", "result_type": "recent"}}