{"contributors": null, "truncated": false, "text": "RT @JesusForBernie: Bernie Sanders Defeats Trump By a Wider Margin Than Clinton in a General Election https://t.co/N4kq6RWoTC\n#FeelTheBern \u2026", "is_quote_status": false, "in_reply_to_status_id": null, "id": 656897292180451328, "favorite_count": 0, "source": "<a href=\"http://twitter.com\" rel=\"nofollow\">Twitter Web Client</a>", "retweeted": false, "coordinates": null, "entities": {"symbols": [], "user_mentions": [{"id": 3389944744, "indices": [3, 18], "id_str": "3389944744", "screen_name": "JesusForBernie", "name": "Jesus For Bernie"}], "hashtags": [{"indices": [126, 138], "text": "FeelTheBern"}, {"indices": [139, 140], "text": "Hillary2016"}], "urls": [{"url": "https://t.co/N4kq6RWoTC", "indices": [102, 125], "expanded_url": "http://www.huffingtonpost.com/h-a-goodman/bernie-sanders-defeats-trump-by-a-wider-margin_b_8345156.html", "display_url": "huffingtonpost.com/h-a-goodman/be\u2026"}]}, "in_reply_to_screen_name": null, "in_reply_to_user_id": null, "retweet_count": 6, "id_str": "656897292180451328", "favorited": false, "retweeted_status": {"contributors": null, "truncated": false, "text": "Bernie Sanders Defeats Trump By a Wider Margin Than Clinton in a General Election https://t.co/N4kq6RWoTC\n#FeelTheBern #Hillary2016", "is_quote_status": false, "in_reply_to_status_id": null, "id": 656897090564415488, "favorite_count": 5, "source": "<a href=\"http://twitter.com\" rel=\"nofollow\">Twitter Web Client</a>", "retweeted": false, "coordinates": null, "entities": {"symbols": [], "user_mentions": [], "hashtags": [{"indices": [106, 118], "text": "FeelTheBern"}, {"indices": [119, 131], "text": "Hillary2016"}], "urls": [{"url": "https://t.co/N4kq6RWoTC", "indices": [82, 105], "expanded_url": "http://www.huffingtonpost.com/h-a-goodman/bernie-sanders-defeats-trump-by-a-wider-margin_b_8345156.html", "display_url": "huffingtonpost.com/h-a-goodman/be\u2026"}]}, "in_reply_to_screen_name": null, "in_reply_to_user_id": null, "retweet_count": 6, "id_str": "656897090564415488", "favorited": false, "user": {"follow_request_sent": null, "has_extended_profile": false, "profile_use_background_image": true, "default_profile_image": false, "id": 3389944744, "profile_background_image_url_https": "https://abs.twimg.com/images/themes/theme1/bg.png", "verified": false, "profile_text_color": "333333", "profile_image_url_https": "https://pbs.twimg.com/profile_images/624341564802764801/LRm3hstx_normal.jpg", "profile_sidebar_fill_color": "DDEEF6", "entities": {"url": {"urls": [{"url": "http://t.co/nuBuflYjUL", "indices": [0, 22], "expanded_url": "http://berniesanders.com", "display_url": "berniesanders.com"}]}, "description": {"urls": []}}, "followers_count": 1395, "profile_sidebar_border_color": "C0DEED", "id_str": "3389944744", "profile_background_color": "C0DEED", "listed_count": 38, "is_translation_enabled": false, "utc_offset": null, "statuses_count": 1994, "description": "Hello, I am Jesus(aka the Son of God). I have temporarily come down from heaven to spread the good word about my main man, @BernieSanders. #JesusFeelsTheBern", "friends_count": 2002, "location": "Everywhere, Always", "profile_link_color": "0084B4", "profile_image_url": "http://pbs.twimg.com/profile_images/624341564802764801/LRm3hstx_normal.jpg", "following": null, "geo_enabled": false, "profile_banner_url": "https://pbs.twimg.com/profile_banners/3389944744/1437690036", "profile_background_image_url": "http://abs.twimg.com/images/themes/theme1/bg.png", "screen_name": "JesusForBernie", "lang": "en", "profile_background_tile": false, "favourites_count": 1947, "name": "Jesus For Bernie", "notifications": null, "url": "http://t.co/nuBuflYjUL", "created_at": "Thu Jul 23 21:33:17 +0000 2015", "contributors_enabled": false, "time_zone": null, "protected": false, "default_profile": true, "is_translator": false}, "geo": null, "in_reply_to_user_id_str": null, "possibly_sensitive": false, "lang": "en", "created_at": "Wed Oct 21 18:17:25 +0000 2015", "in_reply_to_status_id_str": null, "place": null, "metadata": {"iso_language_code": "en", "result_type": "recent"}}, "user": {"follow_request_sent": null, "has_extended_profile": false, "profile_use_background_image": true, "default_profile_image": false, "id": 528016266, "profile_background_image_url_https": "https://pbs.twimg.com/profile_background_images/600341228752736256/RD-orIEc.jpg", "verified": false, "profile_text_color": "333333", "profile_image_url_https": "https://pbs.twimg.com/profile_images/2123575158/6wft13Of_normal", "profile_sidebar_fill_color": "DDEEF6", "entities": {"url": {"urls": [{"url": "https://t.co/tnD2LspkEf", "indices": [0, 23], "expanded_url": "https://soundcloud.com/jay-beware", "display_url": "soundcloud.com/jay-beware"}]}, "description": {"urls": [{"url": "http://t.co/na1mT7iobS", "indices": [0, 22], "expanded_url": "http://JusticeTogether.org", "display_url": "JusticeTogether.org"}]}}, "followers_count": 587, "profile_sidebar_border_color": "C0DEED", "id_str": "528016266", "profile_background_color": "C0DEED", "listed_count": 33, "is_translation_enabled": false, "utc_offset": null, "statuses_count": 17169, "description": "http://t.co/na1mT7iobS #JusticeTogether @jaybeware and @m_doz1 go by Sophistry. Our debut album, Learning To Die, coming 1st Quarter, 2016.", "friends_count": 587, "location": "I'm not really sure anymore", "profile_link_color": "0084B4", "profile_image_url": "http://pbs.twimg.com/profile_images/2123575158/6wft13Of_normal", "following": null, "geo_enabled": false, "profile_banner_url": "https://pbs.twimg.com/profile_banners/528016266/1435436888", "profile_background_image_url": "http://pbs.twimg.com/profile_background_images/600341228752736256/RD-orIEc.jpg", "screen_name": "jaybeware", "lang": "en", "profile_background_tile": false, "favourites_count": 1282, "name": "Jay Beware", "notifications": null, "url": "https://t.co/tnD2LspkEf", "created_at": "Sun Mar 18 01:25:14 +0000 2012", "contributors_enabled": false, "time_zone": null, "protected": false, "default_profile": false, "is_translator": false}, "geo": null, "in_reply_to_user_id_str": null, "possibly_sensitive": false, "lang": "en", "created_at": "Wed Oct 21 18:18:13 +0000 2015", "in_reply_to_status_id_str": null, "place": null, "metadata": {"iso_language_code": "en", "result_type": "recent"}}