{"contributors": null, "truncated": false, "text": "RT @MichaelGrantBks: Yeah, I didn't think #JoeBiden would get in.  @HillaryClinton will be a great nominee and a great president.  Go #Hill\u2026", "is_quote_status": false, "in_reply_to_status_id": null, "id": 656897261230804992, "favorite_count": 0, "source": "<a href=\"http://twitter.com/download/iphone\" rel=\"nofollow\">Twitter for iPhone</a>", "retweeted": false, "coordinates": null, "entities": {"symbols": [], "user_mentions": [{"id": 14690078, "indices": [3, 19], "id_str": "14690078", "screen_name": "MichaelGrantBks", "name": "Michael Grant"}, {"id": 1339835893, "indices": [67, 82], "id_str": "1339835893", "screen_name": "HillaryClinton", "name": "Hillary Clinton"}], "hashtags": [{"indices": [42, 51], "text": "JoeBiden"}, {"indices": [134, 140], "text": "Hillary2016"}], "urls": []}, "in_reply_to_screen_name": null, "in_reply_to_user_id": null, "retweet_count": 1, "id_str": "656897261230804992", "favorited": false, "retweeted_status": {"contributors": null, "truncated": false, "text": "Yeah, I didn't think #JoeBiden would get in.  @HillaryClinton will be a great nominee and a great president.  Go #Hillary2016", "is_quote_status": false, "in_reply_to_status_id": null, "id": 656868459335122944, "favorite_count": 3, "source": "<a href=\"http://twitter.com\" rel=\"nofollow\">Twitter Web Client</a>", "retweeted": false, "coordinates": null, "entities": {"symbols": [], "user_mentions": [{"id": 1339835893, "indices": [46, 61], "id_str": "1339835893", "screen_name": "HillaryClinton", "name": "Hillary Clinton"}], "hashtags": [{"indices": [21, 30], "text": "JoeBiden"}, {"indices": [113, 125], "text": "Hillary2016"}], "urls": []}, "in_reply_to_screen_name": null, "in_reply_to_user_id": null, "retweet_count": 1, "id_str": "656868459335122944", "favorited": false, "user": {"follow_request_sent": null, "has_extended_profile": false, "profile_use_background_image": true, "default_profile_image": false, "id": 14690078, "profile_background_image_url_https": "https://pbs.twimg.com/profile_background_images/473260547329114112/qrEckfvn.jpeg", "verified": true, "profile_text_color": "5C5C5C", "profile_image_url_https": "https://pbs.twimg.com/profile_images/645702710252081152/XjW05E12_normal.jpg", "profile_sidebar_fill_color": "92FFB5", "entities": {"url": {"urls": [{"url": "http://t.co/TagHBnlWZ2", "indices": [0, 22], "expanded_url": "http://www.facebook.com/authormichaelgrant", "display_url": "facebook.com/authormichaelg\u2026"}]}, "description": {"urls": []}}, "followers_count": 18157, "profile_sidebar_border_color": "FFFFFF", "id_str": "14690078", "profile_background_color": "FFFFFF", "listed_count": 337, "is_translation_enabled": false, "utc_offset": -25200, "statuses_count": 15273, "description": "Author of GONE, BZRK, MESSENGER OF FEAR, & w/ @Kaaauthor, EVE & ADAM, ANIMORPHS. Coming Soon: FRONT LINES.  GONE TV: We are working on it, keep hope alive!", "friends_count": 2194, "location": "Tiburon", "profile_link_color": "0900FF", "profile_image_url": "http://pbs.twimg.com/profile_images/645702710252081152/XjW05E12_normal.jpg", "following": null, "geo_enabled": true, "profile_banner_url": "https://pbs.twimg.com/profile_banners/14690078/1434990185", "profile_background_image_url": "http://pbs.twimg.com/profile_background_images/473260547329114112/qrEckfvn.jpeg", "screen_name": "MichaelGrantBks", "lang": "en", "profile_background_tile": true, "favourites_count": 34, "name": "Michael Grant", "notifications": null, "url": "http://t.co/TagHBnlWZ2", "created_at": "Wed May 07 18:44:39 +0000 2008", "contributors_enabled": false, "time_zone": "Pacific Time (US & Canada)", "protected": false, "default_profile": false, "is_translator": false}, "geo": null, "in_reply_to_user_id_str": null, "lang": "en", "created_at": "Wed Oct 21 16:23:39 +0000 2015", "in_reply_to_status_id_str": null, "place": null, "metadata": {"iso_language_code": "en", "result_type": "recent"}}, "user": {"follow_request_sent": null, "has_extended_profile": false, "profile_use_background_image": true, "default_profile_image": false, "id": 48449272, "profile_background_image_url_https": "https://abs.twimg.com/images/themes/theme4/bg.gif", "verified": false, "profile_text_color": "3C3940", "profile_image_url_https": "https://pbs.twimg.com/profile_images/579809575089487872/-IsUcA9g_normal.jpg", "profile_sidebar_fill_color": "95E8EC", "entities": {"url": {"urls": [{"url": "http://t.co/K9IMIsDwpo", "indices": [0, 22], "expanded_url": "http://theroguewriter.tumblr.com", "display_url": "theroguewriter.tumblr.com"}]}, "description": {"urls": []}}, "followers_count": 246, "profile_sidebar_border_color": "5ED4DC", "id_str": "48449272", "profile_background_color": "0099B9", "listed_count": 63, "is_translation_enabled": false, "utc_offset": -18000, "statuses_count": 15456, "description": "I'm Nicole, I'm 23 years old and work at a marketing company, and I love my dog Rogue", "friends_count": 49, "location": "St. Louis", "profile_link_color": "0099B9", "profile_image_url": "http://pbs.twimg.com/profile_images/579809575089487872/-IsUcA9g_normal.jpg", "following": null, "geo_enabled": true, "profile_banner_url": "https://pbs.twimg.com/profile_banners/48449272/1399865240", "profile_background_image_url": "http://abs.twimg.com/images/themes/theme4/bg.gif", "screen_name": "bad_anima", "lang": "en", "profile_background_tile": false, "favourites_count": 31, "name": "Nicole T", "notifications": null, "url": "http://t.co/K9IMIsDwpo", "created_at": "Thu Jun 18 18:55:57 +0000 2009", "contributors_enabled": false, "time_zone": "Central Time (US & Canada)", "protected": false, "default_profile": false, "is_translator": false}, "geo": null, "in_reply_to_user_id_str": null, "lang": "en", "created_at": "Wed Oct 21 18:18:06 +0000 2015", "in_reply_to_status_id_str": null, "place": null, "metadata": {"iso_language_code": "en", "result_type": "recent"}}