{"contributors": null, "truncated": false, "text": "Most of #JoeBiden  support goes to #Hillary2016. Very bad day for #Bernie2016 \n\nHillary is now at 58% without Joe\n\n#UniteBlue #FeelTheBern", "is_quote_status": false, "in_reply_to_status_id": null, "id": 656898891346870272, "favorite_count": 2, "source": "<a href=\"http://twitter.com/download/android\" rel=\"nofollow\">Twitter for Android</a>", "retweeted": false, "coordinates": null, "entities": {"symbols": [], "user_mentions": [], "hashtags": [{"indices": [8, 17], "text": "JoeBiden"}, {"indices": [35, 47], "text": "Hillary2016"}, {"indices": [66, 77], "text": "Bernie2016"}, {"indices": [115, 125], "text": "UniteBlue"}, {"indices": [126, 138], "text": "FeelTheBern"}], "urls": []}, "in_reply_to_screen_name": null, "in_reply_to_user_id": null, "retweet_count": 0, "id_str": "656898891346870272", "favorited": false, "user": {"follow_request_sent": null, "has_extended_profile": false, "profile_use_background_image": true, "default_profile_image": false, "id": 32649134, "profile_background_image_url_https": "https://abs.twimg.com/images/themes/theme15/bg.png", "verified": false, "profile_text_color": "333333", "profile_image_url_https": "https://pbs.twimg.com/profile_images/602910646003376128/8pX-LB-B_normal.jpg", "profile_sidebar_fill_color": "C0DFEC", "entities": {"url": {"urls": [{"url": "http://t.co/dKY7Xz1Kfu", "indices": [0, 22], "expanded_url": "http://uniteblue.org/user/jamesbarnes2", "display_url": "uniteblue.org/user/jamesbarn\u2026"}]}, "description": {"urls": []}}, "followers_count": 5148, "profile_sidebar_border_color": "A8C7F7", "id_str": "32649134", "profile_background_color": "022330", "listed_count": 117, "is_translation_enabled": false, "utc_offset": -25200, "statuses_count": 7653, "description": "Socially conscious business owner that loves football (Cardinals), basketball (Suns) and electronics .      #UniteBlue", "friends_count": 5470, "location": "Phoenix, Arizona", "profile_link_color": "0084B4", "profile_image_url": "http://pbs.twimg.com/profile_images/602910646003376128/8pX-LB-B_normal.jpg", "following": null, "geo_enabled": true, "profile_banner_url": "https://pbs.twimg.com/profile_banners/32649134/1438907406", "profile_background_image_url": "http://abs.twimg.com/images/themes/theme15/bg.png", "screen_name": "jamesbarnes2", "lang": "en", "profile_background_tile": false, "favourites_count": 2739, "name": "James Barnes II", "notifications": null, "url": "http://t.co/dKY7Xz1Kfu", "created_at": "Fri Apr 17 23:11:21 +0000 2009", "contributors_enabled": false, "time_zone": "America/Phoenix", "protected": false, "default_profile": false, "is_translator": false}, "geo": null, "in_reply_to_user_id_str": null, "lang": "en", "created_at": "Wed Oct 21 18:24:34 +0000 2015", "in_reply_to_status_id_str": null, "place": {"full_name": "Arizona, USA", "url": "https://api.twitter.com/1.1/geo/id/a612c69b44b2e5da.json", "country": "United States", "place_type": "admin", "bounding_box": {"type": "Polygon", "coordinates": [[[-114.818269, 31.3322463], [-109.045152, 31.3322463], [-109.045152, 37.004261], [-114.818269, 37.004261]]]}, "contained_within": [], "country_code": "US", "attributes": {}, "id": "a612c69b44b2e5da", "name": "Arizona"}, "metadata": {"iso_language_code": "en", "result_type": "recent"}}