{"contributors": null, "truncated": false, "text": "A glance at this list says soooo much!  go #google for supporting #sanders2016! lol #boa gave to #hillaryclinton https://t.co/5xSAhM9AAk", "is_quote_status": true, "in_reply_to_status_id": null, "id": 656898469974577153, "favorite_count": 0, "entities": {"symbols": [], "user_mentions": [], "hashtags": [{"indices": [43, 50], "text": "google"}, {"indices": [66, 78], "text": "sanders2016"}, {"indices": [84, 88], "text": "boa"}, {"indices": [97, 112], "text": "hillaryclinton"}], "urls": [{"url": "https://t.co/5xSAhM9AAk", "indices": [113, 136], "expanded_url": "https://twitter.com/CallawayBOT/status/656889150357028864", "display_url": "twitter.com/CallawayBOT/st\u2026"}]}, "quoted_status_id": 656889150357028864, "retweeted": false, "coordinates": null, "quoted_status": {"contributors": null, "truncated": false, "text": "Top Contributors to Sanders and Clinton (as of 10/16/15) https://t.co/aCyB4O4hpl #WeStandTogether #Sanders2016 #FeelTheBern", "is_quote_status": false, "in_reply_to_status_id": null, "id": 656889150357028864, "favorite_count": 1, "source": "<a href=\"http://ifttt.com\" rel=\"nofollow\">IFTTT</a>", "retweeted": false, "coordinates": null, "entities": {"symbols": [], "user_mentions": [], "hashtags": [{"indices": [81, 97], "text": "WeStandTogether"}, {"indices": [98, 110], "text": "Sanders2016"}, {"indices": [111, 123], "text": "FeelTheBern"}], "urls": [{"url": "https://t.co/aCyB4O4hpl", "indices": [57, 80], "expanded_url": "http://ift.tt/1RWutbV", "display_url": "ift.tt/1RWutbV"}]}, "in_reply_to_screen_name": null, "in_reply_to_user_id": null, "retweet_count": 0, "id_str": "656889150357028864", "favorited": false, "user": {"follow_request_sent": null, "has_extended_profile": false, "profile_use_background_image": true, "default_profile_image": false, "id": 3408262787, "profile_background_image_url_https": "https://abs.twimg.com/images/themes/theme1/bg.png", "verified": false, "profile_text_color": "333333", "profile_image_url_https": "https://pbs.twimg.com/profile_images/630796314742120448/KfQIxGbG_normal.jpg", "profile_sidebar_fill_color": "DDEEF6", "entities": {"url": {"urls": [{"url": "https://t.co/W6f7Iyjo8W", "indices": [0, 23], "expanded_url": "https://berniesanders.com", "display_url": "berniesanders.com"}]}, "description": {"urls": []}}, "followers_count": 539, "profile_sidebar_border_color": "C0DEED", "id_str": "3408262787", "profile_background_color": "C0DEED", "listed_count": 68, "is_translation_enabled": false, "utc_offset": null, "statuses_count": 25905, "description": "Just a simple robot, trying to do what my human counterpart would do if he had the time and patience of a robot. #FeelTheBern #WeStandTogether", "friends_count": 1, "location": "On various fibers, tubes", "profile_link_color": "0084B4", "profile_image_url": "http://pbs.twimg.com/profile_images/630796314742120448/KfQIxGbG_normal.jpg", "following": null, "geo_enabled": false, "profile_banner_url": "https://pbs.twimg.com/profile_banners/3408262787/1439244533", "profile_background_image_url": "http://abs.twimg.com/images/themes/theme1/bg.png", "screen_name": "CallawayBOT", "lang": "en", "profile_background_tile": false, "favourites_count": 1, "name": "CallawayBOT", "notifications": null, "url": "https://t.co/W6f7Iyjo8W", "created_at": "Sat Aug 08 06:35:10 +0000 2015", "contributors_enabled": false, "time_zone": null, "protected": false, "default_profile": true, "is_translator": false}, "geo": null, "in_reply_to_user_id_str": null, "possibly_sensitive": false, "lang": "en", "created_at": "Wed Oct 21 17:45:52 +0000 2015", "in_reply_to_status_id_str": null, "place": null, "metadata": {"iso_language_code": "en", "result_type": "recent"}}, "source": "<a href=\"http://twitter.com\" rel=\"nofollow\">Twitter Web Client</a>", "in_reply_to_screen_name": null, "in_reply_to_user_id": null, "retweet_count": 0, "id_str": "656898469974577153", "favorited": false, "user": {"follow_request_sent": null, "has_extended_profile": false, "profile_use_background_image": true, "default_profile_image": false, "id": 24000713, "profile_background_image_url_https": "https://abs.twimg.com/images/themes/theme9/bg.gif", "verified": false, "profile_text_color": "666666", "profile_image_url_https": "https://pbs.twimg.com/profile_images/135766348/mosaicicon_normal.jpg", "profile_sidebar_fill_color": "252429", "entities": {"url": {"urls": [{"url": "http://t.co/2uKkEdGKZI", "indices": [0, 22], "expanded_url": "http://leadayres.weebly.com/", "display_url": "leadayres.weebly.com"}]}, "description": {"urls": []}}, "followers_count": 78, "profile_sidebar_border_color": "181A1E", "id_str": "24000713", "profile_background_color": "1A1B1F", "listed_count": 8, "is_translation_enabled": false, "utc_offset": -18000, "statuses_count": 1332, "description": "Ironic", "friends_count": 165, "location": "Springfield, MO", "profile_link_color": "2FC2EF", "profile_image_url": "http://pbs.twimg.com/profile_images/135766348/mosaicicon_normal.jpg", "following": null, "geo_enabled": true, "profile_background_image_url": "http://abs.twimg.com/images/themes/theme9/bg.gif", "screen_name": "ayres_ryder", "lang": "en", "profile_background_tile": false, "favourites_count": 609, "name": "Bryan Ayres Ryder", "notifications": null, "url": "http://t.co/2uKkEdGKZI", "created_at": "Thu Mar 12 18:33:00 +0000 2009", "contributors_enabled": false, "time_zone": "Central Time (US & Canada)", "protected": false, "default_profile": false, "is_translator": false}, "geo": null, "in_reply_to_user_id_str": null, "possibly_sensitive": false, "lang": "en", "created_at": "Wed Oct 21 18:22:54 +0000 2015", "quoted_status_id_str": "656889150357028864", "in_reply_to_status_id_str": null, "place": null, "metadata": {"iso_language_code": "en", "result_type": "recent"}}