{"contributors": null, "truncated": false, "text": "@NevilleLouann TY for the follow.  Am also following U. Happy 2 c Biden decided not 2 enter race-never really thought he would #Hillary2016", "is_quote_status": false, "in_reply_to_status_id": null, "id": 656899461302587392, "favorite_count": 1, "source": "<a href=\"http://twitter.com\" rel=\"nofollow\">Twitter Web Client</a>", "retweeted": false, "coordinates": null, "entities": {"symbols": [], "user_mentions": [{"id": 3091521770, "indices": [0, 14], "id_str": "3091521770", "screen_name": "NevilleLouann", "name": "Louann Neville"}], "hashtags": [{"indices": [127, 139], "text": "Hillary2016"}], "urls": []}, "in_reply_to_screen_name": "NevilleLouann", "in_reply_to_user_id": 3091521770, "retweet_count": 0, "id_str": "656899461302587392", "favorited": false, "user": {"follow_request_sent": null, "has_extended_profile": false, "profile_use_background_image": true, "default_profile_image": false, "id": 1221907867, "profile_background_image_url_https": "https://abs.twimg.com/images/themes/theme1/bg.png", "verified": false, "profile_text_color": "333333", "profile_image_url_https": "https://pbs.twimg.com/profile_images/547002823292882944/WEgARB7E_normal.jpeg", "profile_sidebar_fill_color": "DDEEF6", "entities": {"description": {"urls": []}}, "followers_count": 374, "profile_sidebar_border_color": "C0DEED", "id_str": "1221907867", "profile_background_color": "C0DEED", "listed_count": 14, "is_translation_enabled": false, "utc_offset": null, "statuses_count": 16263, "description": "Twin sisters who have walked the walk and are still walking the walk.  True liberals are like pit bulls that never let go nor ever give up. liberals1943@yahoo", "friends_count": 367, "location": "Huntley, IL ", "profile_link_color": "0084B4", "profile_image_url": "http://pbs.twimg.com/profile_images/547002823292882944/WEgARB7E_normal.jpeg", "following": null, "geo_enabled": true, "profile_banner_url": "https://pbs.twimg.com/profile_banners/1221907867/1418073600", "profile_background_image_url": "http://abs.twimg.com/images/themes/theme1/bg.png", "screen_name": "Marilynandtwin", "lang": "en", "profile_background_tile": false, "favourites_count": 8747, "name": "Marilyn Rick", "notifications": null, "url": null, "created_at": "Tue Feb 26 14:25:22 +0000 2013", "contributors_enabled": false, "time_zone": null, "protected": false, "default_profile": true, "is_translator": false}, "geo": null, "in_reply_to_user_id_str": "3091521770", "lang": "en", "created_at": "Wed Oct 21 18:26:50 +0000 2015", "in_reply_to_status_id_str": null, "place": {"full_name": "Huntley, IL", "url": "https://api.twitter.com/1.1/geo/id/40801c91ed89c83c.json", "country": "United States", "place_type": "city", "bounding_box": {"type": "Polygon", "coordinates": [[[-88.481796, 42.1203675], [-88.388485, 42.1203675], [-88.388485, 42.204813], [-88.481796, 42.204813]]]}, "contained_within": [], "country_code": "US", "attributes": {}, "id": "40801c91ed89c83c", "name": "Huntley"}, "metadata": {"iso_language_code": "en", "result_type": "recent"}}