{"contributors": null, "truncated": false, "text": "Joe Biden is a good man and a great Vice President - killing with kindness #Hillary2016", "is_quote_status": false, "in_reply_to_status_id": null, "id": 656899901905858560, "favorite_count": 0, "source": "<a href=\"http://twitter.com/download/iphone\" rel=\"nofollow\">Twitter for iPhone</a>", "retweeted": false, "coordinates": null, "entities": {"symbols": [], "user_mentions": [], "hashtags": [{"indices": [75, 87], "text": "Hillary2016"}], "urls": []}, "in_reply_to_screen_name": null, "in_reply_to_user_id": null, "retweet_count": 0, "id_str": "656899901905858560", "favorited": false, "user": {"follow_request_sent": null, "has_extended_profile": false, "profile_use_background_image": true, "default_profile_image": false, "id": 26061966, "profile_background_image_url_https": "https://abs.twimg.com/images/themes/theme10/bg.gif", "verified": false, "profile_text_color": "3D1957", "profile_image_url_https": "https://pbs.twimg.com/profile_images/3575076834/0af89e639dd3f3a7bd9615b46feb37f4_normal.jpeg", "profile_sidebar_fill_color": "7AC3EE", "entities": {"url": {"urls": [{"url": "http://t.co/cJUsJQPVCs", "indices": [0, 22], "expanded_url": "http://www.featurestory.com", "display_url": "featurestory.com"}]}, "description": {"urls": []}}, "followers_count": 658, "profile_sidebar_border_color": "65B0DA", "id_str": "26061966", "profile_background_color": "642D8B", "listed_count": 34, "is_translation_enabled": false, "utc_offset": -14400, "statuses_count": 9062, "description": "multimedia journalist washingtonian dog lover", "friends_count": 1253, "location": "Washington, DC, USA", "profile_link_color": "FF0000", "profile_image_url": "http://pbs.twimg.com/profile_images/3575076834/0af89e639dd3f3a7bd9615b46feb37f4_normal.jpeg", "following": null, "geo_enabled": true, "profile_banner_url": "https://pbs.twimg.com/profile_banners/26061966/1403533173", "profile_background_image_url": "http://abs.twimg.com/images/themes/theme10/bg.gif", "screen_name": "phuffdaddy", "lang": "en", "profile_background_tile": true, "favourites_count": 22, "name": "Priscilla Huff", "notifications": null, "url": "http://t.co/cJUsJQPVCs", "created_at": "Mon Mar 23 18:46:28 +0000 2009", "contributors_enabled": false, "time_zone": "Eastern Time (US & Canada)", "protected": false, "default_profile": false, "is_translator": false}, "geo": null, "in_reply_to_user_id_str": null, "lang": "en", "created_at": "Wed Oct 21 18:28:35 +0000 2015", "in_reply_to_status_id_str": null, "place": null, "metadata": {"iso_language_code": "en", "result_type": "recent"}}