{"contributors": null, "truncated": false, "text": "Just goes to show how fake #Hillary2016 really is, and anyone dumb enough to vote for her is completely soulless. https://t.co/EL3hXvd052", "is_quote_status": true, "in_reply_to_status_id": null, "id": 656897183866732544, "favorite_count": 0, "entities": {"symbols": [], "user_mentions": [], "hashtags": [{"indices": [27, 39], "text": "Hillary2016"}], "urls": [{"url": "https://t.co/EL3hXvd052", "indices": [114, 137], "expanded_url": "https://twitter.com/garymartindc/status/656844728093118464", "display_url": "twitter.com/garymartindc/s\u2026"}]}, "quoted_status_id": 656844728093118464, "retweeted": false, "coordinates": null, "quoted_status": {"contributors": null, "truncated": false, "text": "Taylor blunder a sign of Clinton campaign confusion https://t.co/DMOa99VPLS via @mySA", "is_quote_status": false, "in_reply_to_status_id": null, "id": 656844728093118464, "favorite_count": 0, "source": "<a href=\"http://twitter.com\" rel=\"nofollow\">Twitter Web Client</a>", "retweeted": false, "coordinates": null, "entities": {"symbols": [], "user_mentions": [{"id": 9830752, "indices": [80, 85], "id_str": "9830752", "screen_name": "mySA", "name": "mySA"}], "hashtags": [], "urls": [{"url": "https://t.co/DMOa99VPLS", "indices": [52, 75], "expanded_url": "http://www.expressnews.com/news/news_columnists/gilbert_garcia/article/Taylor-blunder-a-sign-of-Clinton-campaign-6580310.php?t=dad1ede6e4&cmpid=twitter-premium", "display_url": "expressnews.com/news/news_colu\u2026"}]}, "in_reply_to_screen_name": null, "in_reply_to_user_id": null, "retweet_count": 2, "id_str": "656844728093118464", "favorited": false, "user": {"follow_request_sent": null, "has_extended_profile": false, "profile_use_background_image": true, "default_profile_image": false, "id": 202298302, "profile_background_image_url_https": "https://pbs.twimg.com/profile_background_images/286055960/MySA.jpg", "verified": true, "profile_text_color": "333333", "profile_image_url_https": "https://pbs.twimg.com/profile_images/1432691145/Gary_Martin_normal.jpg", "profile_sidebar_fill_color": "DDEEF6", "entities": {"url": {"urls": [{"url": "http://t.co/OwWOM5yRS0", "indices": [0, 22], "expanded_url": "http://expressnews.com", "display_url": "expressnews.com"}]}, "description": {"urls": []}}, "followers_count": 1804, "profile_sidebar_border_color": "C0DEED", "id_str": "202298302", "profile_background_color": "C0DEED", "listed_count": 44, "is_translation_enabled": false, "utc_offset": null, "statuses_count": 3841, "description": "Government and Political Editor for the San Antonio Express-News", "friends_count": 832, "location": "", "profile_link_color": "0084B4", "profile_image_url": "http://pbs.twimg.com/profile_images/1432691145/Gary_Martin_normal.jpg", "following": null, "geo_enabled": false, "profile_background_image_url": "http://pbs.twimg.com/profile_background_images/286055960/MySA.jpg", "screen_name": "garymartindc", "lang": "en", "profile_background_tile": true, "favourites_count": 11, "name": "Gary Martin", "notifications": null, "url": "http://t.co/OwWOM5yRS0", "created_at": "Wed Oct 13 18:51:27 +0000 2010", "contributors_enabled": false, "time_zone": null, "protected": false, "default_profile": false, "is_translator": false}, "geo": null, "in_reply_to_user_id_str": null, "possibly_sensitive": false, "lang": "en", "created_at": "Wed Oct 21 14:49:21 +0000 2015", "in_reply_to_status_id_str": null, "place": null, "metadata": {"iso_language_code": "en", "result_type": "recent"}}, "source": "<a href=\"http://twitter.com\" rel=\"nofollow\">Twitter Web Client</a>", "in_reply_to_screen_name": null, "in_reply_to_user_id": null, "retweet_count": 0, "id_str": "656897183866732544", "favorited": false, "user": {"follow_request_sent": null, "has_extended_profile": false, "profile_use_background_image": true, "default_profile_image": false, "id": 3308736961, "profile_background_image_url_https": "https://abs.twimg.com/images/themes/theme1/bg.png", "verified": false, "profile_text_color": "333333", "profile_image_url_https": "https://pbs.twimg.com/profile_images/651136378793672704/TrK4c6qW_normal.jpg", "profile_sidebar_fill_color": "DDEEF6", "entities": {"description": {"urls": []}}, "followers_count": 30, "profile_sidebar_border_color": "C0DEED", "id_str": "3308736961", "profile_background_color": "C0DEED", "listed_count": 4, "is_translation_enabled": false, "utc_offset": null, "statuses_count": 1112, "description": "Telling the hard truth about a horrible social, economic & political city. #SanAntonioSucks", "friends_count": 33, "location": "", "profile_link_color": "0084B4", "profile_image_url": "http://pbs.twimg.com/profile_images/651136378793672704/TrK4c6qW_normal.jpg", "following": null, "geo_enabled": false, "profile_banner_url": "https://pbs.twimg.com/profile_banners/3308736961/1438947339", "profile_background_image_url": "http://abs.twimg.com/images/themes/theme1/bg.png", "screen_name": "SanAntonioSucks", "lang": "en", "profile_background_tile": false, "favourites_count": 0, "name": "San Antonio Sucks", "notifications": null, "url": null, "created_at": "Fri Aug 07 11:25:18 +0000 2015", "contributors_enabled": false, "time_zone": null, "protected": false, "default_profile": true, "is_translator": false}, "geo": null, "in_reply_to_user_id_str": null, "possibly_sensitive": false, "lang": "en", "created_at": "Wed Oct 21 18:17:47 +0000 2015", "quoted_status_id_str": "656844728093118464", "in_reply_to_status_id_str": null, "place": null, "metadata": {"iso_language_code": "en", "result_type": "recent"}}