{"contributors": null, "truncated": false, "text": "@dpkpr yeah - #Disappointments @VP #JoeBiden - my new theory is he's pinch runner if #HillaryClinton melts - I'm skeptical she can win.", "is_quote_status": false, "in_reply_to_status_id": 656897726408343552, "id": 656898936280473600, "favorite_count": 1, "source": "<a href=\"http://twitter.com/download/iphone\" rel=\"nofollow\">Twitter for iPhone</a>", "retweeted": false, "coordinates": null, "entities": {"symbols": [], "user_mentions": [{"id": 4919021, "indices": [0, 6], "id_str": "4919021", "screen_name": "dpkpr", "name": "Dan Keeney, APR"}, {"id": 325830217, "indices": [31, 34], "id_str": "325830217", "screen_name": "VP", "name": "Vice President Biden"}], "hashtags": [{"indices": [14, 30], "text": "Disappointments"}, {"indices": [35, 44], "text": "JoeBiden"}, {"indices": [85, 100], "text": "HillaryClinton"}], "urls": []}, "in_reply_to_screen_name": "dpkpr", "in_reply_to_user_id": 4919021, "retweet_count": 0, "id_str": "656898936280473600", "favorited": false, "user": {"follow_request_sent": null, "has_extended_profile": false, "profile_use_background_image": true, "default_profile_image": false, "id": 822570829, "profile_background_image_url_https": "https://abs.twimg.com/images/themes/theme1/bg.png", "verified": false, "profile_text_color": "333333", "profile_image_url_https": "https://pbs.twimg.com/profile_images/2608332385/image_normal.jpg", "profile_sidebar_fill_color": "DDEEF6", "entities": {"description": {"urls": []}}, "followers_count": 51, "profile_sidebar_border_color": "C0DEED", "id_str": "822570829", "profile_background_color": "C0DEED", "listed_count": 6, "is_translation_enabled": false, "utc_offset": null, "statuses_count": 902, "description": "Lifelong Dem cut teeth in 70's Connecticut politics. Been a junkie ever since.                            Phoenix, Arizona USA", "friends_count": 89, "location": "", "profile_link_color": "0084B4", "profile_image_url": "http://pbs.twimg.com/profile_images/2608332385/image_normal.jpg", "following": null, "geo_enabled": false, "profile_background_image_url": "http://abs.twimg.com/images/themes/theme1/bg.png", "screen_name": "AZDemocrat", "lang": "en", "profile_background_tile": false, "favourites_count": 182, "name": "AZDemocrat", "notifications": null, "url": null, "created_at": "Fri Sep 14 02:45:15 +0000 2012", "contributors_enabled": false, "time_zone": null, "protected": false, "default_profile": true, "is_translator": false}, "geo": null, "in_reply_to_user_id_str": "4919021", "lang": "en", "created_at": "Wed Oct 21 18:24:45 +0000 2015", "in_reply_to_status_id_str": "656897726408343552", "place": null, "metadata": {"iso_language_code": "en", "result_type": "recent"}}