{"contributors": null, "truncated": false, "text": "RT @Presidentship: Is @866ourvote (Election protection) like @VotrProtection?? #elections2016 #Trump2016 #Hillary2016 #Gop #TeaParty https:\u2026", "is_quote_status": true, "in_reply_to_status_id": null, "id": 656897309154934784, "favorite_count": 0, "source": "<a href=\"http://bufferapp.com\" rel=\"nofollow\">Buffer</a>", "retweeted": false, "coordinates": null, "entities": {"symbols": [], "user_mentions": [{"id": 3486299656, "indices": [3, 17], "id_str": "3486299656", "screen_name": "Presidentship", "name": "PresidentialVote"}, {"id": 15896350, "indices": [22, 33], "id_str": "15896350", "screen_name": "866OURVOTE", "name": "Election Protection"}, {"id": 2349473466, "indices": [61, 76], "id_str": "2349473466", "screen_name": "VotrProtection", "name": "Voter Protection"}], "hashtags": [{"indices": [79, 93], "text": "elections2016"}, {"indices": [94, 104], "text": "Trump2016"}, {"indices": [105, 117], "text": "Hillary2016"}, {"indices": [118, 122], "text": "Gop"}, {"indices": [123, 132], "text": "TeaParty"}], "urls": [{"url": "https://t.co/3hA2e8lyua", "indices": [139, 140], "expanded_url": "https://twitter.com/866OURVOTE/status/656587799798423552", "display_url": "twitter.com/866OURVOTE/sta\u2026"}]}, "in_reply_to_screen_name": null, "in_reply_to_user_id": null, "retweet_count": 6, "id_str": "656897309154934784", "favorited": false, "retweeted_status": {"contributors": null, "truncated": false, "text": "Is @866ourvote (Election protection) like @VotrProtection?? #elections2016 #Trump2016 #Hillary2016 #Gop #TeaParty https://t.co/3hA2e8lyua", "is_quote_status": true, "in_reply_to_status_id": null, "id": 656590122171920384, "favorite_count": 2, "entities": {"symbols": [], "user_mentions": [{"id": 15896350, "indices": [3, 14], "id_str": "15896350", "screen_name": "866OURVOTE", "name": "Election Protection"}, {"id": 2349473466, "indices": [42, 57], "id_str": "2349473466", "screen_name": "VotrProtection", "name": "Voter Protection"}], "hashtags": [{"indices": [60, 74], "text": "elections2016"}, {"indices": [75, 85], "text": "Trump2016"}, {"indices": [86, 98], "text": "Hillary2016"}, {"indices": [99, 103], "text": "Gop"}, {"indices": [104, 113], "text": "TeaParty"}], "urls": [{"url": "https://t.co/3hA2e8lyua", "indices": [114, 137], "expanded_url": "https://twitter.com/866OURVOTE/status/656587799798423552", "display_url": "twitter.com/866OURVOTE/sta\u2026"}]}, "quoted_status_id": 656587799798423552, "retweeted": false, "coordinates": null, "quoted_status": {"contributors": null, "truncated": false, "text": "Could California's New Motor Voter Bill help increase the power of its Latino population? https://t.co/uu6mSSsPGw", "is_quote_status": false, "in_reply_to_status_id": null, "id": 656587799798423552, "favorite_count": 0, "source": "<a href=\"http://twitter.com\" rel=\"nofollow\">Twitter Web Client</a>", "retweeted": false, "coordinates": null, "entities": {"symbols": [], "user_mentions": [], "hashtags": [], "urls": [{"url": "https://t.co/uu6mSSsPGw", "indices": [90, 113], "expanded_url": "http://bit.ly/1jzmlCT", "display_url": "bit.ly/1jzmlCT"}]}, "in_reply_to_screen_name": null, "in_reply_to_user_id": null, "retweet_count": 4, "id_str": "656587799798423552", "favorited": false, "geo": null, "in_reply_to_user_id_str": null, "possibly_sensitive": false, "lang": "en", "created_at": "Tue Oct 20 21:48:24 +0000 2015", "in_reply_to_status_id_str": null, "place": null, "metadata": {"iso_language_code": "en", "result_type": "recent"}}, "source": "<a href=\"http://twitter.com/download/android\" rel=\"nofollow\">Twitter for Android</a>", "in_reply_to_screen_name": null, "in_reply_to_user_id": null, "retweet_count": 6, "id_str": "656590122171920384", "favorited": false, "user": {"follow_request_sent": null, "has_extended_profile": false, "profile_use_background_image": false, "default_profile_image": false, "id": 3486299656, "profile_background_image_url_https": "https://abs.twimg.com/images/themes/theme1/bg.png", "verified": false, "profile_text_color": "000000", "profile_image_url_https": "https://pbs.twimg.com/profile_images/637821597026529281/4ze0uGev_normal.jpg", "profile_sidebar_fill_color": "000000", "entities": {"url": {"urls": [{"url": "http://t.co/E2poD4Depq", "indices": [0, 22], "expanded_url": "http://Presidential.Vote", "display_url": "Presidential.Vote"}]}, "description": {"urls": []}}, "followers_count": 14, "profile_sidebar_border_color": "000000", "id_str": "3486299656", "profile_background_color": "000000", "listed_count": 0, "is_translation_enabled": false, "utc_offset": null, "statuses_count": 36, "description": "Who for #President 2016?@RealDonaldTrump @HillaryClinton or an #Underdog? Vote for your favorite candidate for the #elections2016 and see how other people vote!", "friends_count": 42, "location": "USA", "profile_link_color": "3B94D9", "profile_image_url": "http://pbs.twimg.com/profile_images/637821597026529281/4ze0uGev_normal.jpg", "following": null, "geo_enabled": false, "profile_banner_url": "https://pbs.twimg.com/profile_banners/3486299656/1444577146", "profile_background_image_url": "http://abs.twimg.com/images/themes/theme1/bg.png", "screen_name": "Presidentship", "lang": "de", "profile_background_tile": false, "favourites_count": 82, "name": "PresidentialVote", "notifications": null, "url": "http://t.co/E2poD4Depq", "created_at": "Sun Aug 30 01:53:27 +0000 2015", "contributors_enabled": false, "time_zone": null, "protected": false, "default_profile": false, "is_translator": false}, "geo": null, "in_reply_to_user_id_str": null, "possibly_sensitive": false, "lang": "en", "created_at": "Tue Oct 20 21:57:38 +0000 2015", "quoted_status_id_str": "656587799798423552", "in_reply_to_status_id_str": null, "place": null, "metadata": {"iso_language_code": "en", "result_type": "recent"}}, "user": {"follow_request_sent": null, "has_extended_profile": false, "profile_use_background_image": true, "default_profile_image": false, "id": 185680169, "profile_background_image_url_https": "https://abs.twimg.com/images/themes/theme1/bg.png", "verified": false, "profile_text_color": "333333", "profile_image_url_https": "https://pbs.twimg.com/profile_images/471010727579222016/LDNV9s6I_normal.jpeg", "profile_sidebar_fill_color": "DDEEF6", "entities": {"url": {"urls": [{"url": "http://t.co/15j5L0Bl4O", "indices": [0, 22], "expanded_url": "http://DruidCity.net", "display_url": "DruidCity.net"}]}, "description": {"urls": []}}, "followers_count": 2508, "profile_sidebar_border_color": "C0DEED", "id_str": "185680169", "profile_background_color": "C0DEED", "listed_count": 90, "is_translation_enabled": false, "utc_offset": -18000, "statuses_count": 2710, "description": "#swdc #SoSWDC", "friends_count": 1967, "location": "SW Waterfront, Washington, DC", "profile_link_color": "052E3D", "profile_image_url": "http://pbs.twimg.com/profile_images/471010727579222016/LDNV9s6I_normal.jpeg", "following": null, "geo_enabled": true, "profile_banner_url": "https://pbs.twimg.com/profile_banners/185680169/1401136970", "profile_background_image_url": "http://abs.twimg.com/images/themes/theme1/bg.png", "screen_name": "DruidCityMedia", "lang": "en", "profile_background_tile": false, "favourites_count": 843, "name": "Druid City Media", "notifications": null, "url": "http://t.co/15j5L0Bl4O", "created_at": "Wed Sep 01 15:39:03 +0000 2010", "contributors_enabled": false, "time_zone": "Central Time (US & Canada)", "protected": false, "default_profile": false, "is_translator": false}, "geo": null, "in_reply_to_user_id_str": null, "possibly_sensitive": false, "lang": "en", "created_at": "Wed Oct 21 18:18:17 +0000 2015", "in_reply_to_status_id_str": null, "place": null, "metadata": {"iso_language_code": "en", "result_type": "recent"}}