{"contributors": null, "truncated": false, "text": "RT @cruadin: @benshapiro @LouShelly You shouldn't make fun of a woman who suffered a brain injury after \"fainting\" from \"dehydration.\" #Hil\u2026", "is_quote_status": false, "in_reply_to_status_id": null, "id": 656898671682846720, "favorite_count": 0, "source": "<a href=\"http://twitter.com/download/android\" rel=\"nofollow\">Twitter for Android</a>", "retweeted": false, "coordinates": null, "entities": {"symbols": [], "user_mentions": [{"id": 47087664, "indices": [3, 11], "id_str": "47087664", "screen_name": "cruadin", "name": "Cruadin"}, {"id": 17995040, "indices": [13, 24], "id_str": "17995040", "screen_name": "benshapiro", "name": "Ben Shapiro"}, {"id": 505214831, "indices": [25, 35], "id_str": "505214831", "screen_name": "LouShelly", "name": "Shelly Lou"}], "hashtags": [{"indices": [135, 140], "text": "Hillary2016"}], "urls": []}, "in_reply_to_screen_name": null, "in_reply_to_user_id": null, "retweet_count": 1, "id_str": "656898671682846720", "favorited": false, "retweeted_status": {"contributors": null, "truncated": false, "text": "@benshapiro @LouShelly You shouldn't make fun of a woman who suffered a brain injury after \"fainting\" from \"dehydration.\" #Hillary2016", "is_quote_status": false, "in_reply_to_status_id": 656871517909725184, "id": 656898394242351104, "favorite_count": 1, "source": "<a href=\"http://twitter.com/#!/download/ipad\" rel=\"nofollow\">Twitter for iPad</a>", "retweeted": false, "coordinates": null, "entities": {"symbols": [], "user_mentions": [{"id": 17995040, "indices": [0, 11], "id_str": "17995040", "screen_name": "benshapiro", "name": "Ben Shapiro"}, {"id": 505214831, "indices": [12, 22], "id_str": "505214831", "screen_name": "LouShelly", "name": "Shelly Lou"}], "hashtags": [{"indices": [122, 134], "text": "Hillary2016"}], "urls": []}, "in_reply_to_screen_name": "benshapiro", "in_reply_to_user_id": 17995040, "retweet_count": 1, "id_str": "656898394242351104", "favorited": false, "user": {"follow_request_sent": null, "has_extended_profile": false, "profile_use_background_image": true, "default_profile_image": false, "id": 47087664, "profile_background_image_url_https": "https://pbs.twimg.com/profile_background_images/378800000104901042/dffb252422944444fb5eaf7fc4c09aa5.jpeg", "verified": false, "profile_text_color": "333333", "profile_image_url_https": "https://pbs.twimg.com/profile_images/378800000392303870/d690ea0810fd5be33298fcaa808ee403_normal.jpeg", "profile_sidebar_fill_color": "DDEEF6", "entities": {"url": {"urls": [{"url": "http://t.co/JCRIOq1eYL", "indices": [0, 22], "expanded_url": "http://www.flickr.com/photos/cruadin/", "display_url": "flickr.com/photos/cruadin/"}]}, "description": {"urls": []}}, "followers_count": 1549, "profile_sidebar_border_color": "FFFFFF", "id_str": "47087664", "profile_background_color": "C0DEED", "listed_count": 15, "is_translation_enabled": false, "utc_offset": -14400, "statuses_count": 6772, "description": "History, Photography, Baseball, USAF Veteran, happily married Grandpa, reading the news helps me cope  with debilitating ebullience", "friends_count": 1630, "location": "East Tennessee", "profile_link_color": "0084B4", "profile_image_url": "http://pbs.twimg.com/profile_images/378800000392303870/d690ea0810fd5be33298fcaa808ee403_normal.jpeg", "following": null, "geo_enabled": false, "profile_banner_url": "https://pbs.twimg.com/profile_banners/47087664/1420918438", "profile_background_image_url": "http://pbs.twimg.com/profile_background_images/378800000104901042/dffb252422944444fb5eaf7fc4c09aa5.jpeg", "screen_name": "cruadin", "lang": "en", "profile_background_tile": true, "favourites_count": 3017, "name": "Cruadin", "notifications": null, "url": "http://t.co/JCRIOq1eYL", "created_at": "Sun Jun 14 13:02:16 +0000 2009", "contributors_enabled": false, "time_zone": "Eastern Time (US & Canada)", "protected": false, "default_profile": false, "is_translator": false}, "geo": null, "in_reply_to_user_id_str": "17995040", "lang": "en", "created_at": "Wed Oct 21 18:22:36 +0000 2015", "in_reply_to_status_id_str": "656871517909725184", "place": null, "metadata": {"iso_language_code": "en", "result_type": "recent"}}, "user": {"follow_request_sent": null, "has_extended_profile": false, "profile_use_background_image": true, "default_profile_image": false, "id": 26388848, "profile_background_image_url_https": "https://pbs.twimg.com/profile_background_images/734493738/e1af5d7c891996dd78c600598839c801.jpeg", "verified": false, "profile_text_color": "3D1957", "profile_image_url_https": "https://pbs.twimg.com/profile_images/653297120795955200/1e18PUvC_normal.jpg", "profile_sidebar_fill_color": "7AC3EE", "entities": {"description": {"urls": []}}, "followers_count": 3134, "profile_sidebar_border_color": "FFFFFF", "id_str": "26388848", "profile_background_color": "642D8B", "listed_count": 174, "is_translation_enabled": false, "utc_offset": -14400, "statuses_count": 84231, "description": "\u200f\u200f\u200f ISIS \u0627\u0644\u0645\u0635\u0627\u062a \u062e\u0646\u0632\u064a\u0631 \u062f\u064a\u0643\u0633 God Bless America", "friends_count": 3446, "location": "State of Confusion  3% ", "profile_link_color": "FF0000", "profile_image_url": "http://pbs.twimg.com/profile_images/653297120795955200/1e18PUvC_normal.jpg", "following": null, "geo_enabled": true, "profile_banner_url": "https://pbs.twimg.com/profile_banners/26388848/1422943057", "profile_background_image_url": "http://pbs.twimg.com/profile_background_images/734493738/e1af5d7c891996dd78c600598839c801.jpeg", "screen_name": "r1965rainey", "lang": "en", "profile_background_tile": false, "favourites_count": 50513, "name": "GRUMPY TRUCK Driver", "notifications": null, "url": null, "created_at": "Wed Mar 25 01:19:42 +0000 2009", "contributors_enabled": false, "time_zone": "Eastern Time (US & Canada)", "protected": false, "default_profile": false, "is_translator": false}, "geo": null, "in_reply_to_user_id_str": null, "lang": "en", "created_at": "Wed Oct 21 18:23:42 +0000 2015", "in_reply_to_status_id_str": null, "place": null, "metadata": {"iso_language_code": "en", "result_type": "recent"}}