{"contributors": null, "truncated": false, "text": "Should #HillaryClinton be running? https://t.co/v0q0xUb4u1 #politics", "is_quote_status": false, "in_reply_to_status_id": null, "id": 656899171937554432, "favorite_count": 0, "source": "<a href=\"http://www.hootsuite.com\" rel=\"nofollow\">Hootsuite</a>", "retweeted": false, "coordinates": null, "entities": {"symbols": [], "user_mentions": [], "hashtags": [{"indices": [7, 22], "text": "HillaryClinton"}, {"indices": [59, 68], "text": "politics"}], "urls": [{"url": "https://t.co/v0q0xUb4u1", "indices": [35, 58], "expanded_url": "http://www.gocomics.com/robert-ariail/2015/10/15?utm_source=twitter&utm_medium=socialmarketing&utm_campaign=social-liberal", "display_url": "gocomics.com/robert-ariail/\u2026"}]}, "in_reply_to_screen_name": null, "in_reply_to_user_id": null, "retweet_count": 0, "id_str": "656899171937554432", "favorited": false, "user": {"follow_request_sent": null, "has_extended_profile": false, "profile_use_background_image": true, "default_profile_image": false, "id": 726776941, "profile_background_image_url_https": "https://pbs.twimg.com/profile_background_images/648317946272440320/fqq0cgs9.png", "verified": true, "profile_text_color": "333333", "profile_image_url_https": "https://pbs.twimg.com/profile_images/578639816364945408/WNqgesAJ_normal.png", "profile_sidebar_fill_color": "DDEEF6", "entities": {"url": {"urls": [{"url": "http://t.co/XgBpMrNzEb", "indices": [0, 22], "expanded_url": "http://www.gocomics.com/explore/political_slant", "display_url": "gocomics.com/explore/politi\u2026"}]}, "description": {"urls": []}}, "followers_count": 2383, "profile_sidebar_border_color": "FFFFFF", "id_str": "726776941", "profile_background_color": "206DAD", "listed_count": 90, "is_translation_enabled": false, "utc_offset": -18000, "statuses_count": 4684, "description": "Get a daily fix on Democratic, Liberal and leftist views depicted in illustrations from today's headlines.", "friends_count": 881, "location": "The Blue States", "profile_link_color": "0084B4", "profile_image_url": "http://pbs.twimg.com/profile_images/578639816364945408/WNqgesAJ_normal.png", "following": null, "geo_enabled": false, "profile_banner_url": "https://pbs.twimg.com/profile_banners/726776941/1443406287", "profile_background_image_url": "http://pbs.twimg.com/profile_background_images/648317946272440320/fqq0cgs9.png", "screen_name": "GoComicsLiberal", "lang": "en", "profile_background_tile": false, "favourites_count": 86, "name": "GoComics Liberal", "notifications": null, "url": "http://t.co/XgBpMrNzEb", "created_at": "Mon Jul 30 20:19:03 +0000 2012", "contributors_enabled": false, "time_zone": "Central Time (US & Canada)", "protected": false, "default_profile": false, "is_translator": false}, "geo": null, "in_reply_to_user_id_str": null, "possibly_sensitive": false, "lang": "en", "created_at": "Wed Oct 21 18:25:41 +0000 2015", "in_reply_to_status_id_str": null, "place": null, "metadata": {"iso_language_code": "en", "result_type": "recent"}}