{"contributors": null, "truncated": false, "text": "American Political Hell would be having to choose btwn #DonaldTrump and #HillaryClinton", "is_quote_status": false, "in_reply_to_status_id": null, "id": 656897177034162176, "favorite_count": 0, "source": "<a href=\"http://twitter.com/download/iphone\" rel=\"nofollow\">Twitter for iPhone</a>", "retweeted": false, "coordinates": null, "entities": {"symbols": [], "user_mentions": [], "hashtags": [{"indices": [55, 67], "text": "DonaldTrump"}, {"indices": [72, 87], "text": "HillaryClinton"}], "urls": []}, "in_reply_to_screen_name": null, "in_reply_to_user_id": null, "retweet_count": 0, "id_str": "656897177034162176", "favorited": false, "user": {"follow_request_sent": null, "has_extended_profile": false, "profile_use_background_image": true, "default_profile_image": false, "id": 347977713, "profile_background_image_url_https": "https://abs.twimg.com/images/themes/theme1/bg.png", "verified": false, "profile_text_color": "333333", "profile_image_url_https": "https://pbs.twimg.com/profile_images/638709482021777408/fViv9v91_normal.jpg", "profile_sidebar_fill_color": "DDEEF6", "entities": {"description": {"urls": []}}, "followers_count": 80, "profile_sidebar_border_color": "C0DEED", "id_str": "347977713", "profile_background_color": "C0DEED", "listed_count": 1, "is_translation_enabled": false, "utc_offset": -18000, "statuses_count": 675, "description": "INTOLERANCE is responsible for most of the world's conflicts. Mom of teenagers. Dinner Party Pick-Charlie Rose", "friends_count": 271, "location": "Texas y'all", "profile_link_color": "0084B4", "profile_image_url": "http://pbs.twimg.com/profile_images/638709482021777408/fViv9v91_normal.jpg", "following": null, "geo_enabled": true, "profile_banner_url": "https://pbs.twimg.com/profile_banners/347977713/1435360584", "profile_background_image_url": "http://abs.twimg.com/images/themes/theme1/bg.png", "screen_name": "ezmoss", "lang": "en", "profile_background_tile": false, "favourites_count": 693, "name": "Edie Zimmerman", "notifications": null, "url": null, "created_at": "Wed Aug 03 17:38:58 +0000 2011", "contributors_enabled": false, "time_zone": "Central Time (US & Canada)", "protected": false, "default_profile": true, "is_translator": false}, "geo": null, "in_reply_to_user_id_str": null, "lang": "en", "created_at": "Wed Oct 21 18:17:46 +0000 2015", "in_reply_to_status_id_str": null, "place": null, "metadata": {"iso_language_code": "en", "result_type": "recent"}}