{"contributors": null, "truncated": false, "text": "i'm depressed #Biden is not running cuz we have to hear about #HillaryClinton all the time.At least he would have been a good distraction.", "is_quote_status": false, "in_reply_to_status_id": null, "id": 656899069701410817, "favorite_count": 2, "source": "<a href=\"http://twitter.com\" rel=\"nofollow\">Twitter Web Client</a>", "retweeted": false, "coordinates": null, "entities": {"symbols": [], "user_mentions": [], "hashtags": [{"indices": [14, 20], "text": "Biden"}, {"indices": [62, 77], "text": "HillaryClinton"}], "urls": []}, "in_reply_to_screen_name": null, "in_reply_to_user_id": null, "retweet_count": 2, "id_str": "656899069701410817", "favorited": false, "user": {"follow_request_sent": null, "has_extended_profile": false, "profile_use_background_image": true, "default_profile_image": false, "id": 42670638, "profile_background_image_url_https": "https://abs.twimg.com/images/themes/theme1/bg.png", "verified": false, "profile_text_color": "333333", "profile_image_url_https": "https://pbs.twimg.com/profile_images/484306569941639168/jH62YwhP_normal.jpeg", "profile_sidebar_fill_color": "DDEEF6", "entities": {"url": {"urls": [{"url": "http://t.co/kWqe1A7nvN", "indices": [0, 22], "expanded_url": "http://www.covestrategies.com", "display_url": "covestrategies.com"}]}, "description": {"urls": []}}, "followers_count": 2999, "profile_sidebar_border_color": "C0DEED", "id_str": "42670638", "profile_background_color": "C0DEED", "listed_count": 70, "is_translation_enabled": false, "utc_offset": -14400, "statuses_count": 4440, "description": "Wife of @mschlapp, Mom, Conservative, #GOP, #BigFamily, TV & Radio political commentator, #LoveLabs, Co-founder Cove Strategies, US News&Wrld Rpt contributor", "friends_count": 1677, "location": "Alexandria, VA", "profile_link_color": "0084B4", "profile_image_url": "http://pbs.twimg.com/profile_images/484306569941639168/jH62YwhP_normal.jpeg", "following": null, "geo_enabled": true, "profile_banner_url": "https://pbs.twimg.com/profile_banners/42670638/1417474835", "profile_background_image_url": "http://abs.twimg.com/images/themes/theme1/bg.png", "screen_name": "mercedesschlapp", "lang": "en", "profile_background_tile": false, "favourites_count": 597, "name": "Mercedes Schlapp", "notifications": null, "url": "http://t.co/kWqe1A7nvN", "created_at": "Tue May 26 17:22:21 +0000 2009", "contributors_enabled": false, "time_zone": "Eastern Time (US & Canada)", "protected": false, "default_profile": true, "is_translator": false}, "geo": null, "in_reply_to_user_id_str": null, "lang": "en", "created_at": "Wed Oct 21 18:25:17 +0000 2015", "in_reply_to_status_id_str": null, "place": null, "metadata": {"iso_language_code": "en", "result_type": "recent"}}