{"contributors": null, "truncated": false, "text": "RT @BernieVerse: #Bernie Wants to abolish for-profit prisons\n #Election2016 #Bernie2016 #Hillary2016 https://t.co/hXPwgplhyZ", "is_quote_status": false, "in_reply_to_status_id": null, "id": 656898236976906240, "favorite_count": 0, "source": "<a href=\"http://twitter.com/download/iphone\" rel=\"nofollow\">Twitter for iPhone</a>", "retweeted": false, "coordinates": null, "entities": {"symbols": [], "user_mentions": [{"id": 3291645948, "indices": [3, 15], "id_str": "3291645948", "screen_name": "BernieVerse", "name": "Bernie Universe"}], "hashtags": [{"indices": [17, 24], "text": "Bernie"}, {"indices": [62, 75], "text": "Election2016"}, {"indices": [76, 87], "text": "Bernie2016"}, {"indices": [88, 100], "text": "Hillary2016"}], "urls": [], "media": [{"source_user_id": 3291645948, "source_status_id_str": "656887109505163265", "expanded_url": "http://twitter.com/BernieVerse/status/656887109505163265/photo/1", "display_url": "pic.twitter.com/hXPwgplhyZ", "url": "https://t.co/hXPwgplhyZ", "media_url_https": "https://pbs.twimg.com/media/CR27WHoWcAEB_qu.png", "source_user_id_str": "3291645948", "source_status_id": 656887109505163265, "id_str": "656887109345767425", "sizes": {"large": {"h": 300, "resize": "fit", "w": 600}, "small": {"h": 170, "resize": "fit", "w": 340}, "medium": {"h": 300, "resize": "fit", "w": 600}, "thumb": {"h": 150, "resize": "crop", "w": 150}}, "indices": [101, 124], "type": "photo", "id": 656887109345767425, "media_url": "http://pbs.twimg.com/media/CR27WHoWcAEB_qu.png"}]}, "in_reply_to_screen_name": null, "in_reply_to_user_id": null, "retweet_count": 8, "id_str": "656898236976906240", "favorited": false, "retweeted_status": {"contributors": null, "truncated": false, "text": "#Bernie Wants to abolish for-profit prisons\n #Election2016 #Bernie2016 #Hillary2016 https://t.co/hXPwgplhyZ", "is_quote_status": false, "in_reply_to_status_id": null, "id": 656887109505163265, "favorite_count": 6, "source": "<a href=\"http://ifttt.com\" rel=\"nofollow\">IFTTT</a>", "retweeted": false, "coordinates": null, "entities": {"symbols": [], "user_mentions": [], "hashtags": [{"indices": [0, 7], "text": "Bernie"}, {"indices": [45, 58], "text": "Election2016"}, {"indices": [59, 70], "text": "Bernie2016"}, {"indices": [71, 83], "text": "Hillary2016"}], "urls": [], "media": [{"expanded_url": "http://twitter.com/BernieVerse/status/656887109505163265/photo/1", "display_url": "pic.twitter.com/hXPwgplhyZ", "url": "https://t.co/hXPwgplhyZ", "media_url_https": "https://pbs.twimg.com/media/CR27WHoWcAEB_qu.png", "id_str": "656887109345767425", "sizes": {"large": {"h": 300, "resize": "fit", "w": 600}, "small": {"h": 170, "resize": "fit", "w": 340}, "medium": {"h": 300, "resize": "fit", "w": 600}, "thumb": {"h": 150, "resize": "crop", "w": 150}}, "indices": [84, 107], "type": "photo", "id": 656887109345767425, "media_url": "http://pbs.twimg.com/media/CR27WHoWcAEB_qu.png"}]}, "in_reply_to_screen_name": null, "in_reply_to_user_id": null, "retweet_count": 8, "id_str": "656887109505163265", "favorited": false, "user": {"follow_request_sent": null, "has_extended_profile": false, "profile_use_background_image": true, "default_profile_image": false, "id": 3291645948, "profile_background_image_url_https": "https://abs.twimg.com/images/themes/theme15/bg.png", "verified": false, "profile_text_color": "333333", "profile_image_url_https": "https://pbs.twimg.com/profile_images/629874814354755584/dC0bAtUz_normal.png", "profile_sidebar_fill_color": "C0DFEC", "entities": {"url": {"urls": [{"url": "http://t.co/dYXy7Ih1Ai", "indices": [0, 22], "expanded_url": "http://BernieVerse.Com", "display_url": "BernieVerse.Com"}]}, "description": {"urls": []}}, "followers_count": 1694, "profile_sidebar_border_color": "A8C7F7", "id_str": "3291645948", "profile_background_color": "022330", "listed_count": 58, "is_translation_enabled": false, "utc_offset": -14400, "statuses_count": 7391, "description": "Re/Tweets are a reflection of what I observe from people / groups who #FeelTheBern for #Bernie2016  Thank you for FOLLOWing @BernieVerse", "friends_count": 2000, "location": "Burlington, VT", "profile_link_color": "0084B4", "profile_image_url": "http://pbs.twimg.com/profile_images/629874814354755584/dC0bAtUz_normal.png", "following": null, "geo_enabled": true, "profile_banner_url": "https://pbs.twimg.com/profile_banners/3291645948/1439386945", "profile_background_image_url": "http://abs.twimg.com/images/themes/theme15/bg.png", "screen_name": "BernieVerse", "lang": "en", "profile_background_tile": false, "favourites_count": 775, "name": "Bernie Universe", "notifications": null, "url": "http://t.co/dYXy7Ih1Ai", "created_at": "Sat Jul 25 03:10:29 +0000 2015", "contributors_enabled": false, "time_zone": "Eastern Time (US & Canada)", "protected": false, "default_profile": false, "is_translator": false}, "geo": null, "in_reply_to_user_id_str": null, "possibly_sensitive": false, "lang": "en", "created_at": "Wed Oct 21 17:37:45 +0000 2015", "in_reply_to_status_id_str": null, "place": null, "metadata": {"iso_language_code": "en", "result_type": "recent"}}, "user": {"follow_request_sent": null, "has_extended_profile": false, "profile_use_background_image": false, "default_profile_image": false, "id": 15561759, "profile_background_image_url_https": "https://abs.twimg.com/images/themes/theme3/bg.gif", "verified": false, "profile_text_color": "000000", "profile_image_url_https": "https://pbs.twimg.com/profile_images/625503920811479040/2Lpew5ZC_normal.jpg", "profile_sidebar_fill_color": "000000", "entities": {"url": {"urls": [{"url": "https://t.co/UhMLrct9El", "indices": [0, 23], "expanded_url": "https://www.facebook.com/groups/DFAMiami/", "display_url": "facebook.com/groups/DFAMiam\u2026"}]}, "description": {"urls": []}}, "followers_count": 1156, "profile_sidebar_border_color": "000000", "id_str": "15561759", "profile_background_color": "000000", "listed_count": 18, "is_translation_enabled": false, "utc_offset": -14400, "statuses_count": 1922, "description": "Proud Liberal, no compromise, no surrender!", "friends_count": 1985, "location": "Homestead, FL", "profile_link_color": "9266CC", "profile_image_url": "http://pbs.twimg.com/profile_images/625503920811479040/2Lpew5ZC_normal.jpg", "following": null, "geo_enabled": true, "profile_banner_url": "https://pbs.twimg.com/profile_banners/15561759/1418980027", "profile_background_image_url": "http://abs.twimg.com/images/themes/theme3/bg.gif", "screen_name": "wsejour", "lang": "en", "profile_background_tile": false, "favourites_count": 449, "name": "Wendy Sejour", "notifications": null, "url": "https://t.co/UhMLrct9El", "created_at": "Wed Jul 23 13:22:29 +0000 2008", "contributors_enabled": false, "time_zone": "Eastern Time (US & Canada)", "protected": false, "default_profile": false, "is_translator": false}, "geo": null, "in_reply_to_user_id_str": null, "possibly_sensitive": false, "lang": "en", "created_at": "Wed Oct 21 18:21:58 +0000 2015", "in_reply_to_status_id_str": null, "place": null, "metadata": {"iso_language_code": "en", "result_type": "recent"}}