{"contributors": null, "truncated": false, "text": "RT @stylistkavin: They need more defense than they have. Knock them off their pedestal @HillaryClinton #ImWithHer  https://t.co/1WJbOcCt1D", "is_quote_status": true, "in_reply_to_status_id": null, "id": 656897825251414016, "favorite_count": 0, "source": "<a href=\"http://twitter.com/download/android\" rel=\"nofollow\">Twitter for Android</a>", "retweeted": false, "coordinates": null, "entities": {"symbols": [], "user_mentions": [{"id": 3217694460, "indices": [3, 16], "id_str": "3217694460", "screen_name": "stylistkavin", "name": "Kavin"}, {"id": 1339835893, "indices": [87, 102], "id_str": "1339835893", "screen_name": "HillaryClinton", "name": "Hillary Clinton"}], "hashtags": [{"indices": [103, 113], "text": "ImWithHer"}], "urls": [{"url": "https://t.co/1WJbOcCt1D", "indices": [115, 138], "expanded_url": "https://twitter.com/shondi99/status/656844348328275968", "display_url": "twitter.com/shondi99/statu\u2026"}]}, "in_reply_to_screen_name": null, "in_reply_to_user_id": null, "retweet_count": 6, "id_str": "656897825251414016", "favorited": false, "retweeted_status": {"contributors": null, "truncated": false, "text": "They need more defense than they have. Knock them off their pedestal @HillaryClinton #ImWithHer  https://t.co/1WJbOcCt1D", "is_quote_status": true, "in_reply_to_status_id": null, "id": 656897324178800640, "favorite_count": 3, "entities": {"symbols": [], "user_mentions": [{"id": 1339835893, "indices": [69, 84], "id_str": "1339835893", "screen_name": "HillaryClinton", "name": "Hillary Clinton"}], "hashtags": [{"indices": [85, 95], "text": "ImWithHer"}], "urls": [{"url": "https://t.co/1WJbOcCt1D", "indices": [97, 120], "expanded_url": "https://twitter.com/shondi99/status/656844348328275968", "display_url": "twitter.com/shondi99/statu\u2026"}]}, "quoted_status_id": 656844348328275968, "retweeted": false, "coordinates": null, "quoted_status": {"contributors": null, "truncated": false, "text": "Benghazi Committee On Defense As It Readies For Hillary Testimony https://t.co/0Hicd9Kjfq", "is_quote_status": false, "in_reply_to_status_id": null, "id": 656844348328275968, "favorite_count": 1, "source": "<a href=\"http://twitter.com/download/iphone\" rel=\"nofollow\">Twitter for iPhone</a>", "retweeted": false, "coordinates": null, "entities": {"symbols": [], "user_mentions": [], "hashtags": [], "urls": [{"url": "https://t.co/0Hicd9Kjfq", "indices": [66, 89], "expanded_url": "http://huff.to/1GRchtI", "display_url": "huff.to/1GRchtI"}]}, "in_reply_to_screen_name": null, "in_reply_to_user_id": null, "retweet_count": 1, "id_str": "656844348328275968", "favorited": false, "user": {"follow_request_sent": null, "has_extended_profile": false, "profile_use_background_image": true, "default_profile_image": false, "id": 168524035, "profile_background_image_url_https": "https://abs.twimg.com/images/themes/theme1/bg.png", "verified": false, "profile_text_color": "333333", "profile_image_url_https": "https://pbs.twimg.com/profile_images/653724471598039040/I_Pd9Jpe_normal.jpg", "profile_sidebar_fill_color": "DDEEF6", "entities": {"description": {"urls": []}}, "followers_count": 6648, "profile_sidebar_border_color": "C0DEED", "id_str": "168524035", "profile_background_color": "C0DEED", "listed_count": 280, "is_translation_enabled": false, "utc_offset": -25200, "statuses_count": 79744, "description": "Mom/Grandma - Liberal Progressive - Political Junkie - Sky Blue stuck in Red State - Wants change & will work 4 it! Generous R/Tweeter! #UniteBlue", "friends_count": 6571, "location": "The Desert of the SW", "profile_link_color": "0084B4", "profile_image_url": "http://pbs.twimg.com/profile_images/653724471598039040/I_Pd9Jpe_normal.jpg", "following": null, "geo_enabled": false, "profile_banner_url": "https://pbs.twimg.com/profile_banners/168524035/1440962601", "profile_background_image_url": "http://abs.twimg.com/images/themes/theme1/bg.png", "screen_name": "shondi99", "lang": "en", "profile_background_tile": false, "favourites_count": 413, "name": "shondi99", "notifications": null, "url": null, "created_at": "Mon Jul 19 15:58:06 +0000 2010", "contributors_enabled": false, "time_zone": "Pacific Time (US & Canada)", "protected": false, "default_profile": true, "is_translator": false}, "geo": null, "in_reply_to_user_id_str": null, "possibly_sensitive": false, "lang": "en", "created_at": "Wed Oct 21 14:47:50 +0000 2015", "in_reply_to_status_id_str": null, "place": null, "metadata": {"iso_language_code": "en", "result_type": "recent"}}, "source": "<a href=\"http://twitter.com/download/iphone\" rel=\"nofollow\">Twitter for iPhone</a>", "in_reply_to_screen_name": null, "in_reply_to_user_id": null, "retweet_count": 6, "id_str": "656897324178800640", "favorited": false, "user": {"follow_request_sent": null, "has_extended_profile": false, "profile_use_background_image": true, "default_profile_image": false, "id": 3217694460, "profile_background_image_url_https": "https://abs.twimg.com/images/themes/theme1/bg.png", "verified": false, "profile_text_color": "333333", "profile_image_url_https": "https://pbs.twimg.com/profile_images/655398802262593537/aX4p4Tig_normal.jpg", "profile_sidebar_fill_color": "DDEEF6", "entities": {"url": {"urls": [{"url": "https://t.co/6yuYvCYmZ4", "indices": [0, 23], "expanded_url": "http://hillaryclinton.com", "display_url": "hillaryclinton.com"}]}, "description": {"urls": []}}, "followers_count": 1406, "profile_sidebar_border_color": "C0DEED", "id_str": "3217694460", "profile_background_color": "C0DEED", "listed_count": 112, "is_translation_enabled": false, "utc_offset": null, "statuses_count": 27796, "description": "#Hillary2016 #Volunteer #LGBTrights #BLM #UniteBlue #revolutionofLove MY TWEETS ARE MY OWN #notfeelingthebern #nogop #shutdownbenghazicommittee #gowdyforprison", "friends_count": 1044, "location": "Summerlin South, NV", "profile_link_color": "0084B4", "profile_image_url": "http://pbs.twimg.com/profile_images/655398802262593537/aX4p4Tig_normal.jpg", "following": null, "geo_enabled": true, "profile_banner_url": "https://pbs.twimg.com/profile_banners/3217694460/1445486341", "profile_background_image_url": "http://abs.twimg.com/images/themes/theme1/bg.png", "screen_name": "stylistkavin", "lang": "en", "profile_background_tile": false, "favourites_count": 30485, "name": "Kavin", "notifications": null, "url": "https://t.co/6yuYvCYmZ4", "created_at": "Sun May 17 22:44:49 +0000 2015", "contributors_enabled": false, "time_zone": null, "protected": false, "default_profile": true, "is_translator": false}, "geo": null, "in_reply_to_user_id_str": null, "possibly_sensitive": false, "lang": "en", "created_at": "Wed Oct 21 18:18:21 +0000 2015", "quoted_status_id_str": "656844348328275968", "in_reply_to_status_id_str": null, "place": {"full_name": "Nevada, USA", "url": "https://api.twitter.com/1.1/geo/id/d374fb61a20fb74f.json", "country": "United States", "place_type": "admin", "bounding_box": {"type": "Polygon", "coordinates": [[[-120.00574, 35.002086], [-114.039649, 35.002086], [-114.039649, 42.002208], [-120.00574, 42.002208]]]}, "contained_within": [], "country_code": "US", "attributes": {}, "id": "d374fb61a20fb74f", "name": "Nevada"}, "metadata": {"iso_language_code": "en", "result_type": "recent"}}, "user": {"follow_request_sent": null, "has_extended_profile": false, "profile_use_background_image": true, "default_profile_image": false, "id": 1935600896, "profile_background_image_url_https": "https://abs.twimg.com/images/themes/theme1/bg.png", "verified": false, "profile_text_color": "333333", "profile_image_url_https": "https://pbs.twimg.com/profile_images/473358608369872896/rgpNU3u4_normal.jpeg", "profile_sidebar_fill_color": "DDEEF6", "entities": {"description": {"urls": []}}, "followers_count": 1982, "profile_sidebar_border_color": "C0DEED", "id_str": "1935600896", "profile_background_color": "C0DEED", "listed_count": 88, "is_translation_enabled": false, "utc_offset": null, "statuses_count": 45799, "description": "Disabled VET, served in the 1st Gulf War Desert Storm Union Loving Liberal Lefty but have lots of Conservative friends.", "friends_count": 1567, "location": "Chicago", "profile_link_color": "0083B3", "profile_image_url": "http://pbs.twimg.com/profile_images/473358608369872896/rgpNU3u4_normal.jpeg", "following": null, "geo_enabled": true, "profile_banner_url": "https://pbs.twimg.com/profile_banners/1935600896/1401693429", "profile_background_image_url": "http://abs.twimg.com/images/themes/theme1/bg.png", "screen_name": "abutler04", "lang": "en", "profile_background_tile": false, "favourites_count": 18237, "name": "Allen Butler", "notifications": null, "url": null, "created_at": "Fri Oct 04 21:54:27 +0000 2013", "contributors_enabled": false, "time_zone": null, "protected": false, "default_profile": false, "is_translator": false}, "geo": null, "in_reply_to_user_id_str": null, "possibly_sensitive": false, "lang": "en", "created_at": "Wed Oct 21 18:20:20 +0000 2015", "in_reply_to_status_id_str": null, "place": null, "metadata": {"iso_language_code": "en", "result_type": "recent"}}