{"contributors": null, "truncated": false, "text": "#HillaryClinton: \"History isn't finished with #JoeBiden.\"   Translation: Clinton/Biden 2016! https://t.co/XFMQ8wWTKh", "is_quote_status": false, "in_reply_to_status_id": null, "id": 656897790593777664, "favorite_count": 0, "source": "<a href=\"http://twitter.com\" rel=\"nofollow\">Twitter Web Client</a>", "retweeted": false, "coordinates": null, "entities": {"symbols": [], "user_mentions": [], "hashtags": [{"indices": [0, 15], "text": "HillaryClinton"}, {"indices": [46, 55], "text": "JoeBiden"}], "urls": [], "media": [{"expanded_url": "http://twitter.com/PeoplesAnthony/status/656897790593777664/photo/1", "display_url": "pic.twitter.com/XFMQ8wWTKh", "url": "https://t.co/XFMQ8wWTKh", "media_url_https": "https://pbs.twimg.com/media/CR3FD0TVAAAJXF4.jpg", "id_str": "656897790035951616", "sizes": {"small": {"h": 191, "resize": "fit", "w": 340}, "large": {"h": 350, "resize": "fit", "w": 619}, "medium": {"h": 338, "resize": "fit", "w": 600}, "thumb": {"h": 150, "resize": "crop", "w": 150}}, "indices": [93, 116], "type": "photo", "id": 656897790035951616, "media_url": "http://pbs.twimg.com/media/CR3FD0TVAAAJXF4.jpg"}]}, "in_reply_to_screen_name": null, "in_reply_to_user_id": null, "retweet_count": 0, "id_str": "656897790593777664", "favorited": false, "user": {"follow_request_sent": null, "has_extended_profile": false, "profile_use_background_image": true, "default_profile_image": false, "id": 1598705371, "profile_background_image_url_https": "https://abs.twimg.com/images/themes/theme1/bg.png", "verified": false, "profile_text_color": "333333", "profile_image_url_https": "https://pbs.twimg.com/profile_images/378800000543358710/de1d4843293a295dd6d8cda44e190e02_normal.jpeg", "profile_sidebar_fill_color": "DDEEF6", "entities": {"url": {"urls": [{"url": "http://t.co/uqHkHJd6IF", "indices": [0, 22], "expanded_url": "http://anthonypeoples.wordpress.com/", "display_url": "anthonypeoples.wordpress.com"}]}, "description": {"urls": []}}, "followers_count": 386, "profile_sidebar_border_color": "C0DEED", "id_str": "1598705371", "profile_background_color": "C0DEED", "listed_count": 16, "is_translation_enabled": false, "utc_offset": -18000, "statuses_count": 3743, "description": "TV Meteorologist, pop culture junkie, foodie, dad, advocate, & more...", "friends_count": 247, "location": "Moline, Illinois", "profile_link_color": "0084B4", "profile_image_url": "http://pbs.twimg.com/profile_images/378800000543358710/de1d4843293a295dd6d8cda44e190e02_normal.jpeg", "following": null, "geo_enabled": true, "profile_background_image_url": "http://abs.twimg.com/images/themes/theme1/bg.png", "screen_name": "PeoplesAnthony", "lang": "en", "profile_background_tile": false, "favourites_count": 3223, "name": "Anthony Peoples", "notifications": null, "url": "http://t.co/uqHkHJd6IF", "created_at": "Tue Jul 16 15:39:46 +0000 2013", "contributors_enabled": false, "time_zone": "Central Time (US & Canada)", "protected": false, "default_profile": true, "is_translator": false}, "geo": null, "in_reply_to_user_id_str": null, "possibly_sensitive": false, "lang": "en", "created_at": "Wed Oct 21 18:20:12 +0000 2015", "in_reply_to_status_id_str": null, "place": null, "metadata": {"iso_language_code": "en", "result_type": "recent"}}