{"contributors": null, "truncated": false, "text": "Well...#HillaryClinton there is 'that' \ud83d\ude0f #BenghaziCommittee  https://t.co/Xc4tQhKcql", "is_quote_status": true, "in_reply_to_status_id": null, "id": 656901731616321536, "favorite_count": 0, "entities": {"symbols": [], "user_mentions": [], "hashtags": [{"indices": [7, 22], "text": "HillaryClinton"}, {"indices": [41, 59], "text": "BenghaziCommittee"}], "urls": [{"url": "https://t.co/Xc4tQhKcql", "indices": [61, 84], "expanded_url": "https://twitter.com/drudge_report/status/656901054957682688", "display_url": "twitter.com/drudge_report/\u2026"}]}, "quoted_status_id": 656901054957682688, "retweeted": false, "coordinates": null, "quoted_status": {"contributors": null, "truncated": false, "text": "Benghazi Mom: 'Hillary's Lying!' https://t.co/uzWBsFJe3Z", "is_quote_status": false, "in_reply_to_status_id": null, "id": 656901054957682688, "favorite_count": 100, "source": "<a href=\"http://drudge.tw\" rel=\"nofollow\">Drudge</a>", "retweeted": false, "coordinates": null, "entities": {"symbols": [], "user_mentions": [], "hashtags": [], "urls": [{"url": "https://t.co/uzWBsFJe3Z", "indices": [33, 56], "expanded_url": "http://drudge.tw/1OSU4Tf", "display_url": "drudge.tw/1OSU4Tf"}]}, "in_reply_to_screen_name": null, "in_reply_to_user_id": null, "retweet_count": 173, "id_str": "656901054957682688", "favorited": false, "user": {"follow_request_sent": null, "has_extended_profile": false, "profile_use_background_image": false, "default_profile_image": false, "id": 14669951, "profile_background_image_url_https": "https://pbs.twimg.com/profile_background_images/4623499/white.png", "verified": false, "profile_text_color": "000000", "profile_image_url_https": "https://pbs.twimg.com/profile_images/53808884/images_normal.jpeg", "profile_sidebar_fill_color": "FFFFFF", "entities": {"url": {"urls": [{"url": "http://t.co/dsLXEBfDsQ", "indices": [0, 22], "expanded_url": "http://www.DRUDGEREPORT.com", "display_url": "DRUDGEREPORT.com"}]}, "description": {"urls": []}}, "followers_count": 836440, "profile_sidebar_border_color": "FFFFFF", "id_str": "14669951", "profile_background_color": "FFFFFF", "listed_count": 19004, "is_translation_enabled": false, "utc_offset": -25200, "statuses_count": 153598, "description": "The DRUDGE REPORT is a U.S. based news aggregation website run by Matt Drudge(@DRUDGE).", "friends_count": 2, "location": "US", "profile_link_color": "000000", "profile_image_url": "http://pbs.twimg.com/profile_images/53808884/images_normal.jpeg", "following": null, "geo_enabled": false, "profile_background_image_url": "http://pbs.twimg.com/profile_background_images/4623499/white.png", "screen_name": "DRUDGE_REPORT", "lang": "en", "profile_background_tile": false, "favourites_count": 0, "name": "DRUDGE REPORT", "notifications": null, "url": "http://t.co/dsLXEBfDsQ", "created_at": "Tue May 06 05:34:47 +0000 2008", "contributors_enabled": false, "time_zone": "Pacific Time (US & Canada)", "protected": false, "default_profile": false, "is_translator": false}, "geo": null, "in_reply_to_user_id_str": null, "possibly_sensitive": false, "lang": "en", "created_at": "Wed Oct 21 18:33:10 +0000 2015", "in_reply_to_status_id_str": null, "place": null, "metadata": {"iso_language_code": "en", "result_type": "recent"}}, "source": "<a href=\"http://twitter.com/#!/download/ipad\" rel=\"nofollow\">Twitter for iPad</a>", "in_reply_to_screen_name": null, "in_reply_to_user_id": null, "retweet_count": 0, "id_str": "656901731616321536", "favorited": false, "user": {"follow_request_sent": null, "has_extended_profile": false, "profile_use_background_image": false, "default_profile_image": false, "id": 3719316499, "profile_background_image_url_https": "https://abs.twimg.com/images/themes/theme1/bg.png", "verified": false, "profile_text_color": "000000", "profile_image_url_https": "https://pbs.twimg.com/profile_images/648655444429303808/zU1kP7AA_normal.jpg", "profile_sidebar_fill_color": "000000", "entities": {"description": {"urls": []}}, "followers_count": 125, "profile_sidebar_border_color": "000000", "id_str": "3719316499", "profile_background_color": "000000", "listed_count": 4, "is_translation_enabled": false, "utc_offset": null, "statuses_count": 368, "description": "Conservative, don't bloc vote i.e. women, Latina, whatever so. Mom, Glamma, wife of scientist, LOVE God, country intellectual convos & debate. ProLIFE", "friends_count": 147, "location": "", "profile_link_color": "3B94D9", "profile_image_url": "http://pbs.twimg.com/profile_images/648655444429303808/zU1kP7AA_normal.jpg", "following": null, "geo_enabled": false, "profile_banner_url": "https://pbs.twimg.com/profile_banners/3719316499/1443485954", "profile_background_image_url": "http://abs.twimg.com/images/themes/theme1/bg.png", "screen_name": "LLLibertee", "lang": "en", "profile_background_tile": false, "favourites_count": 53, "name": "Nina Rod", "notifications": null, "url": null, "created_at": "Mon Sep 28 22:30:38 +0000 2015", "contributors_enabled": false, "time_zone": null, "protected": false, "default_profile": false, "is_translator": false}, "geo": null, "in_reply_to_user_id_str": null, "possibly_sensitive": false, "lang": "en", "created_at": "Wed Oct 21 18:35:52 +0000 2015", "quoted_status_id_str": "656901054957682688", "in_reply_to_status_id_str": null, "place": null, "metadata": {"iso_language_code": "en", "result_type": "recent"}}