{"contributors": null, "truncated": false, "text": "@TheDailyEdge: Disturbing news from the #BenghaziCommittee https://t.co/w40Vwy4rjl\n#EverybodyTalks #UniteBlue #Hillary2016 #LibCrib", "is_quote_status": false, "in_reply_to_status_id": null, "id": 656902263814926336, "favorite_count": 0, "source": "<a href=\"http://twitter.com/#!/download/ipad\" rel=\"nofollow\">Twitter for iPad</a>", "retweeted": false, "coordinates": null, "entities": {"symbols": [], "user_mentions": [{"id": 179732982, "indices": [0, 13], "id_str": "179732982", "screen_name": "TheDailyEdge", "name": "The Daily Edge"}], "hashtags": [{"indices": [40, 58], "text": "BenghaziCommittee"}, {"indices": [83, 98], "text": "EverybodyTalks"}, {"indices": [99, 109], "text": "UniteBlue"}, {"indices": [110, 122], "text": "Hillary2016"}, {"indices": [123, 131], "text": "LibCrib"}], "urls": [], "media": [{"source_user_id": 179732982, "source_status_id_str": "656266908816297984", "expanded_url": "http://twitter.com/TheDailyEdge/status/656266908816297984/photo/1", "display_url": "pic.twitter.com/w40Vwy4rjl", "url": "https://t.co/w40Vwy4rjl", "media_url_https": "https://pbs.twimg.com/media/CRuHRqeW0AAmi8g.jpg", "source_user_id_str": "179732982", "source_status_id": 656266908816297984, "id_str": "656266908241678336", "sizes": {"large": {"h": 573, "resize": "fit", "w": 840}, "small": {"h": 231, "resize": "fit", "w": 340}, "medium": {"h": 409, "resize": "fit", "w": 600}, "thumb": {"h": 150, "resize": "crop", "w": 150}}, "indices": [59, 82], "type": "photo", "id": 656266908241678336, "media_url": "http://pbs.twimg.com/media/CRuHRqeW0AAmi8g.jpg"}]}, "in_reply_to_screen_name": "TheDailyEdge", "in_reply_to_user_id": 179732982, "retweet_count": 0, "id_str": "656902263814926336", "favorited": false, "user": {"follow_request_sent": null, "has_extended_profile": false, "profile_use_background_image": true, "default_profile_image": false, "id": 408194759, "profile_background_image_url_https": "https://pbs.twimg.com/profile_background_images/418653483/IMG_1565.jpg", "verified": false, "profile_text_color": "333333", "profile_image_url_https": "https://pbs.twimg.com/profile_images/650156910314921984/IW38_nzd_normal.jpg", "profile_sidebar_fill_color": "FFFFFF", "entities": {"url": {"urls": [{"url": "http://t.co/KIPxl474iE", "indices": [0, 22], "expanded_url": "http://httpHeGOTBigBOOBSTOFill.com", "display_url": "httpHeGOTBigBOOBSTOFill.com"}]}, "description": {"urls": []}}, "followers_count": 1991, "profile_sidebar_border_color": "FFFFFF", "id_str": "408194759", "profile_background_color": "E6FAFA", "listed_count": 6, "is_translation_enabled": false, "utc_offset": -18000, "statuses_count": 232846, "description": "What Other people, Are saying about New Realities.. --Contentment:, Content, and Intent... Not Much, and So much More..", "friends_count": 2202, "location": "Singing in the Silence...", "profile_link_color": "0B1414", "profile_image_url": "http://pbs.twimg.com/profile_images/650156910314921984/IW38_nzd_normal.jpg", "following": null, "geo_enabled": false, "profile_background_image_url": "http://pbs.twimg.com/profile_background_images/418653483/IMG_1565.jpg", "screen_name": "ReneNow", "lang": "en", "profile_background_tile": false, "favourites_count": 6332, "name": "Town Post..", "notifications": null, "url": "http://t.co/KIPxl474iE", "created_at": "Wed Nov 09 03:18:36 +0000 2011", "contributors_enabled": false, "time_zone": "Central Time (US & Canada)", "protected": false, "default_profile": false, "is_translator": false}, "geo": null, "in_reply_to_user_id_str": "179732982", "possibly_sensitive": true, "lang": "en", "created_at": "Wed Oct 21 18:37:59 +0000 2015", "in_reply_to_status_id_str": null, "place": null, "metadata": {"iso_language_code": "en", "result_type": "recent"}}