{"contributors": null, "truncated": false, "text": "#Hillary2016 is on! https://t.co/TcQK5Iv48V", "is_quote_status": true, "in_reply_to_status_id": null, "id": 656913175665889280, "favorite_count": 1, "entities": {"symbols": [], "user_mentions": [], "hashtags": [{"indices": [0, 12], "text": "Hillary2016"}], "urls": [{"url": "https://t.co/TcQK5Iv48V", "indices": [20, 43], "expanded_url": "https://twitter.com/mashable/status/656911612926951425", "display_url": "twitter.com/mashable/statu\u2026"}]}, "quoted_status_id": 656911612926951425, "retweeted": false, "coordinates": null, "quoted_status": {"contributors": null, "truncated": false, "text": "Biden isn't Team Hillary yet, but at least he's out of her way https://t.co/eArrJ7KMr2 https://t.co/4uRs8eER9t", "is_quote_status": false, "in_reply_to_status_id": null, "id": 656911612926951425, "favorite_count": 32, "source": "<a href=\"http://www.socialflow.com\" rel=\"nofollow\">SocialFlow</a>", "retweeted": false, "coordinates": null, "entities": {"symbols": [], "user_mentions": [], "hashtags": [], "urls": [{"url": "https://t.co/eArrJ7KMr2", "indices": [63, 86], "expanded_url": "http://on.mash.to/1KoHNj3", "display_url": "on.mash.to/1KoHNj3"}], "media": [{"expanded_url": "http://twitter.com/mashable/status/656911612926951425/photo/1", "display_url": "pic.twitter.com/4uRs8eER9t", "url": "https://t.co/4uRs8eER9t", "media_url_https": "https://pbs.twimg.com/media/CR3RoX_WcAAxh5t.jpg", "id_str": "656911612230660096", "sizes": {"small": {"h": 191, "resize": "fit", "w": 340}, "large": {"h": 575, "resize": "fit", "w": 1024}, "medium": {"h": 337, "resize": "fit", "w": 600}, "thumb": {"h": 150, "resize": "crop", "w": 150}}, "indices": [87, 110], "type": "photo", "id": 656911612230660096, "media_url": "http://pbs.twimg.com/media/CR3RoX_WcAAxh5t.jpg"}]}, "in_reply_to_screen_name": null, "in_reply_to_user_id": null, "retweet_count": 18, "id_str": "656911612926951425", "favorited": false, "user": {"follow_request_sent": null, "has_extended_profile": false, "profile_use_background_image": false, "default_profile_image": false, "id": 972651, "profile_background_image_url_https": "https://pbs.twimg.com/profile_background_images/705312036/bf7ca2a3f077d7e57b12a5ea4f1db268.png", "verified": true, "profile_text_color": "3B3B3B", "profile_image_url_https": "https://pbs.twimg.com/profile_images/638342444052930560/gMZvEMvt_normal.png", "profile_sidebar_fill_color": "88DBF4", "entities": {"url": {"urls": [{"url": "http://t.co/1Gm8aVACKn", "indices": [0, 22], "expanded_url": "http://mashable.com", "display_url": "mashable.com"}]}, "description": {"urls": []}}, "followers_count": 5969686, "profile_sidebar_border_color": "FFFFFF", "id_str": "972651", "profile_background_color": "00AEEF", "listed_count": 126113, "is_translation_enabled": false, "utc_offset": -14400, "statuses_count": 160120, "description": "News, resources, inspiration and fun for the connected generation. Tweets by @mashable staff.", "friends_count": 2826, "location": "", "profile_link_color": "00AEEF", "profile_image_url": "http://pbs.twimg.com/profile_images/638342444052930560/gMZvEMvt_normal.png", "following": null, "geo_enabled": false, "profile_banner_url": "https://pbs.twimg.com/profile_banners/972651/1401484849", "profile_background_image_url": "http://pbs.twimg.com/profile_background_images/705312036/bf7ca2a3f077d7e57b12a5ea4f1db268.png", "screen_name": "mashable", "lang": "en", "profile_background_tile": false, "favourites_count": 572, "name": "Mashable", "notifications": null, "url": "http://t.co/1Gm8aVACKn", "created_at": "Mon Mar 12 01:28:01 +0000 2007", "contributors_enabled": false, "time_zone": "Eastern Time (US & Canada)", "protected": false, "default_profile": false, "is_translator": false}, "geo": null, "in_reply_to_user_id_str": null, "possibly_sensitive": false, "lang": "en", "created_at": "Wed Oct 21 19:15:08 +0000 2015", "in_reply_to_status_id_str": null, "place": null, "metadata": {"iso_language_code": "en", "result_type": "recent"}}, "source": "<a href=\"http://twitter.com/#!/download/ipad\" rel=\"nofollow\">Twitter for iPad</a>", "in_reply_to_screen_name": null, "in_reply_to_user_id": null, "retweet_count": 1, "id_str": "656913175665889280", "favorited": false, "user": {"follow_request_sent": null, "has_extended_profile": false, "profile_use_background_image": true, "default_profile_image": false, "id": 3071966694, "profile_background_image_url_https": "https://abs.twimg.com/images/themes/theme1/bg.png", "verified": false, "profile_text_color": "333333", "profile_image_url_https": "https://pbs.twimg.com/profile_images/648572075293016064/EQIS6Wwp_normal.png", "profile_sidebar_fill_color": "DDEEF6", "entities": {"url": {"urls": [{"url": "http://t.co/aksUtxurUO", "indices": [0, 22], "expanded_url": "http://normakrieger.wix.com/nwpc-new-york", "display_url": "normakrieger.wix.com/nwpc-new-york"}]}, "description": {"urls": [{"url": "https://t.co/C79gX1POGw", "indices": [119, 142], "expanded_url": "https://www.youtube.com/embed/2XdSWL8XJdM", "display_url": "youtube.com/embed/2XdSWL8X\u2026"}]}}, "followers_count": 139, "profile_sidebar_border_color": "C0DEED", "id_str": "3071966694", "profile_background_color": "C0DEED", "listed_count": 24, "is_translation_enabled": false, "utc_offset": null, "statuses_count": 1792, "description": "The National Women's Political Caucus New York City Chapter. Join the fight to obtain #ERA for women! Join us today at https://t.co/C79gX1POGw", "friends_count": 17, "location": "New York, NY", "profile_link_color": "0084B4", "profile_image_url": "http://pbs.twimg.com/profile_images/648572075293016064/EQIS6Wwp_normal.png", "following": null, "geo_enabled": true, "profile_banner_url": "https://pbs.twimg.com/profile_banners/3071966694/1441821994", "profile_background_image_url": "http://abs.twimg.com/images/themes/theme1/bg.png", "screen_name": "NWPCNYC", "lang": "en", "profile_background_tile": false, "favourites_count": 486, "name": "NWPC | NY", "notifications": null, "url": "http://t.co/aksUtxurUO", "created_at": "Tue Mar 10 21:54:22 +0000 2015", "contributors_enabled": false, "time_zone": null, "protected": false, "default_profile": true, "is_translator": false}, "geo": null, "in_reply_to_user_id_str": null, "possibly_sensitive": false, "lang": "en", "created_at": "Wed Oct 21 19:21:20 +0000 2015", "quoted_status_id_str": "656911612926951425", "in_reply_to_status_id_str": null, "place": null, "metadata": {"iso_language_code": "en", "result_type": "recent"}}