{"contributors": null, "truncated": false, "text": "#UniteBlue #Hillary2016 #HillaryClinton \n\n #WakeUpAmerica to the phony bullshit political pandering!\nNAUSEATING \ud83d\udc47\ud83d\udc47\ud83d\udc47 https://t.co/a58fUixzIp", "is_quote_status": true, "in_reply_to_status_id": null, "id": 656913765108158464, "favorite_count": 3, "entities": {"symbols": [], "user_mentions": [], "hashtags": [{"indices": [0, 10], "text": "UniteBlue"}, {"indices": [11, 23], "text": "Hillary2016"}, {"indices": [24, 39], "text": "HillaryClinton"}, {"indices": [43, 57], "text": "WakeUpAmerica"}], "urls": [{"url": "https://t.co/a58fUixzIp", "indices": [116, 139], "expanded_url": "https://twitter.com/phil200269/status/656672635288293376", "display_url": "twitter.com/phil200269/sta\u2026"}]}, "quoted_status_id": 656672635288293376, "retweeted": false, "coordinates": null, "quoted_status": {"contributors": null, "truncated": false, "text": "Hillary Wears Hijab...Panders To Muslims In Campaign Video.\n\n#WakeUpAmerica #tcot #PJNET \nhttps://t.co/zdY0RmMU4W https://t.co/urmW6kDtZl", "is_quote_status": false, "in_reply_to_status_id": null, "id": 656672635288293376, "favorite_count": 111, "source": "<a href=\"http://twitter.com/download/android\" rel=\"nofollow\">Twitter for Android</a>", "retweeted": false, "coordinates": null, "entities": {"symbols": [], "user_mentions": [], "hashtags": [{"indices": [61, 75], "text": "WakeUpAmerica"}, {"indices": [76, 81], "text": "tcot"}, {"indices": [82, 88], "text": "PJNET"}], "urls": [{"url": "https://t.co/zdY0RmMU4W", "indices": [90, 113], "expanded_url": "http://www.thegatewaypundit.com/2015/10/clinton-presidential-campaign-video-shows-hillary-in-hijab/", "display_url": "thegatewaypundit.com/2015/10/clinto\u2026"}], "media": [{"expanded_url": "http://twitter.com/phil200269/status/656672635288293376/photo/1", "display_url": "pic.twitter.com/urmW6kDtZl", "url": "https://t.co/urmW6kDtZl", "media_url_https": "https://pbs.twimg.com/media/CRz4RwQVEAEECmR.jpg", "id_str": "656672629584105473", "sizes": {"small": {"h": 199, "resize": "fit", "w": 340}, "large": {"h": 301, "resize": "fit", "w": 514}, "medium": {"h": 301, "resize": "fit", "w": 514}, "thumb": {"h": 150, "resize": "crop", "w": 150}}, "indices": [114, 137], "type": "photo", "id": 656672629584105473, "media_url": "http://pbs.twimg.com/media/CRz4RwQVEAEECmR.jpg"}]}, "in_reply_to_screen_name": null, "in_reply_to_user_id": null, "retweet_count": 257, "id_str": "656672635288293376", "favorited": false, "user": {"follow_request_sent": null, "has_extended_profile": false, "profile_use_background_image": true, "default_profile_image": false, "id": 1936536769, "profile_background_image_url_https": "https://abs.twimg.com/images/themes/theme1/bg.png", "verified": false, "profile_text_color": "333333", "profile_image_url_https": "https://pbs.twimg.com/profile_images/622277263782887424/uDMVLddy_normal.jpg", "profile_sidebar_fill_color": "DDEEF6", "entities": {"description": {"urls": []}}, "followers_count": 5287, "profile_sidebar_border_color": "C0DEED", "id_str": "1936536769", "profile_background_color": "C0DEED", "listed_count": 85, "is_translation_enabled": false, "utc_offset": -18000, "statuses_count": 9384, "description": "Christian, Texan,  Pro Israel, family, Author.  #CCOT.  Followed by Sean Hannity, Kris Paronto, James Rosen FNC, Alveda King, Kris Gutierrez.", "friends_count": 5804, "location": "", "profile_link_color": "0084B4", "profile_image_url": "http://pbs.twimg.com/profile_images/622277263782887424/uDMVLddy_normal.jpg", "following": null, "geo_enabled": false, "profile_banner_url": "https://pbs.twimg.com/profile_banners/1936536769/1439178099", "profile_background_image_url": "http://abs.twimg.com/images/themes/theme1/bg.png", "screen_name": "phil200269", "lang": "en", "profile_background_tile": false, "favourites_count": 15136, "name": "Phil", "notifications": null, "url": null, "created_at": "Sat Oct 05 05:17:07 +0000 2013", "contributors_enabled": false, "time_zone": "Central Time (US & Canada)", "protected": false, "default_profile": true, "is_translator": false}, "geo": null, "in_reply_to_user_id_str": null, "possibly_sensitive": false, "lang": "en", "created_at": "Wed Oct 21 03:25:31 +0000 2015", "in_reply_to_status_id_str": null, "place": null, "metadata": {"iso_language_code": "en", "result_type": "recent"}}, "source": "<a href=\"http://twitter.com/download/android\" rel=\"nofollow\">Twitter for Android</a>", "in_reply_to_screen_name": null, "in_reply_to_user_id": null, "retweet_count": 4, "id_str": "656913765108158464", "favorited": false, "user": {"follow_request_sent": null, "has_extended_profile": false, "profile_use_background_image": true, "default_profile_image": false, "id": 2748582465, "profile_background_image_url_https": "https://abs.twimg.com/images/themes/theme1/bg.png", "verified": false, "profile_text_color": "333333", "profile_image_url_https": "https://pbs.twimg.com/profile_images/650036744641998850/zmzUtsK8_normal.jpg", "profile_sidebar_fill_color": "DDEEF6", "entities": {"description": {"urls": []}}, "followers_count": 5856, "profile_sidebar_border_color": "C0DEED", "id_str": "2748582465", "profile_background_color": "C0DEED", "listed_count": 71, "is_translation_enabled": false, "utc_offset": null, "statuses_count": 16979, "description": "LOVE UFC TVG METS! An unfortunately\nprogressive liberals, career politicians & corrupt media the perfect storm coming together to flush America down the toilet!", "friends_count": 6035, "location": "VEGAS ", "profile_link_color": "0084B4", "profile_image_url": "http://pbs.twimg.com/profile_images/650036744641998850/zmzUtsK8_normal.jpg", "following": null, "geo_enabled": true, "profile_banner_url": "https://pbs.twimg.com/profile_banners/2748582465/1436753534", "profile_background_image_url": "http://abs.twimg.com/images/themes/theme1/bg.png", "screen_name": "renomarky", "lang": "en", "profile_background_tile": false, "favourites_count": 9710, "name": "Common sense guy!", "notifications": null, "url": null, "created_at": "Thu Aug 21 00:56:17 +0000 2014", "contributors_enabled": false, "time_zone": null, "protected": false, "default_profile": true, "is_translator": false}, "geo": null, "in_reply_to_user_id_str": null, "possibly_sensitive": false, "lang": "en", "created_at": "Wed Oct 21 19:23:41 +0000 2015", "quoted_status_id_str": "656672635288293376", "in_reply_to_status_id_str": null, "place": null, "metadata": {"iso_language_code": "en", "result_type": "recent"}}