{"contributors": null, "truncated": false, "text": "RT @andrewjgregor: RWNJ warning us about #HillaryClinton in a language I have never seen before. #Ignorance is a hallmark of the right. htt\u2026", "is_quote_status": false, "in_reply_to_status_id": null, "id": 656913162625798144, "favorite_count": 0, "source": "<a href=\"http://twitter.com/download/iphone\" rel=\"nofollow\">Twitter for iPhone</a>", "retweeted": false, "coordinates": null, "entities": {"symbols": [], "user_mentions": [{"id": 129281932, "indices": [3, 17], "id_str": "129281932", "screen_name": "andrewjgregor", "name": "Andrew James Gregor"}], "hashtags": [{"indices": [41, 56], "text": "HillaryClinton"}, {"indices": [97, 107], "text": "Ignorance"}], "urls": [], "media": [{"source_user_id": 129281932, "source_status_id_str": "656909368890298368", "expanded_url": "http://twitter.com/andrewjgregor/status/656909368890298368/photo/1", "display_url": "pic.twitter.com/Yi4Jc2120J", "url": "https://t.co/Yi4Jc2120J", "media_url_https": "https://pbs.twimg.com/media/CR3PlvtVEAA7Ios.jpg", "source_user_id_str": "129281932", "source_status_id": 656909368890298368, "id_str": "656909368034660352", "sizes": {"small": {"h": 256, "resize": "fit", "w": 340}, "large": {"h": 365, "resize": "fit", "w": 483}, "medium": {"h": 365, "resize": "fit", "w": 483}, "thumb": {"h": 150, "resize": "crop", "w": 150}}, "indices": [139, 140], "type": "photo", "id": 656909368034660352, "media_url": "http://pbs.twimg.com/media/CR3PlvtVEAA7Ios.jpg"}]}, "in_reply_to_screen_name": null, "in_reply_to_user_id": null, "retweet_count": 9, "id_str": "656913162625798144", "favorited": false, "retweeted_status": {"contributors": null, "truncated": false, "text": "RWNJ warning us about #HillaryClinton in a language I have never seen before. #Ignorance is a hallmark of the right. https://t.co/Yi4Jc2120J", "is_quote_status": false, "in_reply_to_status_id": null, "id": 656909368890298368, "favorite_count": 3, "source": "<a href=\"http://twitter.com/download/android\" rel=\"nofollow\">Twitter for Android</a>", "retweeted": false, "coordinates": null, "entities": {"symbols": [], "user_mentions": [], "hashtags": [{"indices": [22, 37], "text": "HillaryClinton"}, {"indices": [78, 88], "text": "Ignorance"}], "urls": [], "media": [{"expanded_url": "http://twitter.com/andrewjgregor/status/656909368890298368/photo/1", "display_url": "pic.twitter.com/Yi4Jc2120J", "url": "https://t.co/Yi4Jc2120J", "media_url_https": "https://pbs.twimg.com/media/CR3PlvtVEAA7Ios.jpg", "id_str": "656909368034660352", "sizes": {"small": {"h": 256, "resize": "fit", "w": 340}, "large": {"h": 365, "resize": "fit", "w": 483}, "medium": {"h": 365, "resize": "fit", "w": 483}, "thumb": {"h": 150, "resize": "crop", "w": 150}}, "indices": [117, 140], "type": "photo", "id": 656909368034660352, "media_url": "http://pbs.twimg.com/media/CR3PlvtVEAA7Ios.jpg"}]}, "in_reply_to_screen_name": null, "in_reply_to_user_id": null, "retweet_count": 9, "id_str": "656909368890298368", "favorited": false, "user": {"follow_request_sent": null, "has_extended_profile": false, "profile_use_background_image": false, "default_profile_image": false, "id": 129281932, "profile_background_image_url_https": "https://abs.twimg.com/images/themes/theme1/bg.png", "verified": false, "profile_text_color": "000000", "profile_image_url_https": "https://pbs.twimg.com/profile_images/576895655601287171/DokorE0G_normal.jpeg", "profile_sidebar_fill_color": "000000", "entities": {"description": {"urls": []}}, "followers_count": 439, "profile_sidebar_border_color": "000000", "id_str": "129281932", "profile_background_color": "000000", "listed_count": 14, "is_translation_enabled": false, "utc_offset": null, "statuses_count": 3296, "description": "I have lived in a handful of different countries, lean very left, love animals, hate injustice and think critical thinking is crucial to development.", "friends_count": 470, "location": "CA. USA", "profile_link_color": "3B94D9", "profile_image_url": "http://pbs.twimg.com/profile_images/576895655601287171/DokorE0G_normal.jpeg", "following": null, "geo_enabled": true, "profile_banner_url": "https://pbs.twimg.com/profile_banners/129281932/1438564147", "profile_background_image_url": "http://abs.twimg.com/images/themes/theme1/bg.png", "screen_name": "andrewjgregor", "lang": "en", "profile_background_tile": false, "favourites_count": 3023, "name": "Andrew James Gregor", "notifications": null, "url": null, "created_at": "Sat Apr 03 19:46:23 +0000 2010", "contributors_enabled": false, "time_zone": null, "protected": false, "default_profile": false, "is_translator": false}, "geo": null, "in_reply_to_user_id_str": null, "possibly_sensitive": false, "lang": "en", "created_at": "Wed Oct 21 19:06:12 +0000 2015", "in_reply_to_status_id_str": null, "place": null, "metadata": {"iso_language_code": "en", "result_type": "recent"}}, "user": {"follow_request_sent": null, "has_extended_profile": false, "profile_use_background_image": true, "default_profile_image": false, "id": 2373857028, "profile_background_image_url_https": "https://abs.twimg.com/images/themes/theme1/bg.png", "verified": false, "profile_text_color": "333333", "profile_image_url_https": "https://pbs.twimg.com/profile_images/655118095107813376/5mSFFO1p_normal.jpg", "profile_sidebar_fill_color": "DDEEF6", "entities": {"description": {"urls": []}}, "followers_count": 7548, "profile_sidebar_border_color": "C0DEED", "id_str": "2373857028", "profile_background_color": "C0DEED", "listed_count": 169, "is_translation_enabled": false, "utc_offset": null, "statuses_count": 71444, "description": "Human, 4th Generation Anchor Baby, 14th amendment proponent, dog lover & #progressive. I'm educated & informed, always do your own research. #IStandWithAmerica", "friends_count": 7098, "location": "", "profile_link_color": "0084B4", "profile_image_url": "http://pbs.twimg.com/profile_images/655118095107813376/5mSFFO1p_normal.jpg", "following": null, "geo_enabled": true, "profile_banner_url": "https://pbs.twimg.com/profile_banners/2373857028/1395463379", "profile_background_image_url": "http://abs.twimg.com/images/themes/theme1/bg.png", "screen_name": "JeremyDeeSelden", "lang": "en", "profile_background_tile": false, "favourites_count": 21588, "name": "JeremyDeeSelden", "notifications": null, "url": null, "created_at": "Wed Mar 05 14:35:53 +0000 2014", "contributors_enabled": false, "time_zone": null, "protected": false, "default_profile": true, "is_translator": false}, "geo": null, "in_reply_to_user_id_str": null, "possibly_sensitive": false, "lang": "en", "created_at": "Wed Oct 21 19:21:17 +0000 2015", "in_reply_to_status_id_str": null, "place": null, "metadata": {"iso_language_code": "en", "result_type": "recent"}}