{"contributors": null, "truncated": false, "text": "RT @ChuckNellis: So, apparently Obama's made a deal with @HillaryClinton to keep Biden out &amp; her out of prison? I pray justice is served &amp; \u2026", "is_quote_status": false, "in_reply_to_status_id": null, "id": 656908933404213248, "favorite_count": 0, "source": "<a href=\"http://twitter.com/download/iphone\" rel=\"nofollow\">Twitter for iPhone</a>", "retweeted": false, "coordinates": null, "entities": {"symbols": [], "user_mentions": [{"id": 315878798, "indices": [3, 15], "id_str": "315878798", "screen_name": "ChuckNellis", "name": "Chuck Nellis"}, {"id": 1339835893, "indices": [57, 72], "id_str": "1339835893", "screen_name": "HillaryClinton", "name": "Hillary Clinton"}], "hashtags": [{"indices": [147, 148], "text": "Hillary2016"}], "urls": []}, "in_reply_to_screen_name": null, "in_reply_to_user_id": null, "retweet_count": 29, "id_str": "656908933404213248", "favorited": false, "retweeted_status": {"contributors": null, "truncated": false, "text": "So, apparently Obama's made a deal with @HillaryClinton to keep Biden out &amp; her out of prison? I pray justice is served &amp; #Hillary2016 JAIL!", "is_quote_status": false, "in_reply_to_status_id": null, "id": 656877164898471936, "favorite_count": 30, "source": "<a href=\"http://twitter.com\" rel=\"nofollow\">Twitter Web Client</a>", "retweeted": false, "coordinates": null, "entities": {"symbols": [], "user_mentions": [{"id": 1339835893, "indices": [40, 55], "id_str": "1339835893", "screen_name": "HillaryClinton", "name": "Hillary Clinton"}], "hashtags": [{"indices": [130, 142], "text": "Hillary2016"}], "urls": []}, "in_reply_to_screen_name": null, "in_reply_to_user_id": null, "retweet_count": 29, "id_str": "656877164898471936", "favorited": false, "user": {"follow_request_sent": null, "has_extended_profile": false, "profile_use_background_image": true, "default_profile_image": false, "id": 315878798, "profile_background_image_url_https": "https://pbs.twimg.com/profile_background_images/623662190428585984/myB2KXQK.jpg", "verified": false, "profile_text_color": "9D9DC4", "profile_image_url_https": "https://pbs.twimg.com/profile_images/556626333548048384/WRq5IgV-_normal.jpeg", "profile_sidebar_fill_color": "06142B", "entities": {"url": {"urls": [{"url": "http://t.co/bjnNo6q1lV", "indices": [0, 22], "expanded_url": "http://www.chucknellis.blogspot.com", "display_url": "chucknellis.blogspot.com"}]}, "description": {"urls": [{"url": "https://t.co/xdbvPCiL3e", "indices": [132, 155], "expanded_url": "https://www.rebelmouse.com/chucknellis", "display_url": "rebelmouse.com/chucknellis"}]}}, "followers_count": 94735, "profile_sidebar_border_color": "000000", "id_str": "315878798", "profile_background_color": "3F63BF", "listed_count": 1356, "is_translation_enabled": false, "utc_offset": -14400, "statuses_count": 394734, "description": "World According To Chuck  *Jesus REIGNS! \u2020 * Married to @Laweez #CruzCrew #Cruz2016 #Panthers #USN #TCOT #NFB #NRA #Duke #NASCAR :) https://t.co/xdbvPCiL3e", "friends_count": 70044, "location": "Great State of North Carolina!", "profile_link_color": "750E9E", "profile_image_url": "http://pbs.twimg.com/profile_images/556626333548048384/WRq5IgV-_normal.jpeg", "following": null, "geo_enabled": true, "profile_banner_url": "https://pbs.twimg.com/profile_banners/315878798/1360644887", "profile_background_image_url": "http://pbs.twimg.com/profile_background_images/623662190428585984/myB2KXQK.jpg", "screen_name": "ChuckNellis", "lang": "en", "profile_background_tile": true, "favourites_count": 129948, "name": "Chuck Nellis", "notifications": null, "url": "http://t.co/bjnNo6q1lV", "created_at": "Sun Jun 12 15:58:57 +0000 2011", "contributors_enabled": false, "time_zone": "Eastern Time (US & Canada)", "protected": false, "default_profile": false, "is_translator": false}, "geo": null, "in_reply_to_user_id_str": null, "lang": "en", "created_at": "Wed Oct 21 16:58:14 +0000 2015", "in_reply_to_status_id_str": null, "place": {"full_name": "North Carolina, USA", "url": "https://api.twitter.com/1.1/geo/id/3b98b02fba3f9753.json", "country": "United States", "place_type": "admin", "bounding_box": {"type": "Polygon", "coordinates": [[[-84.32187, 33.752879], [-75.40012, 33.752879], [-75.40012, 36.588118], [-84.32187, 36.588118]]]}, "contained_within": [], "country_code": "US", "attributes": {}, "id": "3b98b02fba3f9753", "name": "North Carolina"}, "metadata": {"iso_language_code": "en", "result_type": "recent"}}, "user": {"follow_request_sent": null, "has_extended_profile": false, "profile_use_background_image": true, "default_profile_image": false, "id": 477988285, "profile_background_image_url_https": "https://abs.twimg.com/images/themes/theme1/bg.png", "verified": false, "profile_text_color": "333333", "profile_image_url_https": "https://pbs.twimg.com/profile_images/554152318057582592/GwHbKevL_normal.jpeg", "profile_sidebar_fill_color": "DDEEF6", "entities": {"url": {"urls": [{"url": "http://t.co/rnMDfUU5Hh", "indices": [0, 22], "expanded_url": "http://www.ourmotherqueenofpeace.org", "display_url": "ourmotherqueenofpeace.org"}]}, "description": {"urls": []}}, "followers_count": 890, "profile_sidebar_border_color": "C0DEED", "id_str": "477988285", "profile_background_color": "C0DEED", "listed_count": 13, "is_translation_enabled": false, "utc_offset": null, "statuses_count": 12455, "description": "So proud to be a Catholic!", "friends_count": 860, "location": "", "profile_link_color": "0084B4", "profile_image_url": "http://pbs.twimg.com/profile_images/554152318057582592/GwHbKevL_normal.jpeg", "following": null, "geo_enabled": false, "profile_banner_url": "https://pbs.twimg.com/profile_banners/477988285/1364874534", "profile_background_image_url": "http://abs.twimg.com/images/themes/theme1/bg.png", "screen_name": "ginalucia22", "lang": "en", "profile_background_tile": false, "favourites_count": 410, "name": "gina", "notifications": null, "url": "http://t.co/rnMDfUU5Hh", "created_at": "Sun Jan 29 19:48:26 +0000 2012", "contributors_enabled": false, "time_zone": null, "protected": false, "default_profile": true, "is_translator": false}, "geo": null, "in_reply_to_user_id_str": null, "lang": "en", "created_at": "Wed Oct 21 19:04:29 +0000 2015", "in_reply_to_status_id_str": null, "place": null, "metadata": {"iso_language_code": "en", "result_type": "recent"}}