{"contributors": null, "truncated": false, "text": "#HillaryClinton retoma preferencias de votantes del Partido Dem\u00f3crata https://t.co/mIW1OVH9XV https://t.co/IxcAhgtW9S", "is_quote_status": false, "in_reply_to_status_id": null, "id": 656900918005342212, "favorite_count": 0, "source": "<a href=\"http://twitter.com\" rel=\"nofollow\">Twitter Web Client</a>", "retweeted": false, "coordinates": null, "entities": {"symbols": [], "user_mentions": [], "hashtags": [{"indices": [0, 15], "text": "HillaryClinton"}], "urls": [{"url": "https://t.co/mIW1OVH9XV", "indices": [70, 93], "expanded_url": "http://goo.gl/IYFOzq", "display_url": "goo.gl/IYFOzq"}], "media": [{"expanded_url": "http://twitter.com/cronica_viva/status/656900918005342212/photo/1", "display_url": "pic.twitter.com/IxcAhgtW9S", "url": "https://t.co/IxcAhgtW9S", "media_url_https": "https://pbs.twimg.com/media/CR3H50EXAAAin6b.jpg", "id_str": "656900916709359616", "sizes": {"small": {"h": 203, "resize": "fit", "w": 340}, "large": {"h": 478, "resize": "fit", "w": 800}, "medium": {"h": 358, "resize": "fit", "w": 600}, "thumb": {"h": 150, "resize": "crop", "w": 150}}, "indices": [94, 117], "type": "photo", "id": 656900916709359616, "media_url": "http://pbs.twimg.com/media/CR3H50EXAAAin6b.jpg"}]}, "in_reply_to_screen_name": null, "in_reply_to_user_id": null, "retweet_count": 0, "id_str": "656900918005342212", "favorited": false, "user": {"follow_request_sent": null, "has_extended_profile": false, "profile_use_background_image": false, "default_profile_image": false, "id": 125235599, "profile_background_image_url_https": "https://pbs.twimg.com/profile_background_images/678000467/34c5a7b493e8ce28f26e19874c8eece8.jpeg", "verified": false, "profile_text_color": "080808", "profile_image_url_https": "https://pbs.twimg.com/profile_images/628982391785279488/MUcjdEYx_normal.jpg", "profile_sidebar_fill_color": "FFFFFF", "entities": {"url": {"urls": [{"url": "http://t.co/uxmW6qI3r3", "indices": [0, 22], "expanded_url": "http://www.cronicaviva.com.pe", "display_url": "cronicaviva.com.pe"}]}, "description": {"urls": []}}, "followers_count": 1567, "profile_sidebar_border_color": "FFFFFF", "id_str": "125235599", "profile_background_color": "ABB8C2", "listed_count": 78, "is_translation_enabled": false, "utc_offset": -18000, "statuses_count": 25662, "description": "Diario Digital que comparte las \u00faltimas noticias del Per\u00fa y el mundo. Visita nuestra web, que forma parte del grupo @ANP_periodistas y @labausate", "friends_count": 1134, "location": "Lima - Per\u00fa", "profile_link_color": "FC0000", "profile_image_url": "http://pbs.twimg.com/profile_images/628982391785279488/MUcjdEYx_normal.jpg", "following": null, "geo_enabled": true, "profile_banner_url": "https://pbs.twimg.com/profile_banners/125235599/1438628290", "profile_background_image_url": "http://pbs.twimg.com/profile_background_images/678000467/34c5a7b493e8ce28f26e19874c8eece8.jpeg", "screen_name": "cronica_viva", "lang": "es", "profile_background_tile": true, "favourites_count": 337, "name": "Cr\u00f3nica Viva", "notifications": null, "url": "http://t.co/uxmW6qI3r3", "created_at": "Mon Mar 22 04:32:57 +0000 2010", "contributors_enabled": false, "time_zone": "Lima", "protected": false, "default_profile": false, "is_translator": false}, "geo": null, "in_reply_to_user_id_str": null, "possibly_sensitive": false, "lang": "es", "created_at": "Wed Oct 21 18:32:38 +0000 2015", "in_reply_to_status_id_str": null, "place": null, "metadata": {"iso_language_code": "es", "result_type": "recent"}}