{"contributors": null, "truncated": false, "text": "Mother of Benghazi Victim Blasts Hillary Clinton: 'She's Absolutely Lying' [VIDEO] | The Daily Caller https://t.co/WtpSXoTz8G #Hillary2016", "is_quote_status": false, "in_reply_to_status_id": null, "id": 656910189916872704, "favorite_count": 0, "source": "<a href=\"http://twitter.com\" rel=\"nofollow\">Twitter Web Client</a>", "retweeted": false, "coordinates": null, "entities": {"symbols": [], "user_mentions": [], "hashtags": [{"indices": [126, 138], "text": "Hillary2016"}], "urls": [{"url": "https://t.co/WtpSXoTz8G", "indices": [102, 125], "expanded_url": "http://dailycaller.com/2015/10/21/mother-of-benghazi-victim-blasts-hillary-clinton-shes-absolutely-lying-video/", "display_url": "dailycaller.com/2015/10/21/mot\u2026"}]}, "in_reply_to_screen_name": null, "in_reply_to_user_id": null, "retweet_count": 0, "id_str": "656910189916872704", "favorited": false, "user": {"follow_request_sent": null, "has_extended_profile": false, "profile_use_background_image": true, "default_profile_image": false, "id": 27283890, "profile_background_image_url_https": "https://pbs.twimg.com/profile_background_images/7131212/Liberty_Debt_Santelli.gif", "verified": false, "profile_text_color": "53320C", "profile_image_url_https": "https://pbs.twimg.com/profile_images/1969279980/bullseye1_normal.jpg", "profile_sidebar_fill_color": "99D4CE", "entities": {"description": {"urls": []}}, "followers_count": 3300, "profile_sidebar_border_color": "66CCC2", "id_str": "27283890", "profile_background_color": "DFC79F", "listed_count": 121, "is_translation_enabled": false, "utc_offset": -18000, "statuses_count": 25960, "description": "Socialism is a philosophy of failure, the creed of ignorance, and the gospel of envy, its inherent virtue is the equal sharing of misery. Winston Churchill", "friends_count": 3078, "location": "TX & MT", "profile_link_color": "FF0000", "profile_image_url": "http://pbs.twimg.com/profile_images/1969279980/bullseye1_normal.jpg", "following": null, "geo_enabled": false, "profile_banner_url": "https://pbs.twimg.com/profile_banners/27283890/1431376146", "profile_background_image_url": "http://pbs.twimg.com/profile_background_images/7131212/Liberty_Debt_Santelli.gif", "screen_name": "whotnaught", "lang": "en", "profile_background_tile": true, "favourites_count": 699, "name": "Whotnaught", "notifications": null, "url": null, "created_at": "Sat Mar 28 18:48:17 +0000 2009", "contributors_enabled": false, "time_zone": "Central Time (US & Canada)", "protected": false, "default_profile": false, "is_translator": false}, "geo": null, "in_reply_to_user_id_str": null, "possibly_sensitive": false, "lang": "en", "created_at": "Wed Oct 21 19:09:28 +0000 2015", "in_reply_to_status_id_str": null, "place": null, "metadata": {"iso_language_code": "en", "result_type": "recent"}}