{"contributors": null, "truncated": false, "text": "DREAMer To #HillaryClinton: \"Immigrant Youth Do Not Trust You\" https://t.co/w29rprOFEJ via @thinkprogress #election2016", "is_quote_status": false, "in_reply_to_status_id": null, "id": 656908009323560964, "favorite_count": 0, "source": "<a href=\"http://twitter.com\" rel=\"nofollow\">Twitter Web Client</a>", "retweeted": false, "coordinates": null, "entities": {"symbols": [], "user_mentions": [{"id": 55355654, "indices": [91, 105], "id_str": "55355654", "screen_name": "thinkprogress", "name": "ThinkProgress"}], "hashtags": [{"indices": [11, 26], "text": "HillaryClinton"}, {"indices": [106, 119], "text": "election2016"}], "urls": [{"url": "https://t.co/w29rprOFEJ", "indices": [63, 86], "expanded_url": "http://thkpr.gs/3710997", "display_url": "thkpr.gs/3710997"}]}, "in_reply_to_screen_name": null, "in_reply_to_user_id": null, "retweet_count": 0, "id_str": "656908009323560964", "favorited": false, "user": {"follow_request_sent": null, "has_extended_profile": false, "profile_use_background_image": true, "default_profile_image": false, "id": 36104670, "profile_background_image_url_https": "https://pbs.twimg.com/profile_background_images/477215095571742721/uR05IJHV.jpeg", "verified": false, "profile_text_color": "333333", "profile_image_url_https": "https://pbs.twimg.com/profile_images/511603739078434817/_qY9biFl_normal.jpeg", "profile_sidebar_fill_color": "DDEEF6", "entities": {"url": {"urls": [{"url": "http://t.co/BONuMdNLZG", "indices": [0, 22], "expanded_url": "http://vanessatheeditor.com", "display_url": "vanessatheeditor.com"}]}, "description": {"urls": []}}, "followers_count": 563, "profile_sidebar_border_color": "FFFFFF", "id_str": "36104670", "profile_background_color": "000000", "listed_count": 6, "is_translation_enabled": false, "utc_offset": -14400, "statuses_count": 8380, "description": "professional porto rock", "friends_count": 247, "location": "Washington, D.C.", "profile_link_color": "E47833", "profile_image_url": "http://pbs.twimg.com/profile_images/511603739078434817/_qY9biFl_normal.jpeg", "following": null, "geo_enabled": true, "profile_banner_url": "https://pbs.twimg.com/profile_banners/36104670/1413322066", "profile_background_image_url": "http://pbs.twimg.com/profile_background_images/477215095571742721/uR05IJHV.jpeg", "screen_name": "dmvnessa", "lang": "en", "profile_background_tile": true, "favourites_count": 1897, "name": "Vanessa Correa", "notifications": null, "url": "http://t.co/BONuMdNLZG", "created_at": "Tue Apr 28 16:10:18 +0000 2009", "contributors_enabled": false, "time_zone": "Eastern Time (US & Canada)", "protected": false, "default_profile": false, "is_translator": false}, "geo": null, "in_reply_to_user_id_str": null, "possibly_sensitive": false, "lang": "en", "created_at": "Wed Oct 21 19:00:48 +0000 2015", "in_reply_to_status_id_str": null, "place": null, "metadata": {"iso_language_code": "en", "result_type": "recent"}}