{"contributors": null, "truncated": false, "text": "RT @JSavoly: Biden will not go silently into the night. You have to love him for his commitment #UnitedBlue #MorningJoe #Hillary2016", "is_quote_status": false, "in_reply_to_status_id": null, "id": 656911108981280768, "favorite_count": 0, "source": "<a href=\"http://twitter.com/download/android\" rel=\"nofollow\">Twitter for Android</a>", "retweeted": false, "coordinates": null, "entities": {"symbols": [], "user_mentions": [{"id": 519728191, "indices": [3, 11], "id_str": "519728191", "screen_name": "JSavoly", "name": "Jasper"}], "hashtags": [{"indices": [96, 107], "text": "UnitedBlue"}, {"indices": [108, 119], "text": "MorningJoe"}, {"indices": [120, 132], "text": "Hillary2016"}], "urls": []}, "in_reply_to_screen_name": null, "in_reply_to_user_id": null, "retweet_count": 7, "id_str": "656911108981280768", "favorited": false, "retweeted_status": {"contributors": null, "truncated": false, "text": "Biden will not go silently into the night. You have to love him for his commitment #UnitedBlue #MorningJoe #Hillary2016", "is_quote_status": false, "in_reply_to_status_id": null, "id": 656870329713848320, "favorite_count": 2, "source": "<a href=\"http://twitter.com\" rel=\"nofollow\">Twitter Web Client</a>", "retweeted": false, "coordinates": null, "entities": {"symbols": [], "user_mentions": [], "hashtags": [{"indices": [83, 94], "text": "UnitedBlue"}, {"indices": [95, 106], "text": "MorningJoe"}, {"indices": [107, 119], "text": "Hillary2016"}], "urls": []}, "in_reply_to_screen_name": null, "in_reply_to_user_id": null, "retweet_count": 7, "id_str": "656870329713848320", "favorited": false, "user": {"follow_request_sent": null, "has_extended_profile": false, "profile_use_background_image": false, "default_profile_image": false, "id": 519728191, "profile_background_image_url_https": "https://abs.twimg.com/images/themes/theme1/bg.png", "verified": false, "profile_text_color": "000000", "profile_image_url_https": "https://pbs.twimg.com/profile_images/648989269151735808/fYkm8YE8_normal.png", "profile_sidebar_fill_color": "000000", "entities": {"description": {"urls": [{"url": "http://t.co/xdhYM8QhAA", "indices": [94, 116], "expanded_url": "http://UniteBlue.org/user/Williekbink", "display_url": "UniteBlue.org/user/Williekbi\u2026"}]}}, "followers_count": 3522, "profile_sidebar_border_color": "000000", "id_str": "519728191", "profile_background_color": "000000", "listed_count": 62, "is_translation_enabled": false, "utc_offset": -25200, "statuses_count": 50452, "description": "We are Anonymous. We are legion. We do not forgive. We do not forget. Expect us. #UnitedBlue  http://t.co/xdhYM8QhAA", "friends_count": 3237, "location": "Right behind you ", "profile_link_color": "3B94D9", "profile_image_url": "http://pbs.twimg.com/profile_images/648989269151735808/fYkm8YE8_normal.png", "following": null, "geo_enabled": false, "profile_banner_url": "https://pbs.twimg.com/profile_banners/519728191/1438817379", "profile_background_image_url": "http://abs.twimg.com/images/themes/theme1/bg.png", "screen_name": "JSavoly", "lang": "en", "profile_background_tile": false, "favourites_count": 25, "name": "Jasper", "notifications": null, "url": null, "created_at": "Fri Mar 09 18:55:38 +0000 2012", "contributors_enabled": false, "time_zone": "Pacific Time (US & Canada)", "protected": false, "default_profile": false, "is_translator": false}, "geo": null, "in_reply_to_user_id_str": null, "lang": "en", "created_at": "Wed Oct 21 16:31:05 +0000 2015", "in_reply_to_status_id_str": null, "place": null, "metadata": {"iso_language_code": "en", "result_type": "recent"}}, "user": {"follow_request_sent": null, "has_extended_profile": false, "profile_use_background_image": true, "default_profile_image": false, "id": 19038210, "profile_background_image_url_https": "https://pbs.twimg.com/profile_background_images/472203552/517M-0Y1kwL__SS500_.jpg", "verified": false, "profile_text_color": "333333", "profile_image_url_https": "https://pbs.twimg.com/profile_images/648559327859486720/AD2bZf9E_normal.png", "profile_sidebar_fill_color": "DDEEF6", "entities": {"description": {"urls": []}}, "followers_count": 6404, "profile_sidebar_border_color": "FFFFFF", "id_str": "19038210", "profile_background_color": "C0DEED", "listed_count": 203, "is_translation_enabled": false, "utc_offset": -18000, "statuses_count": 157397, "description": "Multi-generational Dallasite; last 15 yrs Music City, USA, Paralegal of 35 years; Married-Feminist-Pro-Choicer-LIBERAL PROGESSIVE Democratic Socialist.", "friends_count": 7000, "location": "Music City, USA - NashVegas", "profile_link_color": "00A7B3", "profile_image_url": "http://pbs.twimg.com/profile_images/648559327859486720/AD2bZf9E_normal.png", "following": null, "geo_enabled": false, "profile_banner_url": "https://pbs.twimg.com/profile_banners/19038210/1361830411", "profile_background_image_url": "http://pbs.twimg.com/profile_background_images/472203552/517M-0Y1kwL__SS500_.jpg", "screen_name": "Eykis", "lang": "en", "profile_background_tile": false, "favourites_count": 74643, "name": "Eykis", "notifications": null, "url": null, "created_at": "Thu Jan 15 20:45:51 +0000 2009", "contributors_enabled": false, "time_zone": "Central Time (US & Canada)", "protected": false, "default_profile": false, "is_translator": false}, "geo": null, "in_reply_to_user_id_str": null, "lang": "en", "created_at": "Wed Oct 21 19:13:07 +0000 2015", "in_reply_to_status_id_str": null, "place": null, "metadata": {"iso_language_code": "en", "result_type": "recent"}}