{"contributors": null, "truncated": false, "text": "RT @AIIAmericanGirI: Big lies, little lies... All @HillaryClinton is is lies\nPull the string on her back to hear a new lie...\n#Hillary2016 \u2026", "is_quote_status": false, "in_reply_to_status_id": null, "id": 656907560080035840, "favorite_count": 0, "source": "<a href=\"http://twitter.com/#!/download/ipad\" rel=\"nofollow\">Twitter for iPad</a>", "retweeted": false, "coordinates": null, "entities": {"symbols": [], "user_mentions": [{"id": 1494835716, "indices": [3, 19], "id_str": "1494835716", "screen_name": "AIIAmericanGirI", "name": "All American Girl"}, {"id": 1339835893, "indices": [50, 65], "id_str": "1339835893", "screen_name": "HillaryClinton", "name": "Hillary Clinton"}], "hashtags": [{"indices": [126, 138], "text": "Hillary2016"}], "urls": [], "media": [{"source_user_id": 1494835716, "source_status_id_str": "651907352266825728", "expanded_url": "http://twitter.com/AIIAmericanGirI/status/651907352266825728/photo/1", "display_url": "pic.twitter.com/OwTpOj63vv", "url": "http://t.co/OwTpOj63vv", "media_url_https": "https://pbs.twimg.com/media/CQwKSEDVEAAIk2_.png", "source_user_id_str": "1494835716", "source_status_id": 651907352266825728, "id_str": "651907351503507456", "sizes": {"small": {"h": 337, "resize": "fit", "w": 340}, "large": {"h": 579, "resize": "fit", "w": 584}, "medium": {"h": 579, "resize": "fit", "w": 584}, "thumb": {"h": 150, "resize": "crop", "w": 150}}, "indices": [139, 140], "type": "photo", "id": 651907351503507456, "media_url": "http://pbs.twimg.com/media/CQwKSEDVEAAIk2_.png"}]}, "in_reply_to_screen_name": null, "in_reply_to_user_id": null, "retweet_count": 16, "id_str": "656907560080035840", "favorited": false, "retweeted_status": {"contributors": null, "truncated": false, "text": "Big lies, little lies... All @HillaryClinton is is lies\nPull the string on her back to hear a new lie...\n#Hillary2016 http://t.co/OwTpOj63vv", "is_quote_status": false, "in_reply_to_status_id": null, "id": 651907352266825728, "favorite_count": 20, "source": "<a href=\"http://twitter.com\" rel=\"nofollow\">Twitter Web Client</a>", "retweeted": false, "coordinates": null, "entities": {"symbols": [], "user_mentions": [{"id": 1339835893, "indices": [29, 44], "id_str": "1339835893", "screen_name": "HillaryClinton", "name": "Hillary Clinton"}], "hashtags": [{"indices": [105, 117], "text": "Hillary2016"}], "urls": [], "media": [{"expanded_url": "http://twitter.com/AIIAmericanGirI/status/651907352266825728/photo/1", "display_url": "pic.twitter.com/OwTpOj63vv", "url": "http://t.co/OwTpOj63vv", "media_url_https": "https://pbs.twimg.com/media/CQwKSEDVEAAIk2_.png", "id_str": "651907351503507456", "sizes": {"small": {"h": 337, "resize": "fit", "w": 340}, "large": {"h": 579, "resize": "fit", "w": 584}, "medium": {"h": 579, "resize": "fit", "w": 584}, "thumb": {"h": 150, "resize": "crop", "w": 150}}, "indices": [118, 140], "type": "photo", "id": 651907351503507456, "media_url": "http://pbs.twimg.com/media/CQwKSEDVEAAIk2_.png"}]}, "in_reply_to_screen_name": null, "in_reply_to_user_id": null, "retweet_count": 16, "id_str": "651907352266825728", "favorited": false, "user": {"follow_request_sent": null, "has_extended_profile": false, "profile_use_background_image": true, "default_profile_image": false, "id": 1494835716, "profile_background_image_url_https": "https://pbs.twimg.com/profile_background_images/654127223067115521/VcNZitUj.jpg", "verified": false, "profile_text_color": "000000", "profile_image_url_https": "https://pbs.twimg.com/profile_images/378800000225975237/229f9d06735bf81c674ab9bf4af390bd_normal.jpeg", "profile_sidebar_fill_color": "000000", "entities": {"description": {"urls": []}}, "followers_count": 42415, "profile_sidebar_border_color": "000000", "id_str": "1494835716", "profile_background_color": "DBE9ED", "listed_count": 546, "is_translation_enabled": false, "utc_offset": -18000, "statuses_count": 252697, "description": "[ Wife, Mother, Patriot, Friend ] Attn: Mean girls - No I will not send you a picture of my vagina as proof! Liberals - No I will not wear a burka!", "friends_count": 30791, "location": "Wisconsin", "profile_link_color": "CC3366", "profile_image_url": "http://pbs.twimg.com/profile_images/378800000225975237/229f9d06735bf81c674ab9bf4af390bd_normal.jpeg", "following": null, "geo_enabled": false, "profile_banner_url": "https://pbs.twimg.com/profile_banners/1494835716/1402274839", "profile_background_image_url": "http://pbs.twimg.com/profile_background_images/654127223067115521/VcNZitUj.jpg", "screen_name": "AIIAmericanGirI", "lang": "en", "profile_background_tile": false, "favourites_count": 1527, "name": "All American Girl", "notifications": null, "url": null, "created_at": "Sun Jun 09 06:56:44 +0000 2013", "contributors_enabled": false, "time_zone": "Central Time (US & Canada)", "protected": false, "default_profile": false, "is_translator": false}, "geo": null, "in_reply_to_user_id_str": null, "possibly_sensitive": false, "lang": "en", "created_at": "Wed Oct 07 23:49:59 +0000 2015", "in_reply_to_status_id_str": null, "place": null, "metadata": {"iso_language_code": "en", "result_type": "recent"}}, "user": {"follow_request_sent": null, "has_extended_profile": false, "profile_use_background_image": true, "default_profile_image": false, "id": 2322368578, "profile_background_image_url_https": "https://abs.twimg.com/images/themes/theme1/bg.png", "verified": false, "profile_text_color": "333333", "profile_image_url_https": "https://pbs.twimg.com/profile_images/572103733049368576/XwUqSko5_normal.jpeg", "profile_sidebar_fill_color": "DDEEF6", "entities": {"description": {"urls": []}}, "followers_count": 45, "profile_sidebar_border_color": "C0DEED", "id_str": "2322368578", "profile_background_color": "C0DEED", "listed_count": 4, "is_translation_enabled": false, "utc_offset": null, "statuses_count": 3121, "description": "Simple common sense for a backwards world", "friends_count": 43, "location": "Earth", "profile_link_color": "0084B4", "profile_image_url": "http://pbs.twimg.com/profile_images/572103733049368576/XwUqSko5_normal.jpeg", "following": null, "geo_enabled": false, "profile_background_image_url": "http://abs.twimg.com/images/themes/theme1/bg.png", "screen_name": "1thinkingdog", "lang": "en", "profile_background_tile": false, "favourites_count": 77, "name": "T-dog", "notifications": null, "url": null, "created_at": "Mon Feb 03 18:32:16 +0000 2014", "contributors_enabled": false, "time_zone": null, "protected": false, "default_profile": true, "is_translator": false}, "geo": null, "in_reply_to_user_id_str": null, "possibly_sensitive": false, "lang": "en", "created_at": "Wed Oct 21 18:59:01 +0000 2015", "in_reply_to_status_id_str": null, "place": null, "metadata": {"iso_language_code": "en", "result_type": "recent"}}