{"contributors": null, "truncated": false, "text": "RT @THETXEMBASSY: @HillaryClinton \ud83d\udc75 reacts to @VP #JoeBiden n0t running for #POTUS2016 \n#BackToTheFuture is #HillaryClinton campaign https:\u2026", "is_quote_status": false, "in_reply_to_status_id": null, "id": 656912260044996608, "favorite_count": 0, "source": "<a href=\"http://twitter.com/download/iphone\" rel=\"nofollow\">Twitter for iPhone</a>", "retweeted": false, "coordinates": null, "entities": {"symbols": [], "user_mentions": [{"id": 1947303967, "indices": [3, 16], "id_str": "1947303967", "screen_name": "THETXEMBASSY", "name": "\u2606Ron Murphy\u2606"}, {"id": 1339835893, "indices": [18, 33], "id_str": "1339835893", "screen_name": "HillaryClinton", "name": "Hillary Clinton"}, {"id": 325830217, "indices": [46, 49], "id_str": "325830217", "screen_name": "VP", "name": "Vice President Biden"}], "hashtags": [{"indices": [50, 59], "text": "JoeBiden"}, {"indices": [76, 86], "text": "POTUS2016"}, {"indices": [88, 104], "text": "BackToTheFuture"}, {"indices": [108, 123], "text": "HillaryClinton"}], "urls": [{"url": "https://t.co/iIvCIBqnLg", "indices": [139, 140], "expanded_url": "http://twitter.com/THETXEMBASSY/status/656880776126951424/photo/1", "display_url": "pic.twitter.com/iIvCIBqnLg"}]}, "in_reply_to_screen_name": null, "in_reply_to_user_id": null, "retweet_count": 30, "id_str": "656912260044996608", "favorited": false, "retweeted_status": {"contributors": null, "truncated": false, "text": "@HillaryClinton \ud83d\udc75 reacts to @VP #JoeBiden n0t running for #POTUS2016 \n#BackToTheFuture is #HillaryClinton campaign https://t.co/iIvCIBqnLg", "is_quote_status": false, "in_reply_to_status_id": null, "id": 656880776126951424, "favorite_count": 20, "source": "<a href=\"http://twitter.com/download/android\" rel=\"nofollow\">Twitter for Android</a>", "retweeted": false, "coordinates": null, "entities": {"symbols": [], "user_mentions": [{"id": 1339835893, "indices": [0, 15], "id_str": "1339835893", "screen_name": "HillaryClinton", "name": "Hillary Clinton"}, {"id": 325830217, "indices": [28, 31], "id_str": "325830217", "screen_name": "VP", "name": "Vice President Biden"}], "hashtags": [{"indices": [32, 41], "text": "JoeBiden"}, {"indices": [58, 68], "text": "POTUS2016"}, {"indices": [70, 86], "text": "BackToTheFuture"}, {"indices": [90, 105], "text": "HillaryClinton"}], "urls": [{"url": "https://t.co/iIvCIBqnLg", "indices": [115, 138], "expanded_url": "http://twitter.com/THETXEMBASSY/status/656880776126951424/photo/1", "display_url": "pic.twitter.com/iIvCIBqnLg"}]}, "in_reply_to_screen_name": "HillaryClinton", "in_reply_to_user_id": 1339835893, "retweet_count": 30, "id_str": "656880776126951424", "favorited": false, "user": {"follow_request_sent": null, "has_extended_profile": false, "profile_use_background_image": true, "default_profile_image": false, "id": 1947303967, "profile_background_image_url_https": "https://abs.twimg.com/images/themes/theme1/bg.png", "verified": false, "profile_text_color": "333333", "profile_image_url_https": "https://pbs.twimg.com/profile_images/615307865629130753/zpuxJ1R1_normal.png", "profile_sidebar_fill_color": "DDEEF6", "entities": {"url": {"urls": [{"url": "http://t.co/zfzy4YXaBc", "indices": [0, 22], "expanded_url": "http://thetxembassy.wordpress.com", "display_url": "thetxembassy.wordpress.com"}]}, "description": {"urls": []}}, "followers_count": 34934, "profile_sidebar_border_color": "C0DEED", "id_str": "1947303967", "profile_background_color": "C0DEED", "listed_count": 369, "is_translation_enabled": false, "utc_offset": -18000, "statuses_count": 149482, "description": "Conservative Dad, enjoy the lake, my boats, God, Family & Friends, my son, laughing life :)\n\n\u300bR/T NoT = Endorsements\u300a\n#WakeUpAmerica  #CruzCountry #CruzCrew", "friends_count": 12787, "location": "\u2b50 Texas \u2b50 USA", "profile_link_color": "0084B4", "profile_image_url": "http://pbs.twimg.com/profile_images/615307865629130753/zpuxJ1R1_normal.png", "following": null, "geo_enabled": true, "profile_banner_url": "https://pbs.twimg.com/profile_banners/1947303967/1445068120", "profile_background_image_url": "http://abs.twimg.com/images/themes/theme1/bg.png", "screen_name": "THETXEMBASSY", "lang": "en", "profile_background_tile": false, "favourites_count": 112357, "name": "\u2606Ron Murphy\u2606", "notifications": null, "url": "http://t.co/zfzy4YXaBc", "created_at": "Tue Oct 08 15:52:11 +0000 2013", "contributors_enabled": false, "time_zone": "Central Time (US & Canada)", "protected": false, "default_profile": true, "is_translator": false}, "geo": null, "in_reply_to_user_id_str": "1339835893", "possibly_sensitive": false, "lang": "en", "created_at": "Wed Oct 21 17:12:35 +0000 2015", "in_reply_to_status_id_str": null, "place": null, "metadata": {"iso_language_code": "en", "result_type": "recent"}}, "user": {"follow_request_sent": null, "has_extended_profile": false, "profile_use_background_image": true, "default_profile_image": false, "id": 2980186012, "profile_background_image_url_https": "https://abs.twimg.com/images/themes/theme1/bg.png", "verified": false, "profile_text_color": "333333", "profile_image_url_https": "https://pbs.twimg.com/profile_images/621527075757801472/1rqLXcow_normal.jpg", "profile_sidebar_fill_color": "DDEEF6", "entities": {"description": {"urls": []}}, "followers_count": 4076, "profile_sidebar_border_color": "C0DEED", "id_str": "2980186012", "profile_background_color": "C0DEED", "listed_count": 152, "is_translation_enabled": false, "utc_offset": null, "statuses_count": 56911, "description": "I believe that OUR COUNTRY needs to BAN ISLAM and #DeportALLMOSLEMS! Islam is pure evil! STANDUP, FIGHTBACK, SPEAKUP TAKE OUR COUNTRY BACK ..INFIDELFORLIFE!!", "friends_count": 4992, "location": "USA ", "profile_link_color": "0084B4", "profile_image_url": "http://pbs.twimg.com/profile_images/621527075757801472/1rqLXcow_normal.jpg", "following": null, "geo_enabled": true, "profile_banner_url": "https://pbs.twimg.com/profile_banners/2980186012/1427743024", "profile_background_image_url": "http://abs.twimg.com/images/themes/theme1/bg.png", "screen_name": "CathyTo47590555", "lang": "en", "profile_background_tile": false, "favourites_count": 76785, "name": "Infidel2", "notifications": null, "url": null, "created_at": "Thu Jan 15 18:18:25 +0000 2015", "contributors_enabled": false, "time_zone": null, "protected": false, "default_profile": true, "is_translator": false}, "geo": null, "in_reply_to_user_id_str": null, "possibly_sensitive": false, "lang": "en", "created_at": "Wed Oct 21 19:17:42 +0000 2015", "in_reply_to_status_id_str": null, "place": null, "metadata": {"iso_language_code": "en", "result_type": "recent"}}