{"contributors": null, "truncated": false, "text": "RT @toddschnitt: Hillary just peed her pants suit with excitement #NoJoe. #JoeBiden  #HillaryClinton", "is_quote_status": false, "in_reply_to_status_id": null, "id": 656907245012152321, "favorite_count": 0, "source": "<a href=\"http://twitter.com/download/iphone\" rel=\"nofollow\">Twitter for iPhone</a>", "retweeted": false, "coordinates": null, "entities": {"symbols": [], "user_mentions": [{"id": 273748204, "indices": [3, 15], "id_str": "273748204", "screen_name": "toddschnitt", "name": "Todd Schnitt"}], "hashtags": [{"indices": [66, 72], "text": "NoJoe"}, {"indices": [74, 83], "text": "JoeBiden"}, {"indices": [85, 100], "text": "HillaryClinton"}], "urls": []}, "in_reply_to_screen_name": null, "in_reply_to_user_id": null, "retweet_count": 5, "id_str": "656907245012152321", "favorited": false, "retweeted_status": {"contributors": null, "truncated": false, "text": "Hillary just peed her pants suit with excitement #NoJoe. #JoeBiden  #HillaryClinton", "is_quote_status": false, "in_reply_to_status_id": null, "id": 656867502308380673, "favorite_count": 12, "source": "<a href=\"http://twitter.com/download/android\" rel=\"nofollow\">Twitter for Android</a>", "retweeted": false, "coordinates": null, "entities": {"symbols": [], "user_mentions": [], "hashtags": [{"indices": [49, 55], "text": "NoJoe"}, {"indices": [57, 66], "text": "JoeBiden"}, {"indices": [68, 83], "text": "HillaryClinton"}], "urls": []}, "in_reply_to_screen_name": null, "in_reply_to_user_id": null, "retweet_count": 5, "id_str": "656867502308380673", "favorited": false, "user": {"follow_request_sent": null, "has_extended_profile": false, "profile_use_background_image": true, "default_profile_image": false, "id": 273748204, "profile_background_image_url_https": "https://pbs.twimg.com/profile_background_images/851001979/38ba8a37ce5c149dc83b6501308b595c.jpeg", "verified": true, "profile_text_color": "333333", "profile_image_url_https": "https://pbs.twimg.com/profile_images/480538017296179200/Ei1tMmST_normal.jpeg", "profile_sidebar_fill_color": "EFEFEF", "entities": {"url": {"urls": [{"url": "http://t.co/d3Gr7WovQ8", "indices": [0, 22], "expanded_url": "http://www.schnittshow.com", "display_url": "schnittshow.com"}]}, "description": {"urls": []}}, "followers_count": 41892, "profile_sidebar_border_color": "000000", "id_str": "273748204", "profile_background_color": "44545C", "listed_count": 320, "is_translation_enabled": false, "utc_offset": -14400, "statuses_count": 18069, "description": "Mornings 6-10 AM on @WOR710 New York City @LenToddWOR and syndicated @TheSchnittShow 3-6 PM ET", "friends_count": 486, "location": "New York City & Tampa, FL, USA", "profile_link_color": "5B6266", "profile_image_url": "http://pbs.twimg.com/profile_images/480538017296179200/Ei1tMmST_normal.jpeg", "following": null, "geo_enabled": true, "profile_banner_url": "https://pbs.twimg.com/profile_banners/273748204/1365426969", "profile_background_image_url": "http://pbs.twimg.com/profile_background_images/851001979/38ba8a37ce5c149dc83b6501308b595c.jpeg", "screen_name": "toddschnitt", "lang": "en", "profile_background_tile": true, "favourites_count": 584, "name": "Todd Schnitt", "notifications": null, "url": "http://t.co/d3Gr7WovQ8", "created_at": "Tue Mar 29 02:46:08 +0000 2011", "contributors_enabled": false, "time_zone": "Eastern Time (US & Canada)", "protected": false, "default_profile": false, "is_translator": false}, "geo": null, "in_reply_to_user_id_str": null, "lang": "en", "created_at": "Wed Oct 21 16:19:51 +0000 2015", "in_reply_to_status_id_str": null, "place": null, "metadata": {"iso_language_code": "en", "result_type": "recent"}}, "user": {"follow_request_sent": null, "has_extended_profile": true, "profile_use_background_image": true, "default_profile_image": false, "id": 364568305, "profile_background_image_url_https": "https://pbs.twimg.com/profile_background_images/401409720/moneyball_twitterskin_01.jpg", "verified": false, "profile_text_color": "91441A", "profile_image_url_https": "https://pbs.twimg.com/profile_images/656907728762245120/zcJtBqVg_normal.jpg", "profile_sidebar_fill_color": "F0F3F5", "entities": {"description": {"urls": []}}, "followers_count": 446, "profile_sidebar_border_color": "999999", "id_str": "364568305", "profile_background_color": "FFFFFF", "listed_count": 9, "is_translation_enabled": false, "utc_offset": -18000, "statuses_count": 14198, "description": "#USCG, #Psych-O and a Whovian, #FSU #GoNoles, member @USATF, Proverbs 3:5-6", "friends_count": 860, "location": "", "profile_link_color": "587010", "profile_image_url": "http://pbs.twimg.com/profile_images/656907728762245120/zcJtBqVg_normal.jpg", "following": null, "geo_enabled": true, "profile_banner_url": "https://pbs.twimg.com/profile_banners/364568305/1417865683", "profile_background_image_url": "http://pbs.twimg.com/profile_background_images/401409720/moneyball_twitterskin_01.jpg", "screen_name": "CaliSoulSurfer", "lang": "en", "profile_background_tile": false, "favourites_count": 1300, "name": "Bryant Rawley", "notifications": null, "url": null, "created_at": "Tue Aug 30 00:00:38 +0000 2011", "contributors_enabled": false, "time_zone": "Central Time (US & Canada)", "protected": false, "default_profile": false, "is_translator": false}, "geo": null, "in_reply_to_user_id_str": null, "lang": "en", "created_at": "Wed Oct 21 18:57:46 +0000 2015", "in_reply_to_status_id_str": null, "place": null, "metadata": {"iso_language_code": "en", "result_type": "recent"}}