{"contributors": null, "truncated": false, "text": "RT @IWF: What difference at this point does the #Benghazi testimony make? Well\u2014#HillaryClinton\u2014a lot. https://t.co/c8ux8QzPey https://t.co/\u2026", "is_quote_status": false, "in_reply_to_status_id": null, "id": 656901018941304832, "favorite_count": 0, "source": "<a href=\"http://twitter.com/download/android\" rel=\"nofollow\">Twitter for Android</a>", "retweeted": false, "coordinates": null, "entities": {"symbols": [], "user_mentions": [{"id": 16667912, "indices": [3, 7], "id_str": "16667912", "screen_name": "IWF", "name": "IWF"}], "hashtags": [{"indices": [48, 57], "text": "Benghazi"}, {"indices": [79, 94], "text": "HillaryClinton"}], "urls": [{"url": "https://t.co/c8ux8QzPey", "indices": [102, 125], "expanded_url": "http://shar.es/1uyi0c", "display_url": "shar.es/1uyi0c"}], "media": [{"source_user_id": 16667912, "source_status_id_str": "656864808764088321", "expanded_url": "http://twitter.com/IWF/status/656864808764088321/photo/1", "display_url": "pic.twitter.com/ip9S8ZNLB1", "url": "https://t.co/ip9S8ZNLB1", "media_url_https": "https://pbs.twimg.com/media/CR2nEAkWEAMT-f3.png", "source_user_id_str": "16667912", "source_status_id": 656864808764088321, "id_str": "656864807979716611", "sizes": {"small": {"h": 170, "resize": "fit", "w": 340}, "large": {"h": 440, "resize": "fit", "w": 880}, "medium": {"h": 300, "resize": "fit", "w": 600}, "thumb": {"h": 150, "resize": "crop", "w": 150}}, "indices": [126, 140], "type": "photo", "id": 656864807979716611, "media_url": "http://pbs.twimg.com/media/CR2nEAkWEAMT-f3.png"}]}, "in_reply_to_screen_name": null, "in_reply_to_user_id": null, "retweet_count": 15, "id_str": "656901018941304832", "favorited": false, "retweeted_status": {"contributors": null, "truncated": false, "text": "What difference at this point does the #Benghazi testimony make? Well\u2014#HillaryClinton\u2014a lot. https://t.co/c8ux8QzPey https://t.co/ip9S8ZNLB1", "is_quote_status": false, "in_reply_to_status_id": null, "id": 656864808764088321, "favorite_count": 16, "source": "<a href=\"http://twitter.com\" rel=\"nofollow\">Twitter Web Client</a>", "retweeted": false, "coordinates": null, "entities": {"symbols": [], "user_mentions": [], "hashtags": [{"indices": [39, 48], "text": "Benghazi"}, {"indices": [70, 85], "text": "HillaryClinton"}], "urls": [{"url": "https://t.co/c8ux8QzPey", "indices": [93, 116], "expanded_url": "http://shar.es/1uyi0c", "display_url": "shar.es/1uyi0c"}], "media": [{"expanded_url": "http://twitter.com/IWF/status/656864808764088321/photo/1", "display_url": "pic.twitter.com/ip9S8ZNLB1", "url": "https://t.co/ip9S8ZNLB1", "media_url_https": "https://pbs.twimg.com/media/CR2nEAkWEAMT-f3.png", "id_str": "656864807979716611", "sizes": {"small": {"h": 170, "resize": "fit", "w": 340}, "large": {"h": 440, "resize": "fit", "w": 880}, "medium": {"h": 300, "resize": "fit", "w": 600}, "thumb": {"h": 150, "resize": "crop", "w": 150}}, "indices": [117, 140], "type": "photo", "id": 656864807979716611, "media_url": "http://pbs.twimg.com/media/CR2nEAkWEAMT-f3.png"}]}, "in_reply_to_screen_name": null, "in_reply_to_user_id": null, "retweet_count": 15, "id_str": "656864808764088321", "favorited": false, "user": {"follow_request_sent": null, "has_extended_profile": false, "profile_use_background_image": true, "default_profile_image": false, "id": 16667912, "profile_background_image_url_https": "https://pbs.twimg.com/profile_background_images/378800000161936305/EHPXIIrm.png", "verified": true, "profile_text_color": "333333", "profile_image_url_https": "https://pbs.twimg.com/profile_images/646008193697640452/ZLSZJaoj_normal.png", "profile_sidebar_fill_color": "F3F3F3", "entities": {"url": {"urls": [{"url": "http://t.co/Hus2oXgU4b", "indices": [0, 22], "expanded_url": "http://www.iwf.org", "display_url": "iwf.org"}]}, "description": {"urls": []}}, "followers_count": 58192, "profile_sidebar_border_color": "FFFFFF", "id_str": "16667912", "profile_background_color": "750B29", "listed_count": 717, "is_translation_enabled": false, "utc_offset": -14400, "statuses_count": 16452, "description": "Independent Women's Forum believes women & families are empowered by the choices & opportunities the free market provides. Women don't need big government.", "friends_count": 51237, "location": "Washington, D.C.", "profile_link_color": "990000", "profile_image_url": "http://pbs.twimg.com/profile_images/646008193697640452/ZLSZJaoj_normal.png", "following": null, "geo_enabled": true, "profile_banner_url": "https://pbs.twimg.com/profile_banners/16667912/1442956531", "profile_background_image_url": "http://pbs.twimg.com/profile_background_images/378800000161936305/EHPXIIrm.png", "screen_name": "IWF", "lang": "en", "profile_background_tile": false, "favourites_count": 1088, "name": "IWF", "notifications": null, "url": "http://t.co/Hus2oXgU4b", "created_at": "Thu Oct 09 15:43:07 +0000 2008", "contributors_enabled": false, "time_zone": "Eastern Time (US & Canada)", "protected": false, "default_profile": false, "is_translator": false}, "geo": null, "in_reply_to_user_id_str": null, "possibly_sensitive": false, "lang": "en", "created_at": "Wed Oct 21 16:09:09 +0000 2015", "in_reply_to_status_id_str": null, "place": null, "metadata": {"iso_language_code": "en", "result_type": "recent"}}, "user": {"follow_request_sent": null, "has_extended_profile": false, "profile_use_background_image": true, "default_profile_image": false, "id": 86845183, "profile_background_image_url_https": "https://pbs.twimg.com/profile_background_images/770767311/1ee172be29a361a988f8e23c5f2ca192.jpeg", "verified": false, "profile_text_color": "94A4AE", "profile_image_url_https": "https://pbs.twimg.com/profile_images/548004815977324544/hRw0R6h0_normal.jpeg", "profile_sidebar_fill_color": "1D110A", "entities": {"description": {"urls": []}}, "followers_count": 194, "profile_sidebar_border_color": "94A4AE", "id_str": "86845183", "profile_background_color": "251810", "listed_count": 1, "is_translation_enabled": false, "utc_offset": -14400, "statuses_count": 1787, "description": "I'm 22, and I love life. I find most everthing interesting. Why then, can one desire too much of a good thing?\r\nWILLIAM SHAKESPEARE, As You Like It", "friends_count": 507, "location": "Fredericksburg, VA , USA", "profile_link_color": "A98E6F", "profile_image_url": "http://pbs.twimg.com/profile_images/548004815977324544/hRw0R6h0_normal.jpeg", "following": null, "geo_enabled": true, "profile_banner_url": "https://pbs.twimg.com/profile_banners/86845183/1354510089", "profile_background_image_url": "http://pbs.twimg.com/profile_background_images/770767311/1ee172be29a361a988f8e23c5f2ca192.jpeg", "screen_name": "brote12", "lang": "en", "profile_background_tile": false, "favourites_count": 5095, "name": "Carol Vinatieri", "notifications": null, "url": null, "created_at": "Mon Nov 02 01:27:07 +0000 2009", "contributors_enabled": false, "time_zone": "Eastern Time (US & Canada)", "protected": false, "default_profile": false, "is_translator": false}, "geo": null, "in_reply_to_user_id_str": null, "possibly_sensitive": false, "lang": "en", "created_at": "Wed Oct 21 18:33:02 +0000 2015", "in_reply_to_status_id_str": null, "place": null, "metadata": {"iso_language_code": "en", "result_type": "recent"}}