{"contributors": null, "truncated": false, "text": "RT @fbatt117: Vote Trump!\n#WakeUpAmerica \n#Trump2016\n#Hillary2016 https://t.co/6jNQnZei6c", "is_quote_status": true, "in_reply_to_status_id": null, "id": 656908613433348096, "favorite_count": 0, "source": "<a href=\"http://twitter.com\" rel=\"nofollow\">Twitter Web Client</a>", "retweeted": false, "coordinates": null, "entities": {"symbols": [], "user_mentions": [{"id": 341277812, "indices": [3, 12], "id_str": "341277812", "screen_name": "fbatt117", "name": "fbatt117"}], "hashtags": [{"indices": [26, 40], "text": "WakeUpAmerica"}, {"indices": [42, 52], "text": "Trump2016"}, {"indices": [53, 65], "text": "Hillary2016"}], "urls": [{"url": "https://t.co/6jNQnZei6c", "indices": [66, 89], "expanded_url": "https://twitter.com/eddiern/status/656862288822063104", "display_url": "twitter.com/eddiern/status\u2026"}]}, "in_reply_to_screen_name": null, "in_reply_to_user_id": null, "retweet_count": 9, "id_str": "656908613433348096", "favorited": false, "retweeted_status": {"contributors": null, "truncated": false, "text": "Vote Trump!\n#WakeUpAmerica \n#Trump2016\n#Hillary2016 https://t.co/6jNQnZei6c", "is_quote_status": true, "in_reply_to_status_id": null, "id": 656896527487504385, "favorite_count": 11, "entities": {"symbols": [], "user_mentions": [], "hashtags": [{"indices": [12, 26], "text": "WakeUpAmerica"}, {"indices": [28, 38], "text": "Trump2016"}, {"indices": [39, 51], "text": "Hillary2016"}], "urls": [{"url": "https://t.co/6jNQnZei6c", "indices": [52, 75], "expanded_url": "https://twitter.com/eddiern/status/656862288822063104", "display_url": "twitter.com/eddiern/status\u2026"}]}, "quoted_status_id": 656862288822063104, "retweeted": false, "coordinates": null, "quoted_status": {"contributors": null, "truncated": false, "text": "Veterans should always come before Illegals. Always. @realDonaldTrump #MakeAmericaGreatAgain https://t.co/2ho7VwjTNn", "is_quote_status": false, "in_reply_to_status_id": null, "id": 656862288822063104, "favorite_count": 2433, "source": "<a href=\"http://twitter.com/download/android\" rel=\"nofollow\">Twitter for Android</a>", "retweeted": false, "coordinates": null, "entities": {"symbols": [], "user_mentions": [{"id": 25073877, "indices": [53, 69], "id_str": "25073877", "screen_name": "realDonaldTrump", "name": "Donald J. Trump"}], "hashtags": [{"indices": [70, 92], "text": "MakeAmericaGreatAgain"}], "urls": [], "media": [{"expanded_url": "http://twitter.com/eddiern/status/656862288822063104/photo/1", "display_url": "pic.twitter.com/2ho7VwjTNn", "url": "https://t.co/2ho7VwjTNn", "media_url_https": "https://pbs.twimg.com/media/CR2kxRuWsAEUwNJ.jpg", "id_str": "656862287144333313", "sizes": {"small": {"h": 339, "resize": "fit", "w": 340}, "large": {"h": 479, "resize": "fit", "w": 480}, "medium": {"h": 479, "resize": "fit", "w": 480}, "thumb": {"h": 150, "resize": "crop", "w": 150}}, "indices": [93, 116], "type": "photo", "id": 656862287144333313, "media_url": "http://pbs.twimg.com/media/CR2kxRuWsAEUwNJ.jpg"}]}, "in_reply_to_screen_name": null, "in_reply_to_user_id": null, "retweet_count": 1445, "id_str": "656862288822063104", "favorited": false, "geo": null, "in_reply_to_user_id_str": null, "possibly_sensitive": false, "lang": "en", "created_at": "Wed Oct 21 15:59:08 +0000 2015", "in_reply_to_status_id_str": null, "place": {"full_name": "South Carolina, USA", "url": "https://api.twitter.com/1.1/geo/id/6057f1e35bcc6c20.json", "country": "United States", "place_type": "admin", "bounding_box": {"type": "Polygon", "coordinates": [[[-83.353955, 32.04683], [-78.499301, 32.04683], [-78.499301, 35.215449], [-83.353955, 35.215449]]]}, "contained_within": [], "country_code": "US", "attributes": {}, "id": "6057f1e35bcc6c20", "name": "South Carolina"}, "metadata": {"iso_language_code": "fr", "result_type": "recent"}}, "source": "<a href=\"http://twitter.com\" rel=\"nofollow\">Twitter Web Client</a>", "in_reply_to_screen_name": null, "in_reply_to_user_id": null, "retweet_count": 9, "id_str": "656896527487504385", "favorited": false, "user": {"follow_request_sent": null, "has_extended_profile": false, "profile_use_background_image": true, "default_profile_image": false, "id": 341277812, "profile_background_image_url_https": "https://abs.twimg.com/images/themes/theme1/bg.png", "verified": false, "profile_text_color": "333333", "profile_image_url_https": "https://pbs.twimg.com/profile_images/640987966593085440/Ll-yT6x__normal.jpg", "profile_sidebar_fill_color": "DDEEF6", "entities": {"description": {"urls": []}}, "followers_count": 877, "profile_sidebar_border_color": "000000", "id_str": "341277812", "profile_background_color": "C0DEED", "listed_count": 14, "is_translation_enabled": false, "utc_offset": -25200, "statuses_count": 6532, "description": "", "friends_count": 1106, "location": "Arizona", "profile_link_color": "0084B4", "profile_image_url": "http://pbs.twimg.com/profile_images/640987966593085440/Ll-yT6x__normal.jpg", "following": null, "geo_enabled": false, "profile_banner_url": "https://pbs.twimg.com/profile_banners/341277812/1398219892", "profile_background_image_url": "http://abs.twimg.com/images/themes/theme1/bg.png", "screen_name": "fbatt117", "lang": "en", "profile_background_tile": false, "favourites_count": 3235, "name": "fbatt117", "notifications": null, "url": null, "created_at": "Sun Jul 24 03:22:17 +0000 2011", "contributors_enabled": false, "time_zone": "Pacific Time (US & Canada)", "protected": false, "default_profile": false, "is_translator": false}, "geo": null, "in_reply_to_user_id_str": null, "possibly_sensitive": false, "lang": "fr", "created_at": "Wed Oct 21 18:15:11 +0000 2015", "quoted_status_id_str": "656862288822063104", "in_reply_to_status_id_str": null, "place": null, "metadata": {"iso_language_code": "fr", "result_type": "recent"}}, "user": {"follow_request_sent": null, "has_extended_profile": false, "profile_use_background_image": true, "default_profile_image": false, "id": 3293741005, "profile_background_image_url_https": "https://pbs.twimg.com/profile_background_images/655537901443256320/NcUQgmXB.jpg", "verified": false, "profile_text_color": "000000", "profile_image_url_https": "https://pbs.twimg.com/profile_images/655536208433516544/oW3epOEE_normal.jpg", "profile_sidebar_fill_color": "000000", "entities": {"description": {"urls": []}}, "followers_count": 1495, "profile_sidebar_border_color": "000000", "id_str": "3293741005", "profile_background_color": "89C9FA", "listed_count": 34, "is_translation_enabled": false, "utc_offset": -14400, "statuses_count": 9324, "description": "I have a beautiful wife Sandra, we enjoy playing music, fishing, Helping #DonaldTrump Go Donald #Trump2016...God Bless America...\nVOTE IN THE PRIMARY's 4 #Trump", "friends_count": 1477, "location": "North Carolina, USA", "profile_link_color": "4A913C", "profile_image_url": "http://pbs.twimg.com/profile_images/655536208433516544/oW3epOEE_normal.jpg", "following": null, "geo_enabled": true, "profile_banner_url": "https://pbs.twimg.com/profile_banners/3293741005/1445029857", "profile_background_image_url": "http://pbs.twimg.com/profile_background_images/655537901443256320/NcUQgmXB.jpg", "screen_name": "David360NC", "lang": "en", "profile_background_tile": true, "favourites_count": 6564, "name": "David Pollock", "notifications": null, "url": null, "created_at": "Sat Jul 25 21:51:23 +0000 2015", "contributors_enabled": false, "time_zone": "Eastern Time (US & Canada)", "protected": false, "default_profile": false, "is_translator": false}, "geo": null, "in_reply_to_user_id_str": null, "possibly_sensitive": false, "lang": "fr", "created_at": "Wed Oct 21 19:03:12 +0000 2015", "in_reply_to_status_id_str": null, "place": null, "metadata": {"iso_language_code": "fr", "result_type": "recent"}}