{"contributors": null, "truncated": false, "text": "RT @fattoquotidiano: Usa, #Biden non si candida: \u201cFuori tempo\u201d. E rinuncia a sfidare #HillaryClinton\nhttps://t.co/aCTI0Q6YAB https://t.co/Z\u2026", "is_quote_status": false, "in_reply_to_status_id": null, "id": 656904856700067840, "favorite_count": 0, "source": "<a href=\"http://twitter.com/download/android\" rel=\"nofollow\">Twitter for Android</a>", "retweeted": false, "coordinates": null, "entities": {"symbols": [], "user_mentions": [{"id": 52424550, "indices": [3, 19], "id_str": "52424550", "screen_name": "fattoquotidiano", "name": "Il Fatto Quotidiano"}], "hashtags": [{"indices": [26, 32], "text": "Biden"}, {"indices": [85, 100], "text": "HillaryClinton"}], "urls": [{"url": "https://t.co/aCTI0Q6YAB", "indices": [101, 124], "expanded_url": "http://ilfat.to/1Xko5hN", "display_url": "ilfat.to/1Xko5hN"}], "media": [{"source_user_id": 52424550, "source_status_id_str": "656890387504758784", "expanded_url": "http://twitter.com/fattoquotidiano/status/656890387504758784/photo/1", "display_url": "pic.twitter.com/ZYeOv0CVQn", "url": "https://t.co/ZYeOv0CVQn", "media_url_https": "https://pbs.twimg.com/media/CR2-U4gWoAAnGCR.jpg", "source_user_id_str": "52424550", "source_status_id": 656890387504758784, "id_str": "656890386640707584", "sizes": {"small": {"h": 138, "resize": "fit", "w": 340}, "large": {"h": 275, "resize": "fit", "w": 675}, "medium": {"h": 244, "resize": "fit", "w": 600}, "thumb": {"h": 150, "resize": "crop", "w": 150}}, "indices": [125, 140], "type": "photo", "id": 656890386640707584, "media_url": "http://pbs.twimg.com/media/CR2-U4gWoAAnGCR.jpg"}]}, "in_reply_to_screen_name": null, "in_reply_to_user_id": null, "retweet_count": 3, "id_str": "656904856700067840", "favorited": false, "retweeted_status": {"contributors": null, "truncated": false, "text": "Usa, #Biden non si candida: \u201cFuori tempo\u201d. E rinuncia a sfidare #HillaryClinton\nhttps://t.co/aCTI0Q6YAB https://t.co/ZYeOv0CVQn", "is_quote_status": false, "in_reply_to_status_id": null, "id": 656890387504758784, "favorite_count": 6, "source": "<a href=\"http://twitter.com\" rel=\"nofollow\">Twitter Web Client</a>", "retweeted": false, "coordinates": null, "entities": {"symbols": [], "user_mentions": [], "hashtags": [{"indices": [5, 11], "text": "Biden"}, {"indices": [64, 79], "text": "HillaryClinton"}], "urls": [{"url": "https://t.co/aCTI0Q6YAB", "indices": [80, 103], "expanded_url": "http://ilfat.to/1Xko5hN", "display_url": "ilfat.to/1Xko5hN"}], "media": [{"expanded_url": "http://twitter.com/fattoquotidiano/status/656890387504758784/photo/1", "display_url": "pic.twitter.com/ZYeOv0CVQn", "url": "https://t.co/ZYeOv0CVQn", "media_url_https": "https://pbs.twimg.com/media/CR2-U4gWoAAnGCR.jpg", "id_str": "656890386640707584", "sizes": {"small": {"h": 138, "resize": "fit", "w": 340}, "large": {"h": 275, "resize": "fit", "w": 675}, "medium": {"h": 244, "resize": "fit", "w": 600}, "thumb": {"h": 150, "resize": "crop", "w": 150}}, "indices": [104, 127], "type": "photo", "id": 656890386640707584, "media_url": "http://pbs.twimg.com/media/CR2-U4gWoAAnGCR.jpg"}]}, "in_reply_to_screen_name": null, "in_reply_to_user_id": null, "retweet_count": 3, "id_str": "656890387504758784", "favorited": false, "user": {"follow_request_sent": null, "has_extended_profile": false, "profile_use_background_image": true, "default_profile_image": false, "id": 52424550, "profile_background_image_url_https": "https://abs.twimg.com/images/themes/theme1/bg.png", "verified": true, "profile_text_color": "333333", "profile_image_url_https": "https://pbs.twimg.com/profile_images/624565589642715136/hJMo31sX_normal.jpg", "profile_sidebar_fill_color": "DDEEF6", "entities": {"url": {"urls": [{"url": "http://t.co/Zf1MYhfNjX", "indices": [0, 22], "expanded_url": "http://www.ilfattoquotidiano.it", "display_url": "ilfattoquotidiano.it"}]}, "description": {"urls": []}}, "followers_count": 1237029, "profile_sidebar_border_color": "C0DEED", "id_str": "52424550", "profile_background_color": "C0DEED", "listed_count": 7173, "is_translation_enabled": false, "utc_offset": 7200, "statuses_count": 70740, "description": "Il Fatto Quotidiano \u00e8 un giornale che racconta i fatti. Un giornale che non ha padroni e non riceve alcun finanziamento pubblico.", "friends_count": 7604, "location": "", "profile_link_color": "0084B4", "profile_image_url": "http://pbs.twimg.com/profile_images/624565589642715136/hJMo31sX_normal.jpg", "following": null, "geo_enabled": true, "profile_banner_url": "https://pbs.twimg.com/profile_banners/52424550/1351715070", "profile_background_image_url": "http://abs.twimg.com/images/themes/theme1/bg.png", "screen_name": "fattoquotidiano", "lang": "it", "profile_background_tile": false, "favourites_count": 1011, "name": "Il Fatto Quotidiano", "notifications": null, "url": "http://t.co/Zf1MYhfNjX", "created_at": "Tue Jun 30 15:29:45 +0000 2009", "contributors_enabled": false, "time_zone": "Rome", "protected": false, "default_profile": true, "is_translator": false}, "geo": null, "in_reply_to_user_id_str": null, "possibly_sensitive": false, "lang": "it", "created_at": "Wed Oct 21 17:50:47 +0000 2015", "in_reply_to_status_id_str": null, "place": null, "metadata": {"iso_language_code": "it", "result_type": "recent"}}, "user": {"follow_request_sent": null, "has_extended_profile": false, "profile_use_background_image": true, "default_profile_image": false, "id": 3191192553, "profile_background_image_url_https": "https://pbs.twimg.com/profile_background_images/591161738583642113/btPNNMbJ.jpg", "verified": false, "profile_text_color": "333333", "profile_image_url_https": "https://pbs.twimg.com/profile_images/590540949601779712/WirpANdH_normal.jpg", "profile_sidebar_fill_color": "DDEEF6", "entities": {"description": {"urls": []}}, "followers_count": 486, "profile_sidebar_border_color": "C0DEED", "id_str": "3191192553", "profile_background_color": "FA743E", "listed_count": 29, "is_translation_enabled": false, "utc_offset": null, "statuses_count": 12341, "description": "La verit\u00e0 \u00e8 sempre rivoluzionaria  Ritwittatore Compulsivo #NoEURO #NoUE #noNATO #stopTTIP  Avvocato Ritirato Autoctono Sopratutto! \u270a", "friends_count": 783, "location": "La Plata, Argentina", "profile_link_color": "DD2E44", "profile_image_url": "http://pbs.twimg.com/profile_images/590540949601779712/WirpANdH_normal.jpg", "following": null, "geo_enabled": false, "profile_banner_url": "https://pbs.twimg.com/profile_banners/3191192553/1429954824", "profile_background_image_url": "http://pbs.twimg.com/profile_background_images/591161738583642113/btPNNMbJ.jpg", "screen_name": "Amerigo_Rogas", "lang": "it", "profile_background_tile": true, "favourites_count": 375, "name": "Amerigo Rogas", "notifications": null, "url": null, "created_at": "Tue Apr 21 15:40:48 +0000 2015", "contributors_enabled": false, "time_zone": null, "protected": false, "default_profile": false, "is_translator": false}, "geo": null, "in_reply_to_user_id_str": null, "possibly_sensitive": false, "lang": "it", "created_at": "Wed Oct 21 18:48:17 +0000 2015", "in_reply_to_status_id_str": null, "place": null, "metadata": {"iso_language_code": "it", "result_type": "recent"}}