{"contributors": null, "truncated": false, "text": "RT @rrobertschwartz: #Hillary2016 https://t.co/UEEK9TDrEF", "is_quote_status": false, "in_reply_to_status_id": null, "id": 656903653786263557, "favorite_count": 0, "source": "<a href=\"http://twitter.com/download/iphone\" rel=\"nofollow\">Twitter for iPhone</a>", "retweeted": false, "coordinates": null, "entities": {"symbols": [], "user_mentions": [{"id": 594337767, "indices": [3, 19], "id_str": "594337767", "screen_name": "rrobertschwartz", "name": "GoSellCrazy..."}], "hashtags": [{"indices": [21, 33], "text": "Hillary2016"}], "urls": [{"url": "https://t.co/UEEK9TDrEF", "indices": [34, 57], "expanded_url": "http://twitter.com/rrobertschwartz/status/656871323512102916/photo/1", "display_url": "pic.twitter.com/UEEK9TDrEF"}]}, "in_reply_to_screen_name": null, "in_reply_to_user_id": null, "retweet_count": 2, "id_str": "656903653786263557", "favorited": false, "retweeted_status": {"contributors": null, "truncated": false, "text": "#Hillary2016 https://t.co/UEEK9TDrEF", "is_quote_status": false, "in_reply_to_status_id": null, "id": 656871323512102916, "favorite_count": 0, "source": "<a href=\"http://twitter.com/download/android\" rel=\"nofollow\">Twitter for Android</a>", "retweeted": false, "coordinates": null, "entities": {"symbols": [], "user_mentions": [], "hashtags": [{"indices": [0, 12], "text": "Hillary2016"}], "urls": [{"url": "https://t.co/UEEK9TDrEF", "indices": [13, 36], "expanded_url": "http://twitter.com/rrobertschwartz/status/656871323512102916/photo/1", "display_url": "pic.twitter.com/UEEK9TDrEF"}]}, "in_reply_to_screen_name": null, "in_reply_to_user_id": null, "retweet_count": 2, "id_str": "656871323512102916", "favorited": false, "user": {"follow_request_sent": null, "has_extended_profile": false, "profile_use_background_image": true, "default_profile_image": false, "id": 594337767, "profile_background_image_url_https": "https://abs.twimg.com/images/themes/theme1/bg.png", "verified": false, "profile_text_color": "333333", "profile_image_url_https": "https://pbs.twimg.com/profile_images/644591352966025216/2MWhnnJc_normal.jpg", "profile_sidebar_fill_color": "DDEEF6", "entities": {"description": {"urls": []}}, "followers_count": 898, "profile_sidebar_border_color": "C0DEED", "id_str": "594337767", "profile_background_color": "C0DEED", "listed_count": 24, "is_translation_enabled": false, "utc_offset": null, "statuses_count": 35603, "description": "Followed by your mom.", "friends_count": 1173, "location": "", "profile_link_color": "0084B4", "profile_image_url": "http://pbs.twimg.com/profile_images/644591352966025216/2MWhnnJc_normal.jpg", "following": null, "geo_enabled": true, "profile_banner_url": "https://pbs.twimg.com/profile_banners/594337767/1424746148", "profile_background_image_url": "http://abs.twimg.com/images/themes/theme1/bg.png", "screen_name": "rrobertschwartz", "lang": "en", "profile_background_tile": false, "favourites_count": 8422, "name": "GoSellCrazy...", "notifications": null, "url": null, "created_at": "Wed May 30 03:22:17 +0000 2012", "contributors_enabled": false, "time_zone": null, "protected": false, "default_profile": true, "is_translator": false}, "geo": null, "in_reply_to_user_id_str": null, "possibly_sensitive": false, "lang": "und", "created_at": "Wed Oct 21 16:35:02 +0000 2015", "in_reply_to_status_id_str": null, "place": null, "metadata": {"iso_language_code": "und", "result_type": "recent"}}, "user": {"follow_request_sent": null, "has_extended_profile": false, "profile_use_background_image": false, "default_profile_image": false, "id": 531476440, "profile_background_image_url_https": "https://abs.twimg.com/images/themes/theme1/bg.png", "verified": false, "profile_text_color": "000000", "profile_image_url_https": "https://pbs.twimg.com/profile_images/643453430246297600/DPuuQ8P__normal.jpg", "profile_sidebar_fill_color": "000000", "entities": {"description": {"urls": []}}, "followers_count": 41, "profile_sidebar_border_color": "000000", "id_str": "531476440", "profile_background_color": "000000", "listed_count": 3, "is_translation_enabled": false, "utc_offset": null, "statuses_count": 2222, "description": "God-loving, conservative, working wife and mom.", "friends_count": 123, "location": "", "profile_link_color": "FA743E", "profile_image_url": "http://pbs.twimg.com/profile_images/643453430246297600/DPuuQ8P__normal.jpg", "following": null, "geo_enabled": false, "profile_background_image_url": "http://abs.twimg.com/images/themes/theme1/bg.png", "screen_name": "jewsgw697", "lang": "en", "profile_background_tile": false, "favourites_count": 355, "name": "Sarah", "notifications": null, "url": null, "created_at": "Tue Mar 20 17:38:38 +0000 2012", "contributors_enabled": false, "time_zone": null, "protected": false, "default_profile": false, "is_translator": false}, "geo": null, "in_reply_to_user_id_str": null, "possibly_sensitive": false, "lang": "und", "created_at": "Wed Oct 21 18:43:30 +0000 2015", "in_reply_to_status_id_str": null, "place": null, "metadata": {"iso_language_code": "und", "result_type": "recent"}}