{"contributors": null, "truncated": false, "text": "Happy #BackToTheFuture day! As if that future wasn't cool enough, imagine our future w/ #HillaryClinton as prez \ud83d\ude0e https://t.co/Mqi42u0oOt", "is_quote_status": false, "in_reply_to_status_id": null, "id": 656909230604025857, "favorite_count": 1, "source": "<a href=\"http://twitter.com/download/iphone\" rel=\"nofollow\">Twitter for iPhone</a>", "retweeted": false, "coordinates": null, "entities": {"symbols": [], "user_mentions": [], "hashtags": [{"indices": [6, 22], "text": "BackToTheFuture"}, {"indices": [88, 103], "text": "HillaryClinton"}], "urls": [{"url": "https://t.co/Mqi42u0oOt", "indices": [114, 137], "expanded_url": "http://twitter.com/HILL_YES_Co/status/656909230604025857/photo/1", "display_url": "pic.twitter.com/Mqi42u0oOt"}]}, "in_reply_to_screen_name": null, "in_reply_to_user_id": null, "retweet_count": 0, "id_str": "656909230604025857", "favorited": false, "user": {"follow_request_sent": null, "has_extended_profile": false, "profile_use_background_image": false, "default_profile_image": false, "id": 3168245695, "profile_background_image_url_https": "https://abs.twimg.com/images/themes/theme1/bg.png", "verified": false, "profile_text_color": "000000", "profile_image_url_https": "https://pbs.twimg.com/profile_images/591092038243721216/kNq5-TUK_normal.jpg", "profile_sidebar_fill_color": "000000", "entities": {"url": {"urls": [{"url": "http://t.co/DKGmIL2NqM", "indices": [0, 22], "expanded_url": "http://www.HILLYES.co", "display_url": "HILLYES.co"}]}, "description": {"urls": []}}, "followers_count": 218, "profile_sidebar_border_color": "000000", "id_str": "3168245695", "profile_background_color": "000000", "listed_count": 1, "is_translation_enabled": false, "utc_offset": null, "statuses_count": 240, "description": "Clothes for the coolest kids in the caucus #Hillary2016 #ReadyForHillary", "friends_count": 403, "location": "Seattle, WA", "profile_link_color": "000000", "profile_image_url": "http://pbs.twimg.com/profile_images/591092038243721216/kNq5-TUK_normal.jpg", "following": null, "geo_enabled": true, "profile_banner_url": "https://pbs.twimg.com/profile_banners/3168245695/1434734536", "profile_background_image_url": "http://abs.twimg.com/images/themes/theme1/bg.png", "screen_name": "HILL_YES_Co", "lang": "en", "profile_background_tile": false, "favourites_count": 321, "name": "HILL YES Co", "notifications": null, "url": "http://t.co/DKGmIL2NqM", "created_at": "Thu Apr 23 04:09:33 +0000 2015", "contributors_enabled": false, "time_zone": null, "protected": false, "default_profile": false, "is_translator": false}, "geo": null, "in_reply_to_user_id_str": null, "possibly_sensitive": false, "lang": "en", "created_at": "Wed Oct 21 19:05:40 +0000 2015", "in_reply_to_status_id_str": null, "place": null, "metadata": {"iso_language_code": "en", "result_type": "recent"}}