{"contributors": null, "truncated": false, "text": "RT @damonbethea1: I hope @JoeBiden will endorse and support @HillaryClinton! #ImWithHer @VP #Hillary2016", "is_quote_status": false, "in_reply_to_status_id": null, "id": 656909097581879296, "favorite_count": 0, "source": "<a href=\"http://twitter.com/download/iphone\" rel=\"nofollow\">Twitter for iPhone</a>", "retweeted": false, "coordinates": null, "entities": {"symbols": [], "user_mentions": [{"id": 183753455, "indices": [3, 16], "id_str": "183753455", "screen_name": "damonbethea1", "name": "Damon Bethea"}, {"id": 939091, "indices": [25, 34], "id_str": "939091", "screen_name": "JoeBiden", "name": "Joe Biden"}, {"id": 1339835893, "indices": [60, 75], "id_str": "1339835893", "screen_name": "HillaryClinton", "name": "Hillary Clinton"}, {"id": 325830217, "indices": [88, 91], "id_str": "325830217", "screen_name": "VP", "name": "Vice President Biden"}], "hashtags": [{"indices": [77, 87], "text": "ImWithHer"}, {"indices": [92, 104], "text": "Hillary2016"}], "urls": []}, "in_reply_to_screen_name": null, "in_reply_to_user_id": null, "retweet_count": 7, "id_str": "656909097581879296", "favorited": false, "retweeted_status": {"contributors": null, "truncated": false, "text": "I hope @JoeBiden will endorse and support @HillaryClinton! #ImWithHer @VP #Hillary2016", "is_quote_status": false, "in_reply_to_status_id": null, "id": 656869421345058816, "favorite_count": 10, "source": "<a href=\"http://twitter.com\" rel=\"nofollow\">Twitter Web Client</a>", "retweeted": false, "coordinates": null, "entities": {"symbols": [], "user_mentions": [{"id": 939091, "indices": [7, 16], "id_str": "939091", "screen_name": "JoeBiden", "name": "Joe Biden"}, {"id": 1339835893, "indices": [42, 57], "id_str": "1339835893", "screen_name": "HillaryClinton", "name": "Hillary Clinton"}, {"id": 325830217, "indices": [70, 73], "id_str": "325830217", "screen_name": "VP", "name": "Vice President Biden"}], "hashtags": [{"indices": [59, 69], "text": "ImWithHer"}, {"indices": [74, 86], "text": "Hillary2016"}], "urls": []}, "in_reply_to_screen_name": null, "in_reply_to_user_id": null, "retweet_count": 7, "id_str": "656869421345058816", "favorited": false, "user": {"follow_request_sent": null, "has_extended_profile": true, "profile_use_background_image": false, "default_profile_image": false, "id": 183753455, "profile_background_image_url_https": "https://pbs.twimg.com/profile_background_images/512443427317743616/LEv84XBH.jpeg", "verified": false, "profile_text_color": "333333", "profile_image_url_https": "https://pbs.twimg.com/profile_images/655218663927193600/qPe8tPO1_normal.jpg", "profile_sidebar_fill_color": "DDEEF6", "entities": {"url": {"urls": [{"url": "https://t.co/xiJArNlCt2", "indices": [0, 23], "expanded_url": "http://Facebook.com/Damon.T.Bethea", "display_url": "Facebook.com/Damon.T.Bethea"}]}, "description": {"urls": []}}, "followers_count": 2290, "profile_sidebar_border_color": "000000", "id_str": "183753455", "profile_background_color": "000099", "listed_count": 86, "is_translation_enabled": false, "utc_offset": -14400, "statuses_count": 77644, "description": "A @HillaryClinton Democrat. Unwavering supporter & defender. HRC: Champion, Advocate, Fighter. Hillary Rodman Clinton: Smart Leadership for the 21st Century", "friends_count": 2185, "location": "Penn Hills, PA ( Pittsburgh ) ", "profile_link_color": "000099", "profile_image_url": "http://pbs.twimg.com/profile_images/655218663927193600/qPe8tPO1_normal.jpg", "following": null, "geo_enabled": true, "profile_banner_url": "https://pbs.twimg.com/profile_banners/183753455/1445477310", "profile_background_image_url": "http://pbs.twimg.com/profile_background_images/512443427317743616/LEv84XBH.jpeg", "screen_name": "damonbethea1", "lang": "en", "profile_background_tile": false, "favourites_count": 59131, "name": "Damon Bethea", "notifications": null, "url": "https://t.co/xiJArNlCt2", "created_at": "Fri Aug 27 20:27:31 +0000 2010", "contributors_enabled": false, "time_zone": "Eastern Time (US & Canada)", "protected": false, "default_profile": false, "is_translator": false}, "geo": null, "in_reply_to_user_id_str": null, "lang": "en", "created_at": "Wed Oct 21 16:27:28 +0000 2015", "in_reply_to_status_id_str": null, "place": null, "metadata": {"iso_language_code": "en", "result_type": "recent"}}, "user": {"follow_request_sent": null, "has_extended_profile": false, "profile_use_background_image": true, "default_profile_image": false, "id": 163248791, "profile_background_image_url_https": "https://pbs.twimg.com/profile_background_images/120168255/Mackenz_e_Chance.jpg", "verified": false, "profile_text_color": "333333", "profile_image_url_https": "https://pbs.twimg.com/profile_images/654878494627905537/ULYFt0W9_normal.jpg", "profile_sidebar_fill_color": "DDEEF6", "entities": {"description": {"urls": []}}, "followers_count": 137, "profile_sidebar_border_color": "C0DEED", "id_str": "163248791", "profile_background_color": "C0DEED", "listed_count": 7, "is_translation_enabled": false, "utc_offset": -14400, "statuses_count": 6492, "description": "MAN DOOR HAND HOOK CAR DOOR", "friends_count": 89, "location": "", "profile_link_color": "0084B4", "profile_image_url": "http://pbs.twimg.com/profile_images/654878494627905537/ULYFt0W9_normal.jpg", "following": null, "geo_enabled": false, "profile_banner_url": "https://pbs.twimg.com/profile_banners/163248791/1444970176", "profile_background_image_url": "http://pbs.twimg.com/profile_background_images/120168255/Mackenz_e_Chance.jpg", "screen_name": "kenzchance", "lang": "en", "profile_background_tile": true, "favourites_count": 15904, "name": "Practicing Asexual", "notifications": null, "url": null, "created_at": "Mon Jul 05 23:07:17 +0000 2010", "contributors_enabled": false, "time_zone": "Eastern Time (US & Canada)", "protected": false, "default_profile": false, "is_translator": false}, "geo": null, "in_reply_to_user_id_str": null, "lang": "en", "created_at": "Wed Oct 21 19:05:08 +0000 2015", "in_reply_to_status_id_str": null, "place": null, "metadata": {"iso_language_code": "en", "result_type": "recent"}}