{"contributors": null, "truncated": false, "text": "Thanks Uncle Joe! @HillaryClinton is a \"go\"! Full-speed ahead! #Hillary2016", "is_quote_status": false, "in_reply_to_status_id": null, "id": 656913528285175808, "favorite_count": 0, "source": "<a href=\"http://twitter.com/download/iphone\" rel=\"nofollow\">Twitter for iPhone</a>", "retweeted": false, "coordinates": null, "entities": {"symbols": [], "user_mentions": [{"id": 1339835893, "indices": [18, 33], "id_str": "1339835893", "screen_name": "HillaryClinton", "name": "Hillary Clinton"}], "hashtags": [{"indices": [63, 75], "text": "Hillary2016"}], "urls": []}, "in_reply_to_screen_name": null, "in_reply_to_user_id": null, "retweet_count": 0, "id_str": "656913528285175808", "favorited": false, "user": {"follow_request_sent": null, "has_extended_profile": false, "profile_use_background_image": true, "default_profile_image": false, "id": 488555302, "profile_background_image_url_https": "https://abs.twimg.com/images/themes/theme1/bg.png", "verified": false, "profile_text_color": "333333", "profile_image_url_https": "https://pbs.twimg.com/profile_images/378800000495770552/c4d4ba37d812d27bf0b3240b37b2cbe3_normal.jpeg", "profile_sidebar_fill_color": "DDEEF6", "entities": {"description": {"urls": []}}, "followers_count": 104, "profile_sidebar_border_color": "C0DEED", "id_str": "488555302", "profile_background_color": "C0DEED", "listed_count": 7, "is_translation_enabled": false, "utc_offset": -14400, "statuses_count": 926, "description": "Military health analyst. Navy Reservist. Native Hawaiian. Progressive. Health policy makes me giddy. Tweets are my own.", "friends_count": 303, "location": "Washington DC", "profile_link_color": "0084B4", "profile_image_url": "http://pbs.twimg.com/profile_images/378800000495770552/c4d4ba37d812d27bf0b3240b37b2cbe3_normal.jpeg", "following": null, "geo_enabled": true, "profile_background_image_url": "http://abs.twimg.com/images/themes/theme1/bg.png", "screen_name": "BryceMendez", "lang": "en", "profile_background_tile": false, "favourites_count": 139, "name": "Bryce HP Mendez, MPH", "notifications": null, "url": null, "created_at": "Fri Feb 10 15:44:13 +0000 2012", "contributors_enabled": false, "time_zone": "Eastern Time (US & Canada)", "protected": false, "default_profile": true, "is_translator": false}, "geo": null, "in_reply_to_user_id_str": null, "lang": "en", "created_at": "Wed Oct 21 19:22:44 +0000 2015", "in_reply_to_status_id_str": null, "place": null, "metadata": {"iso_language_code": "en", "result_type": "recent"}}