{"contributors": null, "truncated": false, "text": "Trump be tripping! #trump #sanders #hillaryclinton #carson  #news #trending #follow #followme #funny\u2026 https://t.co/jHXiNnh1Jd", "is_quote_status": false, "in_reply_to_status_id": null, "id": 656912533048160256, "favorite_count": 0, "source": "<a href=\"http://instagram.com\" rel=\"nofollow\">Instagram</a>", "retweeted": false, "coordinates": null, "entities": {"symbols": [], "user_mentions": [], "hashtags": [{"indices": [19, 25], "text": "trump"}, {"indices": [26, 34], "text": "sanders"}, {"indices": [35, 50], "text": "hillaryclinton"}, {"indices": [51, 58], "text": "carson"}, {"indices": [60, 65], "text": "news"}, {"indices": [66, 75], "text": "trending"}, {"indices": [76, 83], "text": "follow"}, {"indices": [84, 93], "text": "followme"}, {"indices": [94, 100], "text": "funny"}], "urls": [{"url": "https://t.co/jHXiNnh1Jd", "indices": [102, 125], "expanded_url": "https://instagram.com/p/9HHGPcKjpf/", "display_url": "instagram.com/p/9HHGPcKjpf/"}]}, "in_reply_to_screen_name": null, "in_reply_to_user_id": null, "retweet_count": 0, "id_str": "656912533048160256", "favorited": false, "user": {"follow_request_sent": null, "has_extended_profile": false, "profile_use_background_image": true, "default_profile_image": false, "id": 1013374544, "profile_background_image_url_https": "https://pbs.twimg.com/profile_background_images/639283949190049792/_jYWxPSJ.jpg", "verified": false, "profile_text_color": "333333", "profile_image_url_https": "https://pbs.twimg.com/profile_images/653765969865777152/7w_hMpOv_normal.jpg", "profile_sidebar_fill_color": "DDEEF6", "entities": {"url": {"urls": [{"url": "http://t.co/0EfOdcE8Wt", "indices": [0, 22], "expanded_url": "http://youtu.be/3LHBFx0k_40", "display_url": "youtu.be/3LHBFx0k_40"}]}, "description": {"urls": [{"url": "https://t.co/EH5cafoV27", "indices": [93, 116], "expanded_url": "https://youtu.be/ZaqsQXu8PTU", "display_url": "youtu.be/ZaqsQXu8PTU"}]}}, "followers_count": 2924, "profile_sidebar_border_color": "000000", "id_str": "1013374544", "profile_background_color": "00070A", "listed_count": 55, "is_translation_enabled": false, "utc_offset": -14400, "statuses_count": 14706, "description": "Because the truth won't tell itself!  Video - Feel The Bern! How Bernie Sanders Got My Vote: https://t.co/EH5cafoV27", "friends_count": 2008, "location": "Washington, DC", "profile_link_color": "000608", "profile_image_url": "http://pbs.twimg.com/profile_images/653765969865777152/7w_hMpOv_normal.jpg", "following": null, "geo_enabled": false, "profile_banner_url": "https://pbs.twimg.com/profile_banners/1013374544/1435426627", "profile_background_image_url": "http://pbs.twimg.com/profile_background_images/639283949190049792/_jYWxPSJ.jpg", "screen_name": "TimBartender", "lang": "en", "profile_background_tile": false, "favourites_count": 1145, "name": "Tim Black", "notifications": null, "url": "http://t.co/0EfOdcE8Wt", "created_at": "Sat Dec 15 15:02:40 +0000 2012", "contributors_enabled": false, "time_zone": "Eastern Time (US & Canada)", "protected": false, "default_profile": false, "is_translator": false}, "geo": null, "in_reply_to_user_id_str": null, "possibly_sensitive": false, "lang": "en", "created_at": "Wed Oct 21 19:18:47 +0000 2015", "in_reply_to_status_id_str": null, "place": null, "metadata": {"iso_language_code": "en", "result_type": "recent"}}