{"contributors": null, "truncated": false, "text": "RT @Alasscan_: #Hillary2016 has always been compassionate and respectful of VP Biden. https://t.co/sRed5GeUXp", "is_quote_status": false, "in_reply_to_status_id": null, "id": 656909202086989824, "favorite_count": 0, "source": "<a href=\"http://twitter.com/download/iphone\" rel=\"nofollow\">Twitter for iPhone</a>", "retweeted": false, "coordinates": null, "entities": {"symbols": [], "user_mentions": [{"id": 26070572, "indices": [3, 13], "id_str": "26070572", "screen_name": "Alasscan_", "name": "Alasscan\u2122"}], "hashtags": [{"indices": [15, 27], "text": "Hillary2016"}], "urls": [], "media": [{"source_user_id": 26070572, "source_status_id_str": "656908787589124096", "expanded_url": "http://twitter.com/Alasscan_/status/656908787589124096/photo/1", "display_url": "pic.twitter.com/sRed5GeUXp", "url": "https://t.co/sRed5GeUXp", "media_url_https": "https://pbs.twimg.com/media/CR3PD5xVAAAFbVe.png", "source_user_id_str": "26070572", "source_status_id": 656908787589124096, "id_str": "656908786620235776", "sizes": {"small": {"h": 209, "resize": "fit", "w": 340}, "large": {"h": 519, "resize": "fit", "w": 841}, "medium": {"h": 370, "resize": "fit", "w": 600}, "thumb": {"h": 150, "resize": "crop", "w": 150}}, "indices": [86, 109], "type": "photo", "id": 656908786620235776, "media_url": "http://pbs.twimg.com/media/CR3PD5xVAAAFbVe.png"}]}, "in_reply_to_screen_name": null, "in_reply_to_user_id": null, "retweet_count": 23, "id_str": "656909202086989824", "favorited": false, "retweeted_status": {"contributors": null, "truncated": false, "text": "#Hillary2016 has always been compassionate and respectful of VP Biden. https://t.co/sRed5GeUXp", "is_quote_status": false, "in_reply_to_status_id": null, "id": 656908787589124096, "favorite_count": 26, "source": "<a href=\"http://twitter.com\" rel=\"nofollow\">Twitter Web Client</a>", "retweeted": false, "coordinates": null, "entities": {"symbols": [], "user_mentions": [], "hashtags": [{"indices": [0, 12], "text": "Hillary2016"}], "urls": [], "media": [{"expanded_url": "http://twitter.com/Alasscan_/status/656908787589124096/photo/1", "display_url": "pic.twitter.com/sRed5GeUXp", "url": "https://t.co/sRed5GeUXp", "media_url_https": "https://pbs.twimg.com/media/CR3PD5xVAAAFbVe.png", "id_str": "656908786620235776", "sizes": {"small": {"h": 209, "resize": "fit", "w": 340}, "large": {"h": 519, "resize": "fit", "w": 841}, "medium": {"h": 370, "resize": "fit", "w": 600}, "thumb": {"h": 150, "resize": "crop", "w": 150}}, "indices": [71, 94], "type": "photo", "id": 656908786620235776, "media_url": "http://pbs.twimg.com/media/CR3PD5xVAAAFbVe.png"}]}, "in_reply_to_screen_name": null, "in_reply_to_user_id": null, "retweet_count": 23, "id_str": "656908787589124096", "favorited": false, "user": {"follow_request_sent": null, "has_extended_profile": false, "profile_use_background_image": true, "default_profile_image": false, "id": 26070572, "profile_background_image_url_https": "https://pbs.twimg.com/profile_background_images/378800000178345390/-E-0Mtah.jpeg", "verified": false, "profile_text_color": "2280A9", "profile_image_url_https": "https://pbs.twimg.com/profile_images/652883287606562816/1fNTDCQb_normal.jpg", "profile_sidebar_fill_color": "020812", "entities": {"description": {"urls": []}}, "followers_count": 7863, "profile_sidebar_border_color": "000000", "id_str": "26070572", "profile_background_color": "020812", "listed_count": 245, "is_translation_enabled": false, "utc_offset": -18000, "statuses_count": 190391, "description": "Staunchly Liberal Dem-Female-Equal Rights For All - Say what I mean & mean what I say #Vets #SeniorCitizens #LGBT #Immigration #BlackLivesMatter\n#Hillary2016", "friends_count": 7561, "location": "", "profile_link_color": "17406C", "profile_image_url": "http://pbs.twimg.com/profile_images/652883287606562816/1fNTDCQb_normal.jpg", "following": null, "geo_enabled": false, "profile_banner_url": "https://pbs.twimg.com/profile_banners/26070572/1434333533", "profile_background_image_url": "http://pbs.twimg.com/profile_background_images/378800000178345390/-E-0Mtah.jpeg", "screen_name": "Alasscan_", "lang": "en", "profile_background_tile": true, "favourites_count": 12503, "name": "Alasscan\u2122", "notifications": null, "url": null, "created_at": "Mon Mar 23 19:30:32 +0000 2009", "contributors_enabled": false, "time_zone": "Central Time (US & Canada)", "protected": false, "default_profile": false, "is_translator": false}, "geo": null, "in_reply_to_user_id_str": null, "possibly_sensitive": false, "lang": "en", "created_at": "Wed Oct 21 19:03:54 +0000 2015", "in_reply_to_status_id_str": null, "place": null, "metadata": {"iso_language_code": "en", "result_type": "recent"}}, "user": {"follow_request_sent": null, "has_extended_profile": false, "profile_use_background_image": true, "default_profile_image": false, "id": 3217694460, "profile_background_image_url_https": "https://abs.twimg.com/images/themes/theme1/bg.png", "verified": false, "profile_text_color": "333333", "profile_image_url_https": "https://pbs.twimg.com/profile_images/655398802262593537/aX4p4Tig_normal.jpg", "profile_sidebar_fill_color": "DDEEF6", "entities": {"url": {"urls": [{"url": "https://t.co/6yuYvCYmZ4", "indices": [0, 23], "expanded_url": "http://hillaryclinton.com", "display_url": "hillaryclinton.com"}]}, "description": {"urls": []}}, "followers_count": 1406, "profile_sidebar_border_color": "C0DEED", "id_str": "3217694460", "profile_background_color": "C0DEED", "listed_count": 112, "is_translation_enabled": false, "utc_offset": null, "statuses_count": 27796, "description": "#Hillary2016 #Volunteer #LGBTrights #BLM #UniteBlue #revolutionofLove MY TWEETS ARE MY OWN #notfeelingthebern #nogop #shutdownbenghazicommittee #gowdyforprison", "friends_count": 1044, "location": "Summerlin South, NV", "profile_link_color": "0084B4", "profile_image_url": "http://pbs.twimg.com/profile_images/655398802262593537/aX4p4Tig_normal.jpg", "following": null, "geo_enabled": true, "profile_banner_url": "https://pbs.twimg.com/profile_banners/3217694460/1445486341", "profile_background_image_url": "http://abs.twimg.com/images/themes/theme1/bg.png", "screen_name": "stylistkavin", "lang": "en", "profile_background_tile": false, "favourites_count": 30485, "name": "Kavin", "notifications": null, "url": "https://t.co/6yuYvCYmZ4", "created_at": "Sun May 17 22:44:49 +0000 2015", "contributors_enabled": false, "time_zone": null, "protected": false, "default_profile": true, "is_translator": false}, "geo": null, "in_reply_to_user_id_str": null, "possibly_sensitive": false, "lang": "en", "created_at": "Wed Oct 21 19:05:33 +0000 2015", "in_reply_to_status_id_str": null, "place": null, "metadata": {"iso_language_code": "en", "result_type": "recent"}}