{"contributors": null, "truncated": false, "text": "The #NRA is the criminal...#gunsense #MomsDemand #Hillary2016  https://t.co/YCRtCjYDRl", "is_quote_status": true, "in_reply_to_status_id": null, "id": 656904308412305408, "favorite_count": 0, "entities": {"symbols": [], "user_mentions": [], "hashtags": [{"indices": [4, 8], "text": "NRA"}, {"indices": [27, 36], "text": "gunsense"}, {"indices": [37, 48], "text": "MomsDemand"}, {"indices": [49, 61], "text": "Hillary2016"}], "urls": [{"url": "https://t.co/YCRtCjYDRl", "indices": [63, 86], "expanded_url": "https://twitter.com/NRA/status/656857478701842433", "display_url": "twitter.com/NRA/status/656\u2026"}]}, "quoted_status_id": 656857478701842433, "retweeted": false, "coordinates": null, "quoted_status": {"contributors": null, "truncated": false, "text": "Go after criminals, not guns https://t.co/gWyAe8vDKm #2A #gunsense", "is_quote_status": false, "in_reply_to_status_id": null, "id": 656857478701842433, "favorite_count": 85, "source": "<a href=\"http://sproutsocial.com\" rel=\"nofollow\">Sprout Social</a>", "retweeted": false, "coordinates": null, "entities": {"symbols": [], "user_mentions": [], "hashtags": [{"indices": [53, 56], "text": "2A"}, {"indices": [57, 66], "text": "gunsense"}], "urls": [{"url": "https://t.co/gWyAe8vDKm", "indices": [29, 52], "expanded_url": "http://bit.ly/1LLx7jS", "display_url": "bit.ly/1LLx7jS"}]}, "in_reply_to_screen_name": null, "in_reply_to_user_id": null, "retweet_count": 70, "id_str": "656857478701842433", "favorited": false, "user": {"follow_request_sent": null, "has_extended_profile": false, "profile_use_background_image": true, "default_profile_image": false, "id": 21829541, "profile_background_image_url_https": "https://pbs.twimg.com/profile_background_images/540228200589053952/alfGwh4b.jpeg", "verified": true, "profile_text_color": "666666", "profile_image_url_https": "https://pbs.twimg.com/profile_images/540258795062972416/sK2RI_B2_normal.jpeg", "profile_sidebar_fill_color": "F5F5F5", "entities": {"url": {"urls": [{"url": "http://t.co/lVnmXaSUHM", "indices": [0, 22], "expanded_url": "http://www.nra.org", "display_url": "nra.org"}]}, "description": {"urls": []}}, "followers_count": 295528, "profile_sidebar_border_color": "FFFFFF", "id_str": "21829541", "profile_background_color": "DA1F28", "listed_count": 2829, "is_translation_enabled": false, "utc_offset": -14400, "statuses_count": 7957, "description": "National Rifle Association of America #NRA", "friends_count": 420, "location": "Fairfax, VA", "profile_link_color": "2FC2EF", "profile_image_url": "http://pbs.twimg.com/profile_images/540258795062972416/sK2RI_B2_normal.jpeg", "following": null, "geo_enabled": true, "profile_banner_url": "https://pbs.twimg.com/profile_banners/21829541/1417637443", "profile_background_image_url": "http://pbs.twimg.com/profile_background_images/540228200589053952/alfGwh4b.jpeg", "screen_name": "NRA", "lang": "en", "profile_background_tile": false, "favourites_count": 84, "name": "NRA", "notifications": null, "url": "http://t.co/lVnmXaSUHM", "created_at": "Wed Feb 25 03:07:33 +0000 2009", "contributors_enabled": false, "time_zone": "Eastern Time (US & Canada)", "protected": false, "default_profile": false, "is_translator": false}, "geo": null, "in_reply_to_user_id_str": null, "possibly_sensitive": false, "lang": "en", "created_at": "Wed Oct 21 15:40:01 +0000 2015", "in_reply_to_status_id_str": null, "place": null, "metadata": {"iso_language_code": "en", "result_type": "recent"}}, "source": "<a href=\"http://twitter.com/download/android\" rel=\"nofollow\">Twitter for Android</a>", "in_reply_to_screen_name": null, "in_reply_to_user_id": null, "retweet_count": 1, "id_str": "656904308412305408", "favorited": false, "user": {"follow_request_sent": null, "has_extended_profile": false, "profile_use_background_image": true, "default_profile_image": false, "id": 21043723, "profile_background_image_url_https": "https://pbs.twimg.com/profile_background_images/635924640553046016/Zxol15sZ.jpg", "verified": false, "profile_text_color": "3E4415", "profile_image_url_https": "https://pbs.twimg.com/profile_images/649443292036399104/DqsttX5H_normal.jpg", "profile_sidebar_fill_color": "99CC33", "entities": {"description": {"urls": []}}, "followers_count": 9396, "profile_sidebar_border_color": "FFFFFF", "id_str": "21043723", "profile_background_color": "352726", "listed_count": 358, "is_translation_enabled": false, "utc_offset": -14400, "statuses_count": 207651, "description": "Boston #RedSox, Progressive Politics, Music, Art, Food & Drink... #StandWithPP  - 2016 election is about #SCOTUS..", "friends_count": 7993, "location": "New Hampshire", "profile_link_color": "3B94D9", "profile_image_url": "http://pbs.twimg.com/profile_images/649443292036399104/DqsttX5H_normal.jpg", "following": null, "geo_enabled": true, "profile_banner_url": "https://pbs.twimg.com/profile_banners/21043723/1438297252", "profile_background_image_url": "http://pbs.twimg.com/profile_background_images/635924640553046016/Zxol15sZ.jpg", "screen_name": "nhdogmom", "lang": "en", "profile_background_tile": false, "favourites_count": 63538, "name": "Sharon Chabot", "notifications": null, "url": null, "created_at": "Mon Feb 16 23:40:53 +0000 2009", "contributors_enabled": false, "time_zone": "Eastern Time (US & Canada)", "protected": false, "default_profile": false, "is_translator": false}, "geo": null, "in_reply_to_user_id_str": null, "possibly_sensitive": false, "lang": "en", "created_at": "Wed Oct 21 18:46:06 +0000 2015", "quoted_status_id_str": "656857478701842433", "in_reply_to_status_id_str": null, "place": null, "metadata": {"iso_language_code": "en", "result_type": "recent"}}