{"contributors": null, "truncated": false, "text": "Clinton tops 2016 field in drug industry donations https://t.co/LgJUb5azUR #Hillary2016 do you really think you matter more than money?", "is_quote_status": false, "in_reply_to_status_id": null, "id": 656910303322615810, "favorite_count": 0, "source": "<a href=\"http://twitter.com\" rel=\"nofollow\">Twitter Web Client</a>", "retweeted": false, "coordinates": null, "entities": {"symbols": [], "user_mentions": [], "hashtags": [{"indices": [75, 87], "text": "Hillary2016"}], "urls": [{"url": "https://t.co/LgJUb5azUR", "indices": [51, 74], "expanded_url": "http://thehill.com/policy/healthcare/257234-clinton-brings-in-most-big-pharma-money-of-2016-field", "display_url": "thehill.com/policy/healthc\u2026"}]}, "in_reply_to_screen_name": null, "in_reply_to_user_id": null, "retweet_count": 0, "id_str": "656910303322615810", "favorited": false, "user": {"follow_request_sent": null, "has_extended_profile": false, "profile_use_background_image": true, "default_profile_image": false, "id": 7476762, "profile_background_image_url_https": "https://pbs.twimg.com/profile_background_images/199910604/ifWXp.jpg", "verified": false, "profile_text_color": "E3DCE3", "profile_image_url_https": "https://pbs.twimg.com/profile_images/1287505656/Zoda_Ghost_005v2-1_normal.jpg", "profile_sidebar_fill_color": "252429", "entities": {"url": {"urls": [{"url": "http://t.co/mI9B9ooKyl", "indices": [0, 22], "expanded_url": "http://xenophrenia.blogspot.com/", "display_url": "xenophrenia.blogspot.com"}]}, "description": {"urls": [{"url": "http://t.co/OBmKoDq3Xc", "indices": [101, 123], "expanded_url": "http://bit.ly/hbv4ha", "display_url": "bit.ly/hbv4ha"}]}}, "followers_count": 460, "profile_sidebar_border_color": "000000", "id_str": "7476762", "profile_background_color": "1A1B1F", "listed_count": 41, "is_translation_enabled": false, "utc_offset": -18000, "statuses_count": 28314, "description": "Looking at life a little differently ....\r\n\r\nBackground image used under CC License from this source http://t.co/OBmKoDq3Xc", "friends_count": 364, "location": "Wisconsin", "profile_link_color": "2FC2EF", "profile_image_url": "http://pbs.twimg.com/profile_images/1287505656/Zoda_Ghost_005v2-1_normal.jpg", "following": null, "geo_enabled": false, "profile_banner_url": "https://pbs.twimg.com/profile_banners/7476762/1398382972", "profile_background_image_url": "http://pbs.twimg.com/profile_background_images/199910604/ifWXp.jpg", "screen_name": "xenophrenia", "lang": "en", "profile_background_tile": false, "favourites_count": 2391, "name": "Xeno Phrenia ", "notifications": null, "url": "http://t.co/mI9B9ooKyl", "created_at": "Sat Jul 14 21:03:37 +0000 2007", "contributors_enabled": false, "time_zone": "Central Time (US & Canada)", "protected": false, "default_profile": false, "is_translator": false}, "geo": null, "in_reply_to_user_id_str": null, "possibly_sensitive": false, "lang": "en", "created_at": "Wed Oct 21 19:09:55 +0000 2015", "in_reply_to_status_id_str": null, "place": null, "metadata": {"iso_language_code": "en", "result_type": "recent"}}