{"contributors": null, "truncated": false, "text": "RT @ChuckNellis: Arrest @HillaryClinton!\n#Benghazi #HillaryEmail #Hillary2016", "is_quote_status": false, "in_reply_to_status_id": null, "id": 656908299288354822, "favorite_count": 0, "source": "<a href=\"http://twitter.com/download/iphone\" rel=\"nofollow\">Twitter for iPhone</a>", "retweeted": false, "coordinates": null, "entities": {"symbols": [], "user_mentions": [{"id": 315878798, "indices": [3, 15], "id_str": "315878798", "screen_name": "ChuckNellis", "name": "Chuck Nellis"}, {"id": 1339835893, "indices": [24, 39], "id_str": "1339835893", "screen_name": "HillaryClinton", "name": "Hillary Clinton"}], "hashtags": [{"indices": [41, 50], "text": "Benghazi"}, {"indices": [51, 64], "text": "HillaryEmail"}, {"indices": [65, 77], "text": "Hillary2016"}], "urls": []}, "in_reply_to_screen_name": null, "in_reply_to_user_id": null, "retweet_count": 27, "id_str": "656908299288354822", "favorited": false, "retweeted_status": {"contributors": null, "truncated": false, "text": "Arrest @HillaryClinton!\n#Benghazi #HillaryEmail #Hillary2016", "is_quote_status": false, "in_reply_to_status_id": null, "id": 656871430605377536, "favorite_count": 28, "source": "<a href=\"http://twitter.com\" rel=\"nofollow\">Twitter Web Client</a>", "retweeted": false, "coordinates": null, "entities": {"symbols": [], "user_mentions": [{"id": 1339835893, "indices": [7, 22], "id_str": "1339835893", "screen_name": "HillaryClinton", "name": "Hillary Clinton"}], "hashtags": [{"indices": [24, 33], "text": "Benghazi"}, {"indices": [34, 47], "text": "HillaryEmail"}, {"indices": [48, 60], "text": "Hillary2016"}], "urls": []}, "in_reply_to_screen_name": null, "in_reply_to_user_id": null, "retweet_count": 27, "id_str": "656871430605377536", "favorited": false, "user": {"follow_request_sent": null, "has_extended_profile": false, "profile_use_background_image": true, "default_profile_image": false, "id": 315878798, "profile_background_image_url_https": "https://pbs.twimg.com/profile_background_images/623662190428585984/myB2KXQK.jpg", "verified": false, "profile_text_color": "9D9DC4", "profile_image_url_https": "https://pbs.twimg.com/profile_images/556626333548048384/WRq5IgV-_normal.jpeg", "profile_sidebar_fill_color": "06142B", "entities": {"url": {"urls": [{"url": "http://t.co/bjnNo6q1lV", "indices": [0, 22], "expanded_url": "http://www.chucknellis.blogspot.com", "display_url": "chucknellis.blogspot.com"}]}, "description": {"urls": [{"url": "https://t.co/xdbvPCiL3e", "indices": [132, 155], "expanded_url": "https://www.rebelmouse.com/chucknellis", "display_url": "rebelmouse.com/chucknellis"}]}}, "followers_count": 94735, "profile_sidebar_border_color": "000000", "id_str": "315878798", "profile_background_color": "3F63BF", "listed_count": 1356, "is_translation_enabled": false, "utc_offset": -14400, "statuses_count": 394734, "description": "World According To Chuck  *Jesus REIGNS! \u2020 * Married to @Laweez #CruzCrew #Cruz2016 #Panthers #USN #TCOT #NFB #NRA #Duke #NASCAR :) https://t.co/xdbvPCiL3e", "friends_count": 70044, "location": "Great State of North Carolina!", "profile_link_color": "750E9E", "profile_image_url": "http://pbs.twimg.com/profile_images/556626333548048384/WRq5IgV-_normal.jpeg", "following": null, "geo_enabled": true, "profile_banner_url": "https://pbs.twimg.com/profile_banners/315878798/1360644887", "profile_background_image_url": "http://pbs.twimg.com/profile_background_images/623662190428585984/myB2KXQK.jpg", "screen_name": "ChuckNellis", "lang": "en", "profile_background_tile": true, "favourites_count": 129948, "name": "Chuck Nellis", "notifications": null, "url": "http://t.co/bjnNo6q1lV", "created_at": "Sun Jun 12 15:58:57 +0000 2011", "contributors_enabled": false, "time_zone": "Eastern Time (US & Canada)", "protected": false, "default_profile": false, "is_translator": false}, "geo": null, "in_reply_to_user_id_str": null, "lang": "en", "created_at": "Wed Oct 21 16:35:27 +0000 2015", "in_reply_to_status_id_str": null, "place": {"full_name": "North Carolina, USA", "url": "https://api.twitter.com/1.1/geo/id/3b98b02fba3f9753.json", "country": "United States", "place_type": "admin", "bounding_box": {"type": "Polygon", "coordinates": [[[-84.32187, 33.752879], [-75.40012, 33.752879], [-75.40012, 36.588118], [-84.32187, 36.588118]]]}, "contained_within": [], "country_code": "US", "attributes": {}, "id": "3b98b02fba3f9753", "name": "North Carolina"}, "metadata": {"iso_language_code": "en", "result_type": "recent"}}, "user": {"follow_request_sent": null, "has_extended_profile": false, "profile_use_background_image": false, "default_profile_image": false, "id": 2775579278, "profile_background_image_url_https": "https://abs.twimg.com/images/themes/theme1/bg.png", "verified": false, "profile_text_color": "000000", "profile_image_url_https": "https://pbs.twimg.com/profile_images/655499697856081920/hOuVxb_W_normal.jpg", "profile_sidebar_fill_color": "000000", "entities": {"description": {"urls": []}}, "followers_count": 1539, "profile_sidebar_border_color": "000000", "id_str": "2775579278", "profile_background_color": "000000", "listed_count": 29, "is_translation_enabled": false, "utc_offset": null, "statuses_count": 12140, "description": "Conservative political commentator & investigative journalist. Anti-islamisation and anticommunist activist. Sometimes I'm irreverant.", "friends_count": 1761, "location": "United States of America", "profile_link_color": "ABB8C2", "profile_image_url": "http://pbs.twimg.com/profile_images/655499697856081920/hOuVxb_W_normal.jpg", "following": null, "geo_enabled": false, "profile_banner_url": "https://pbs.twimg.com/profile_banners/2775579278/1434046877", "profile_background_image_url": "http://abs.twimg.com/images/themes/theme1/bg.png", "screen_name": "1periculo", "lang": "en", "profile_background_tile": false, "favourites_count": 1196, "name": "Pura Periculo", "notifications": null, "url": null, "created_at": "Thu Aug 28 02:57:35 +0000 2014", "contributors_enabled": false, "time_zone": null, "protected": false, "default_profile": false, "is_translator": false}, "geo": null, "in_reply_to_user_id_str": null, "lang": "en", "created_at": "Wed Oct 21 19:01:57 +0000 2015", "in_reply_to_status_id_str": null, "place": null, "metadata": {"iso_language_code": "en", "result_type": "recent"}}