{"contributors": null, "truncated": false, "text": "RT @Jerry_Holbert: Wicked Witch Hillary #HillaryServer #HillaryLiesMatter #Hillary2016  http://t.co/583XvrmeOP http://t.co/3SyvjbwOqN", "is_quote_status": false, "in_reply_to_status_id": null, "id": 656913641531424768, "favorite_count": 0, "source": "<a href=\"http://twitter.com\" rel=\"nofollow\">Twitter Web Client</a>", "retweeted": false, "coordinates": null, "entities": {"symbols": [], "user_mentions": [{"id": 2903996475, "indices": [3, 17], "id_str": "2903996475", "screen_name": "Jerry_Holbert", "name": "Jerry Holbert"}], "hashtags": [{"indices": [40, 54], "text": "HillaryServer"}, {"indices": [55, 73], "text": "HillaryLiesMatter"}, {"indices": [74, 86], "text": "Hillary2016"}], "urls": [{"url": "http://t.co/583XvrmeOP", "indices": [88, 110], "expanded_url": "http://www.gocomics.com/jerryholbert/2015/09/02", "display_url": "gocomics.com/jerryholbert/2\u2026"}], "media": [{"source_user_id": 2903996475, "source_status_id_str": "639078034646134788", "expanded_url": "http://twitter.com/Jerry_Holbert/status/639078034646134788/photo/1", "display_url": "pic.twitter.com/3SyvjbwOqN", "url": "http://t.co/3SyvjbwOqN", "media_url_https": "https://pbs.twimg.com/media/CN52Fg-UcAA2UYR.png", "source_user_id_str": "2903996475", "source_status_id": 639078034646134788, "id_str": "639078034255933440", "sizes": {"large": {"h": 521, "resize": "fit", "w": 750}, "small": {"h": 236, "resize": "fit", "w": 340}, "medium": {"h": 416, "resize": "fit", "w": 600}, "thumb": {"h": 150, "resize": "crop", "w": 150}}, "indices": [111, 133], "type": "photo", "id": 639078034255933440, "media_url": "http://pbs.twimg.com/media/CN52Fg-UcAA2UYR.png"}]}, "in_reply_to_screen_name": null, "in_reply_to_user_id": null, "retweet_count": 113, "id_str": "656913641531424768", "favorited": false, "retweeted_status": {"contributors": null, "truncated": false, "text": "Wicked Witch Hillary #HillaryServer #HillaryLiesMatter #Hillary2016  http://t.co/583XvrmeOP http://t.co/3SyvjbwOqN", "is_quote_status": false, "in_reply_to_status_id": null, "id": 639078034646134788, "favorite_count": 106, "source": "<a href=\"http://www.hootsuite.com\" rel=\"nofollow\">Hootsuite</a>", "retweeted": false, "coordinates": null, "entities": {"symbols": [], "user_mentions": [], "hashtags": [{"indices": [21, 35], "text": "HillaryServer"}, {"indices": [36, 54], "text": "HillaryLiesMatter"}, {"indices": [55, 67], "text": "Hillary2016"}], "urls": [{"url": "http://t.co/583XvrmeOP", "indices": [69, 91], "expanded_url": "http://www.gocomics.com/jerryholbert/2015/09/02", "display_url": "gocomics.com/jerryholbert/2\u2026"}], "media": [{"expanded_url": "http://twitter.com/Jerry_Holbert/status/639078034646134788/photo/1", "display_url": "pic.twitter.com/3SyvjbwOqN", "url": "http://t.co/3SyvjbwOqN", "media_url_https": "https://pbs.twimg.com/media/CN52Fg-UcAA2UYR.png", "id_str": "639078034255933440", "sizes": {"large": {"h": 521, "resize": "fit", "w": 750}, "small": {"h": 236, "resize": "fit", "w": 340}, "medium": {"h": 416, "resize": "fit", "w": 600}, "thumb": {"h": 150, "resize": "crop", "w": 150}}, "indices": [92, 114], "type": "photo", "id": 639078034255933440, "media_url": "http://pbs.twimg.com/media/CN52Fg-UcAA2UYR.png"}]}, "in_reply_to_screen_name": null, "in_reply_to_user_id": null, "retweet_count": 113, "id_str": "639078034646134788", "favorited": false, "user": {"follow_request_sent": null, "has_extended_profile": false, "profile_use_background_image": true, "default_profile_image": false, "id": 2903996475, "profile_background_image_url_https": "https://abs.twimg.com/images/themes/theme1/bg.png", "verified": false, "profile_text_color": "333333", "profile_image_url_https": "https://pbs.twimg.com/profile_images/598120560598495232/f5_VSC0f_normal.png", "profile_sidebar_fill_color": "DDEEF6", "entities": {"url": {"urls": [{"url": "http://t.co/sJFAuZlRAu", "indices": [0, 22], "expanded_url": "http://www.gocomics.com/jerryholbert/", "display_url": "gocomics.com/jerryholbert/"}]}, "description": {"urls": []}}, "followers_count": 2397, "profile_sidebar_border_color": "C0DEED", "id_str": "2903996475", "profile_background_color": "C0DEED", "listed_count": 30, "is_translation_enabled": false, "utc_offset": null, "statuses_count": 264, "description": "The Ultimate Jerry Holbert Fanpage for Ultimate Holbert Fans!", "friends_count": 2292, "location": "Boston Herald Comic", "profile_link_color": "0084B4", "profile_image_url": "http://pbs.twimg.com/profile_images/598120560598495232/f5_VSC0f_normal.png", "following": null, "geo_enabled": false, "profile_banner_url": "https://pbs.twimg.com/profile_banners/2903996475/1431438121", "profile_background_image_url": "http://abs.twimg.com/images/themes/theme1/bg.png", "screen_name": "Jerry_Holbert", "lang": "en", "profile_background_tile": false, "favourites_count": 2612, "name": "Jerry Holbert", "notifications": null, "url": "http://t.co/sJFAuZlRAu", "created_at": "Wed Dec 03 17:33:59 +0000 2014", "contributors_enabled": false, "time_zone": null, "protected": false, "default_profile": true, "is_translator": false}, "geo": null, "in_reply_to_user_id_str": null, "possibly_sensitive": false, "lang": "en", "created_at": "Wed Sep 02 14:10:51 +0000 2015", "in_reply_to_status_id_str": null, "place": null, "metadata": {"iso_language_code": "en", "result_type": "recent"}}, "user": {"follow_request_sent": null, "has_extended_profile": false, "profile_use_background_image": true, "default_profile_image": false, "id": 4011530987, "profile_background_image_url_https": "https://abs.twimg.com/images/themes/theme1/bg.png", "verified": false, "profile_text_color": "333333", "profile_image_url_https": "https://pbs.twimg.com/profile_images/656910734983569412/z1f97wgs_normal.jpg", "profile_sidebar_fill_color": "DDEEF6", "entities": {"description": {"urls": []}}, "followers_count": 21, "profile_sidebar_border_color": "C0DEED", "id_str": "4011530987", "profile_background_color": "C0DEED", "listed_count": 1, "is_translation_enabled": false, "utc_offset": -25200, "statuses_count": 181, "description": "Hillary will say anything to get people to like her. Not just like most girls. Cause Hillary is really old, too.", "friends_count": 184, "location": "On The Campaign Trail ", "profile_link_color": "0084B4", "profile_image_url": "http://pbs.twimg.com/profile_images/656910734983569412/z1f97wgs_normal.jpg", "following": null, "geo_enabled": false, "profile_banner_url": "https://pbs.twimg.com/profile_banners/4011530987/1445454943", "profile_background_image_url": "http://abs.twimg.com/images/themes/theme1/bg.png", "screen_name": "ShellyLiesei", "lang": "en", "profile_background_tile": false, "favourites_count": 178, "name": "Hillary #SheLies", "notifications": null, "url": null, "created_at": "Wed Oct 21 19:09:49 +0000 2015", "contributors_enabled": false, "time_zone": "Pacific Time (US & Canada)", "protected": false, "default_profile": true, "is_translator": false}, "geo": null, "in_reply_to_user_id_str": null, "possibly_sensitive": false, "lang": "en", "created_at": "Wed Oct 21 19:23:11 +0000 2015", "in_reply_to_status_id_str": null, "place": null, "metadata": {"iso_language_code": "en", "result_type": "recent"}}