{"contributors": null, "truncated": false, "text": "Good @JoeBiden @VP ! #Hillary2016 \u2605 \u2605 \u2605 \u2605 \u2605 \u2605 https://t.co/XTAeXMwYC1", "is_quote_status": true, "in_reply_to_status_id": null, "id": 656905031778738176, "favorite_count": 0, "entities": {"symbols": [], "user_mentions": [{"id": 939091, "indices": [5, 14], "id_str": "939091", "screen_name": "JoeBiden", "name": "Joe Biden"}, {"id": 325830217, "indices": [15, 18], "id_str": "325830217", "screen_name": "VP", "name": "Vice President Biden"}], "hashtags": [{"indices": [21, 33], "text": "Hillary2016"}], "urls": [{"url": "https://t.co/XTAeXMwYC1", "indices": [46, 69], "expanded_url": "https://twitter.com/nytimes/status/656897014211452928", "display_url": "twitter.com/nytimes/status\u2026"}]}, "quoted_status_id": 656897014211452928, "retweeted": false, "coordinates": null, "quoted_status": {"contributors": null, "truncated": false, "text": "Biden has decided not to run for president, closing the door on a big challenge to Clinton https://t.co/cd2QOHyIpg https://t.co/djhSAcTdYx", "is_quote_status": false, "in_reply_to_status_id": null, "id": 656897014211452928, "favorite_count": 273, "source": "<a href=\"http://www.socialflow.com\" rel=\"nofollow\">SocialFlow</a>", "retweeted": false, "coordinates": null, "entities": {"symbols": [], "user_mentions": [], "hashtags": [], "urls": [{"url": "https://t.co/cd2QOHyIpg", "indices": [91, 114], "expanded_url": "http://nyti.ms/1ZXZykN", "display_url": "nyti.ms/1ZXZykN"}], "media": [{"expanded_url": "http://twitter.com/nytimes/status/656897014211452928/photo/1", "display_url": "pic.twitter.com/djhSAcTdYx", "url": "https://t.co/djhSAcTdYx", "media_url_https": "https://pbs.twimg.com/media/CR3EWlCVEAA4Fu-.png", "id_str": "656897012844007424", "sizes": {"large": {"h": 560, "resize": "fit", "w": 999}, "small": {"h": 190, "resize": "fit", "w": 340}, "medium": {"h": 336, "resize": "fit", "w": 600}, "thumb": {"h": 150, "resize": "crop", "w": 150}}, "indices": [115, 138], "type": "photo", "id": 656897012844007424, "media_url": "http://pbs.twimg.com/media/CR3EWlCVEAA4Fu-.png"}]}, "in_reply_to_screen_name": null, "in_reply_to_user_id": null, "retweet_count": 377, "id_str": "656897014211452928", "favorited": false, "user": {"follow_request_sent": null, "has_extended_profile": false, "profile_use_background_image": true, "default_profile_image": false, "id": 807095, "profile_background_image_url_https": "https://pbs.twimg.com/profile_background_images/736339684/948f072cc2da4e3a5e9f2ebfb3b1a0e7.png", "verified": true, "profile_text_color": "333333", "profile_image_url_https": "https://pbs.twimg.com/profile_images/2044921128/finals_normal.png", "profile_sidebar_fill_color": "EFEFEF", "entities": {"url": {"urls": [{"url": "http://t.co/ahvuWqicF9", "indices": [0, 22], "expanded_url": "http://www.nytimes.com/", "display_url": "nytimes.com"}]}, "description": {"urls": [{"url": "http://t.co/YapuoqX0HS", "indices": [111, 133], "expanded_url": "http://NYTimes.com", "display_url": "NYTimes.com"}]}}, "followers_count": 20587661, "profile_sidebar_border_color": "FFFFFF", "id_str": "807095", "profile_background_color": "131516", "listed_count": 167702, "is_translation_enabled": true, "utc_offset": -14400, "statuses_count": 203580, "description": "Where the conversation begins. Follow for breaking news, special reports, RTs of our journalists and more from http://t.co/YapuoqX0HS", "friends_count": 990, "location": "New York City", "profile_link_color": "607696", "profile_image_url": "http://pbs.twimg.com/profile_images/2044921128/finals_normal.png", "following": null, "geo_enabled": false, "profile_banner_url": "https://pbs.twimg.com/profile_banners/807095/1355346050", "profile_background_image_url": "http://pbs.twimg.com/profile_background_images/736339684/948f072cc2da4e3a5e9f2ebfb3b1a0e7.png", "screen_name": "nytimes", "lang": "en", "profile_background_tile": true, "favourites_count": 7732, "name": "The New York Times", "notifications": null, "url": "http://t.co/ahvuWqicF9", "created_at": "Fri Mar 02 20:41:42 +0000 2007", "contributors_enabled": false, "time_zone": "Eastern Time (US & Canada)", "protected": false, "default_profile": false, "is_translator": false}, "geo": null, "in_reply_to_user_id_str": null, "possibly_sensitive": false, "lang": "en", "created_at": "Wed Oct 21 18:17:07 +0000 2015", "in_reply_to_status_id_str": null, "place": null, "metadata": {"iso_language_code": "en", "result_type": "recent"}}, "source": "<a href=\"http://twitter.com/download/android\" rel=\"nofollow\">Twitter for Android</a>", "in_reply_to_screen_name": null, "in_reply_to_user_id": null, "retweet_count": 0, "id_str": "656905031778738176", "favorited": false, "user": {"follow_request_sent": null, "has_extended_profile": false, "profile_use_background_image": true, "default_profile_image": false, "id": 115526151, "profile_background_image_url_https": "https://pbs.twimg.com/profile_background_images/682951115/443b3677b667525b57e1a3d1bd93357b.jpeg", "verified": false, "profile_text_color": "362720", "profile_image_url_https": "https://pbs.twimg.com/profile_images/2727637727/51668dc4690f3ba0ca05f46c10a6f982_normal.jpeg", "profile_sidebar_fill_color": "E5507E", "entities": {"description": {"urls": []}}, "followers_count": 460, "profile_sidebar_border_color": "FFFFFF", "id_str": "115526151", "profile_background_color": "FF6699", "listed_count": 7, "is_translation_enabled": false, "utc_offset": -7200, "statuses_count": 19200, "description": "", "friends_count": 133, "location": "", "profile_link_color": "B40B43", "profile_image_url": "http://pbs.twimg.com/profile_images/2727637727/51668dc4690f3ba0ca05f46c10a6f982_normal.jpeg", "following": null, "geo_enabled": true, "profile_banner_url": "https://pbs.twimg.com/profile_banners/115526151/1401327762", "profile_background_image_url": "http://pbs.twimg.com/profile_background_images/682951115/443b3677b667525b57e1a3d1bd93357b.jpeg", "screen_name": "fernandabertazi", "lang": "pt", "profile_background_tile": false, "favourites_count": 27871, "name": "Fernanda H", "notifications": null, "url": null, "created_at": "Thu Feb 18 23:44:40 +0000 2010", "contributors_enabled": false, "time_zone": "Brasilia", "protected": false, "default_profile": false, "is_translator": false}, "geo": null, "in_reply_to_user_id_str": null, "possibly_sensitive": false, "lang": "en", "created_at": "Wed Oct 21 18:48:58 +0000 2015", "quoted_status_id_str": "656897014211452928", "in_reply_to_status_id_str": null, "place": {"full_name": "Rio de Janeiro, Brasil", "url": "https://api.twitter.com/1.1/geo/id/97bcdfca1a2dca59.json", "country": "Brasil", "place_type": "city", "bounding_box": {"type": "Polygon", "coordinates": [[[-43.795449, -23.08302], [-43.0877068, -23.08302], [-43.0877068, -22.7398234], [-43.795449, -22.7398234]]]}, "contained_within": [], "country_code": "BR", "attributes": {}, "id": "97bcdfca1a2dca59", "name": "Rio de Janeiro"}, "metadata": {"iso_language_code": "en", "result_type": "recent"}}