{"contributors": null, "truncated": false, "text": "#HillaryClinton Genuinely bought and paid for same old, same old.\n\n#Sanders genuinely wants change with no one owning him. #TakeBackAmerica", "is_quote_status": false, "in_reply_to_status_id": null, "id": 656905370330251265, "favorite_count": 0, "source": "<a href=\"http://twitter.com/download/iphone\" rel=\"nofollow\">Twitter for iPhone</a>", "retweeted": false, "coordinates": null, "entities": {"symbols": [], "user_mentions": [], "hashtags": [{"indices": [0, 15], "text": "HillaryClinton"}, {"indices": [67, 75], "text": "Sanders"}, {"indices": [123, 139], "text": "TakeBackAmerica"}], "urls": []}, "in_reply_to_screen_name": null, "in_reply_to_user_id": null, "retweet_count": 0, "id_str": "656905370330251265", "favorited": false, "user": {"follow_request_sent": null, "has_extended_profile": false, "profile_use_background_image": true, "default_profile_image": false, "id": 620384663, "profile_background_image_url_https": "https://abs.twimg.com/images/themes/theme1/bg.png", "verified": false, "profile_text_color": "333333", "profile_image_url_https": "https://pbs.twimg.com/profile_images/553961592837001217/okSiiXkl_normal.png", "profile_sidebar_fill_color": "DDEEF6", "entities": {"url": {"urls": [{"url": "http://t.co/5460nMsl", "indices": [0, 20], "expanded_url": "http://www.FactualRevolution.com", "display_url": "FactualRevolution.com"}]}, "description": {"urls": []}}, "followers_count": 3327, "profile_sidebar_border_color": "C0DEED", "id_str": "620384663", "profile_background_color": "C0DEED", "listed_count": 64, "is_translation_enabled": false, "utc_offset": -25200, "statuses_count": 8836, "description": "They must find it difficult, those who have taken authority as the truth, instead of those who have taken truth as the authority.", "friends_count": 3170, "location": "", "profile_link_color": "0084B4", "profile_image_url": "http://pbs.twimg.com/profile_images/553961592837001217/okSiiXkl_normal.png", "following": null, "geo_enabled": false, "profile_banner_url": "https://pbs.twimg.com/profile_banners/620384663/1373640384", "profile_background_image_url": "http://abs.twimg.com/images/themes/theme1/bg.png", "screen_name": "FactualRevolt", "lang": "en", "profile_background_tile": false, "favourites_count": 2384, "name": "FactualRevolution", "notifications": null, "url": "http://t.co/5460nMsl", "created_at": "Wed Jun 27 22:05:43 +0000 2012", "contributors_enabled": false, "time_zone": "Arizona", "protected": false, "default_profile": true, "is_translator": false}, "geo": null, "in_reply_to_user_id_str": null, "lang": "en", "created_at": "Wed Oct 21 18:50:19 +0000 2015", "in_reply_to_status_id_str": null, "place": null, "metadata": {"iso_language_code": "en", "result_type": "recent"}}