{"contributors": null, "truncated": false, "text": "RT @sirtatters: #BENGHAZI\nHey @SpeakerBoehner Gang of 8 was briefed on #Hillary2016 ZeroFootPrint @StanHjerleid @HouseBenghazi https://t.co\u2026", "is_quote_status": false, "in_reply_to_status_id": null, "id": 656906545138180096, "favorite_count": 0, "source": "<a href=\"http://twitter.com\" rel=\"nofollow\">Twitter Web Client</a>", "retweeted": false, "coordinates": null, "entities": {"symbols": [], "user_mentions": [{"id": 898620354, "indices": [3, 14], "id_str": "898620354", "screen_name": "sirtatters", "name": "randomthots"}, {"id": 7713202, "indices": [30, 45], "id_str": "7713202", "screen_name": "SpeakerBoehner", "name": "Speaker John Boehner"}, {"id": 24565406, "indices": [98, 111], "id_str": "24565406", "screen_name": "StanHjerleid", "name": "Stan Hjerleid"}, {"id": 2786564756, "indices": [112, 126], "id_str": "2786564756", "screen_name": "HouseBenghazi", "name": "Benghazi Committee"}], "hashtags": [{"indices": [16, 25], "text": "BENGHAZI"}, {"indices": [71, 83], "text": "Hillary2016"}], "urls": [], "media": [{"source_user_id": 898620354, "source_status_id_str": "656899695919263744", "expanded_url": "http://twitter.com/sirtatters/status/656899695919263744/photo/1", "display_url": "pic.twitter.com/KydMmQuQzT", "url": "https://t.co/KydMmQuQzT", "media_url_https": "https://pbs.twimg.com/media/CR3GylFVAAAIUI4.jpg", "source_user_id_str": "898620354", "source_status_id": 656899695919263744, "id_str": "656899692916178944", "sizes": {"large": {"h": 856, "resize": "fit", "w": 640}, "small": {"h": 454, "resize": "fit", "w": 340}, "medium": {"h": 802, "resize": "fit", "w": 600}, "thumb": {"h": 150, "resize": "crop", "w": 150}}, "indices": [139, 140], "type": "photo", "id": 656899692916178944, "media_url": "http://pbs.twimg.com/media/CR3GylFVAAAIUI4.jpg"}]}, "in_reply_to_screen_name": null, "in_reply_to_user_id": null, "retweet_count": 4, "id_str": "656906545138180096", "favorited": false, "retweeted_status": {"contributors": null, "truncated": false, "text": "#BENGHAZI\nHey @SpeakerBoehner Gang of 8 was briefed on #Hillary2016 ZeroFootPrint @StanHjerleid @HouseBenghazi https://t.co/KydMmQuQzT", "is_quote_status": false, "in_reply_to_status_id": null, "id": 656899695919263744, "favorite_count": 1, "source": "<a href=\"http://twitter.com/download/iphone\" rel=\"nofollow\">Twitter for iPhone</a>", "retweeted": false, "coordinates": null, "entities": {"symbols": [], "user_mentions": [{"id": 7713202, "indices": [14, 29], "id_str": "7713202", "screen_name": "SpeakerBoehner", "name": "Speaker John Boehner"}, {"id": 24565406, "indices": [82, 95], "id_str": "24565406", "screen_name": "StanHjerleid", "name": "Stan Hjerleid"}, {"id": 2786564756, "indices": [96, 110], "id_str": "2786564756", "screen_name": "HouseBenghazi", "name": "Benghazi Committee"}], "hashtags": [{"indices": [0, 9], "text": "BENGHAZI"}, {"indices": [55, 67], "text": "Hillary2016"}], "urls": [], "media": [{"expanded_url": "http://twitter.com/sirtatters/status/656899695919263744/photo/1", "display_url": "pic.twitter.com/KydMmQuQzT", "url": "https://t.co/KydMmQuQzT", "media_url_https": "https://pbs.twimg.com/media/CR3GylFVAAAIUI4.jpg", "id_str": "656899692916178944", "sizes": {"large": {"h": 856, "resize": "fit", "w": 640}, "small": {"h": 454, "resize": "fit", "w": 340}, "medium": {"h": 802, "resize": "fit", "w": 600}, "thumb": {"h": 150, "resize": "crop", "w": 150}}, "indices": [111, 134], "type": "photo", "id": 656899692916178944, "media_url": "http://pbs.twimg.com/media/CR3GylFVAAAIUI4.jpg"}]}, "in_reply_to_screen_name": null, "in_reply_to_user_id": null, "retweet_count": 4, "id_str": "656899695919263744", "favorited": false, "user": {"follow_request_sent": null, "has_extended_profile": false, "profile_use_background_image": true, "default_profile_image": false, "id": 898620354, "profile_background_image_url_https": "https://abs.twimg.com/images/themes/theme1/bg.png", "verified": false, "profile_text_color": "333333", "profile_image_url_https": "https://pbs.twimg.com/profile_images/378800000425521689/b93e668a65e5b03e351ac7221a8c3147_normal.png", "profile_sidebar_fill_color": "DDEEF6", "entities": {"url": {"urls": [{"url": "http://t.co/p5Dpjl95YY", "indices": [0, 22], "expanded_url": "http://truepatriotsforamerica.com/", "display_url": "truepatriotsforamerica.com"}]}, "description": {"urls": []}}, "followers_count": 13353, "profile_sidebar_border_color": "C0DEED", "id_str": "898620354", "profile_background_color": "C0DEED", "listed_count": 282, "is_translation_enabled": false, "utc_offset": -25200, "statuses_count": 85826, "description": "MY #BENGHAZI BLOG 140 CHARACTERS AT A TIME Proud Member of #PJNET ! #TCOT #OiP", "friends_count": 13328, "location": "", "profile_link_color": "0084B4", "profile_image_url": "http://pbs.twimg.com/profile_images/378800000425521689/b93e668a65e5b03e351ac7221a8c3147_normal.png", "following": null, "geo_enabled": false, "profile_banner_url": "https://pbs.twimg.com/profile_banners/898620354/1413146539", "profile_background_image_url": "http://abs.twimg.com/images/themes/theme1/bg.png", "screen_name": "sirtatters", "lang": "en", "profile_background_tile": false, "favourites_count": 28656, "name": "randomthots", "notifications": null, "url": "http://t.co/p5Dpjl95YY", "created_at": "Mon Oct 22 23:04:06 +0000 2012", "contributors_enabled": false, "time_zone": "Arizona", "protected": false, "default_profile": true, "is_translator": false}, "geo": null, "in_reply_to_user_id_str": null, "possibly_sensitive": false, "lang": "en", "created_at": "Wed Oct 21 18:27:46 +0000 2015", "in_reply_to_status_id_str": null, "place": null, "metadata": {"iso_language_code": "en", "result_type": "recent"}}, "user": {"follow_request_sent": null, "has_extended_profile": false, "profile_use_background_image": true, "default_profile_image": false, "id": 68166416, "profile_background_image_url_https": "https://abs.twimg.com/images/themes/theme6/bg.gif", "verified": false, "profile_text_color": "333333", "profile_image_url_https": "https://pbs.twimg.com/profile_images/3066316555/ac5a248745986a9d19453d52a347fc7b_normal.png", "profile_sidebar_fill_color": "A0C5C7", "entities": {"url": {"urls": [{"url": "http://t.co/g8pFuWWZYW", "indices": [0, 22], "expanded_url": "http://page.is/plmyers", "display_url": "page.is/plmyers"}]}, "description": {"urls": []}}, "followers_count": 6657, "profile_sidebar_border_color": "FFFFFF", "id_str": "68166416", "profile_background_color": "709397", "listed_count": 190, "is_translation_enabled": false, "utc_offset": -10800, "statuses_count": 132874, "description": "Born again believer.  Patriot. Lover of Jesus, freedom and chocolate. Support our troops 100% proud to be a military brat.   #CTOT #PJNET  BackUP @Plmyers1", "friends_count": 7299, "location": "", "profile_link_color": "4C634D", "profile_image_url": "http://pbs.twimg.com/profile_images/3066316555/ac5a248745986a9d19453d52a347fc7b_normal.png", "following": null, "geo_enabled": false, "profile_banner_url": "https://pbs.twimg.com/profile_banners/68166416/1367604985", "profile_background_image_url": "http://abs.twimg.com/images/themes/theme6/bg.gif", "screen_name": "Plmyers", "lang": "en", "profile_background_tile": false, "favourites_count": 67766, "name": "PLMyers", "notifications": null, "url": "http://t.co/g8pFuWWZYW", "created_at": "Sun Aug 23 15:27:56 +0000 2009", "contributors_enabled": false, "time_zone": "Atlantic Time (Canada)", "protected": false, "default_profile": false, "is_translator": false}, "geo": null, "in_reply_to_user_id_str": null, "possibly_sensitive": false, "lang": "en", "created_at": "Wed Oct 21 18:54:59 +0000 2015", "in_reply_to_status_id_str": null, "place": null, "metadata": {"iso_language_code": "en", "result_type": "recent"}}