{"contributors": null, "truncated": false, "text": "RT @TXhornsfan05: That one may smile, and smile, and be a villain #Benghazi #Hillary2016 @CherryFyre @PatriotTweetz @RNRTexas @eCSVA  https\u2026", "is_quote_status": true, "in_reply_to_status_id": null, "id": 656911470786015232, "favorite_count": 0, "source": "<a href=\"http://twitter.com/download/android\" rel=\"nofollow\">Twitter for Android</a>", "retweeted": false, "coordinates": null, "entities": {"symbols": [], "user_mentions": [{"id": 389255262, "indices": [3, 16], "id_str": "389255262", "screen_name": "TXhornsfan05", "name": "TexasRising"}, {"id": 3002000970, "indices": [89, 100], "id_str": "3002000970", "screen_name": "CherryFyre", "name": "violets_on_fire\u2734"}, {"id": 2854752538, "indices": [101, 115], "id_str": "2854752538", "screen_name": "PatriotTweetz", "name": "Clearly Conservative"}, {"id": 2921084698, "indices": [116, 125], "id_str": "2921084698", "screen_name": "RNRTexas", "name": "RNR Texas"}, {"id": 266056967, "indices": [126, 132], "id_str": "266056967", "screen_name": "eCSVA", "name": "Badger #TermLimits"}], "hashtags": [{"indices": [66, 75], "text": "Benghazi"}, {"indices": [76, 88], "text": "Hillary2016"}], "urls": [{"url": "https://t.co/5CbqcLUnTg", "indices": [139, 140], "expanded_url": "https://twitter.com/KandiRider/status/617735918816858112", "display_url": "twitter.com/KandiRider/sta\u2026"}]}, "in_reply_to_screen_name": null, "in_reply_to_user_id": null, "retweet_count": 9, "id_str": "656911470786015232", "favorited": false, "retweeted_status": {"contributors": null, "truncated": false, "text": "That one may smile, and smile, and be a villain #Benghazi #Hillary2016 @CherryFyre @PatriotTweetz @RNRTexas @eCSVA  https://t.co/5CbqcLUnTg", "is_quote_status": true, "in_reply_to_status_id": null, "id": 656905197529120768, "favorite_count": 4, "entities": {"symbols": [], "user_mentions": [{"id": 3002000970, "indices": [71, 82], "id_str": "3002000970", "screen_name": "CherryFyre", "name": "violets_on_fire\u2734"}, {"id": 2854752538, "indices": [83, 97], "id_str": "2854752538", "screen_name": "PatriotTweetz", "name": "Clearly Conservative"}, {"id": 2921084698, "indices": [98, 107], "id_str": "2921084698", "screen_name": "RNRTexas", "name": "RNR Texas"}, {"id": 266056967, "indices": [108, 114], "id_str": "266056967", "screen_name": "eCSVA", "name": "Badger #TermLimits"}], "hashtags": [{"indices": [48, 57], "text": "Benghazi"}, {"indices": [58, 70], "text": "Hillary2016"}], "urls": [{"url": "https://t.co/5CbqcLUnTg", "indices": [116, 139], "expanded_url": "https://twitter.com/KandiRider/status/617735918816858112", "display_url": "twitter.com/KandiRider/sta\u2026"}]}, "quoted_status_id": 617735918816858112, "retweeted": false, "coordinates": null, "quoted_status": {"contributors": null, "truncated": false, "text": ".@HillaryClinton Too Bad #ChrisStevens won't be there.\n#Benghazi\n#Emails\n#ClintonCash\n#GunRunning\nMother of #ISIS http://t.co/PyaFnxWzLU", "is_quote_status": false, "in_reply_to_status_id": 613850040197484544, "id": 617735918816858112, "favorite_count": 4, "source": "<a href=\"http://twitter.com\" rel=\"nofollow\">Twitter Web Client</a>", "retweeted": false, "coordinates": null, "entities": {"symbols": [], "user_mentions": [{"id": 1339835893, "indices": [1, 16], "id_str": "1339835893", "screen_name": "HillaryClinton", "name": "Hillary Clinton"}], "hashtags": [{"indices": [25, 38], "text": "ChrisStevens"}, {"indices": [55, 64], "text": "Benghazi"}, {"indices": [65, 72], "text": "Emails"}, {"indices": [73, 85], "text": "ClintonCash"}, {"indices": [86, 97], "text": "GunRunning"}, {"indices": [108, 113], "text": "ISIS"}], "urls": [], "media": [{"expanded_url": "http://twitter.com/KandiRider/status/617735918816858112/photo/1", "display_url": "pic.twitter.com/PyaFnxWzLU", "url": "http://t.co/PyaFnxWzLU", "media_url_https": "https://pbs.twimg.com/media/CJKji3VUYAAr5OS.jpg", "id_str": "617735918267424768", "sizes": {"large": {"h": 365, "resize": "fit", "w": 599}, "small": {"h": 207, "resize": "fit", "w": 340}, "medium": {"h": 365, "resize": "fit", "w": 599}, "thumb": {"h": 150, "resize": "crop", "w": 150}}, "indices": [114, 136], "type": "photo", "id": 617735918267424768, "media_url": "http://pbs.twimg.com/media/CJKji3VUYAAr5OS.jpg"}]}, "in_reply_to_screen_name": "HillaryClinton", "in_reply_to_user_id": 1339835893, "retweet_count": 5, "id_str": "617735918816858112", "favorited": false, "geo": null, "in_reply_to_user_id_str": "1339835893", "possibly_sensitive": false, "lang": "en", "created_at": "Sun Jul 05 16:44:54 +0000 2015", "in_reply_to_status_id_str": "613850040197484544", "place": null, "metadata": {"iso_language_code": "en", "result_type": "recent"}}, "source": "<a href=\"http://twitter.com/download/android\" rel=\"nofollow\">Twitter for Android</a>", "in_reply_to_screen_name": null, "in_reply_to_user_id": null, "retweet_count": 9, "id_str": "656905197529120768", "favorited": false, "user": {"follow_request_sent": null, "has_extended_profile": false, "profile_use_background_image": true, "default_profile_image": false, "id": 389255262, "profile_background_image_url_https": "https://abs.twimg.com/images/themes/theme1/bg.png", "verified": false, "profile_text_color": "333333", "profile_image_url_https": "https://pbs.twimg.com/profile_images/420174075349049344/YwSdom0k_normal.jpeg", "profile_sidebar_fill_color": "DDEEF6", "entities": {"description": {"urls": []}}, "followers_count": 913, "profile_sidebar_border_color": "C0DEED", "id_str": "389255262", "profile_background_color": "C0DEED", "listed_count": 53, "is_translation_enabled": false, "utc_offset": -18000, "statuses_count": 7983, "description": "7th Generation Texan, Combat Veteran, Ultra-Conservative, Father, Husband, Marine, Soldier, Infantryman,Texas Longhorn Fan, Patriot", "friends_count": 971, "location": "The LoneStar State", "profile_link_color": "0084B4", "profile_image_url": "http://pbs.twimg.com/profile_images/420174075349049344/YwSdom0k_normal.jpeg", "following": null, "geo_enabled": true, "profile_banner_url": "https://pbs.twimg.com/profile_banners/389255262/1400001185", "profile_background_image_url": "http://abs.twimg.com/images/themes/theme1/bg.png", "screen_name": "TXhornsfan05", "lang": "en", "profile_background_tile": false, "favourites_count": 2003, "name": "TexasRising", "notifications": null, "url": null, "created_at": "Wed Oct 12 03:23:21 +0000 2011", "contributors_enabled": false, "time_zone": "Mexico City", "protected": false, "default_profile": true, "is_translator": false}, "geo": null, "in_reply_to_user_id_str": null, "possibly_sensitive": false, "lang": "en", "created_at": "Wed Oct 21 18:49:38 +0000 2015", "quoted_status_id_str": "617735918816858112", "in_reply_to_status_id_str": null, "place": null, "metadata": {"iso_language_code": "en", "result_type": "recent"}}, "user": {"follow_request_sent": null, "has_extended_profile": false, "profile_use_background_image": true, "default_profile_image": false, "id": 36792190, "profile_background_image_url_https": "https://pbs.twimg.com/profile_background_images/877369443/2086ee1bf8ef4c3283549327e79aabcf.jpeg", "verified": false, "profile_text_color": "333333", "profile_image_url_https": "https://pbs.twimg.com/profile_images/626131339100745728/qnozL8Nh_normal.jpg", "profile_sidebar_fill_color": "DDEEF6", "entities": {"description": {"urls": []}}, "followers_count": 8462, "profile_sidebar_border_color": "FFFFFF", "id_str": "36792190", "profile_background_color": "C0DEED", "listed_count": 179, "is_translation_enabled": false, "utc_offset": -18000, "statuses_count": 111949, "description": "#Conservative #Patriot #Veteran Army Medic #Duty Honor Country #SUPPORT OUR VETERANS #PTSD #TBI #iSBU   PRO #KURDS\u270c\u2764 & #ISRAEL No DMs Please!! I am taken\u2764", "friends_count": 8425, "location": "Republic Of Texas", "profile_link_color": "0084B4", "profile_image_url": "http://pbs.twimg.com/profile_images/626131339100745728/qnozL8Nh_normal.jpg", "following": null, "geo_enabled": true, "profile_banner_url": "https://pbs.twimg.com/profile_banners/36792190/1445453321", "profile_background_image_url": "http://pbs.twimg.com/profile_background_images/877369443/2086ee1bf8ef4c3283549327e79aabcf.jpeg", "screen_name": "S_Leeds", "lang": "en", "profile_background_tile": true, "favourites_count": 41274, "name": "Sherry Leeds", "notifications": null, "url": null, "created_at": "Thu Apr 30 22:24:31 +0000 2009", "contributors_enabled": false, "time_zone": "America/Chicago", "protected": false, "default_profile": false, "is_translator": false}, "geo": null, "in_reply_to_user_id_str": null, "possibly_sensitive": false, "lang": "en", "created_at": "Wed Oct 21 19:14:34 +0000 2015", "in_reply_to_status_id_str": null, "place": null, "metadata": {"iso_language_code": "en", "result_type": "recent"}}