{"contributors": null, "truncated": false, "text": "RT @stylistkavin: Breaking:  @GovernorMarkell of Delaware endorses @HillaryClinton #Hillary2016 #ImWithHer  https://t.co/UzmpVbiac5", "is_quote_status": true, "in_reply_to_status_id": null, "id": 656908372613042176, "favorite_count": 0, "source": "<a href=\"http://twitter.com\" rel=\"nofollow\">Twitter Web Client</a>", "retweeted": false, "coordinates": null, "entities": {"symbols": [], "user_mentions": [{"id": 3217694460, "indices": [3, 16], "id_str": "3217694460", "screen_name": "stylistkavin", "name": "Kavin"}, {"id": 48724141, "indices": [29, 45], "id_str": "48724141", "screen_name": "GovernorMarkell", "name": "Gov. Jack Markell"}, {"id": 1339835893, "indices": [67, 82], "id_str": "1339835893", "screen_name": "HillaryClinton", "name": "Hillary Clinton"}], "hashtags": [{"indices": [83, 95], "text": "Hillary2016"}, {"indices": [96, 106], "text": "ImWithHer"}], "urls": [{"url": "https://t.co/UzmpVbiac5", "indices": [108, 131], "expanded_url": "https://twitter.com/jwstarkey/status/656905760123826177", "display_url": "twitter.com/jwstarkey/stat\u2026"}]}, "in_reply_to_screen_name": null, "in_reply_to_user_id": null, "retweet_count": 16, "id_str": "656908372613042176", "favorited": false, "retweeted_status": {"contributors": null, "truncated": false, "text": "Breaking:  @GovernorMarkell of Delaware endorses @HillaryClinton #Hillary2016 #ImWithHer  https://t.co/UzmpVbiac5", "is_quote_status": true, "in_reply_to_status_id": null, "id": 656907835406610432, "favorite_count": 7, "entities": {"symbols": [], "user_mentions": [{"id": 48724141, "indices": [11, 27], "id_str": "48724141", "screen_name": "GovernorMarkell", "name": "Gov. Jack Markell"}, {"id": 1339835893, "indices": [49, 64], "id_str": "1339835893", "screen_name": "HillaryClinton", "name": "Hillary Clinton"}], "hashtags": [{"indices": [65, 77], "text": "Hillary2016"}, {"indices": [78, 88], "text": "ImWithHer"}], "urls": [{"url": "https://t.co/UzmpVbiac5", "indices": [90, 113], "expanded_url": "https://twitter.com/jwstarkey/status/656905760123826177", "display_url": "twitter.com/jwstarkey/stat\u2026"}]}, "quoted_status_id": 656905760123826177, "retweeted": false, "coordinates": null, "quoted_status": {"contributors": null, "truncated": false, "text": "After Biden exit, Delaware Gov. Jack Markell (@GovernorMarkell) endorses Hillary Clinton in interview. \"She is the strongest candidate.\"", "is_quote_status": false, "in_reply_to_status_id": null, "id": 656905760123826177, "favorite_count": 36, "source": "<a href=\"http://twitter.com\" rel=\"nofollow\">Twitter Web Client</a>", "retweeted": false, "coordinates": null, "entities": {"symbols": [], "user_mentions": [{"id": 48724141, "indices": [46, 62], "id_str": "48724141", "screen_name": "GovernorMarkell", "name": "Gov. Jack Markell"}], "hashtags": [], "urls": []}, "in_reply_to_screen_name": null, "in_reply_to_user_id": null, "retweet_count": 53, "id_str": "656905760123826177", "favorited": false, "user": {"follow_request_sent": null, "has_extended_profile": false, "profile_use_background_image": true, "default_profile_image": false, "id": 18275218, "profile_background_image_url_https": "https://pbs.twimg.com/profile_background_images/3667661/piney_neck_brown_marsh_092206.JPG", "verified": true, "profile_text_color": "92948F", "profile_image_url_https": "https://pbs.twimg.com/profile_images/559513644795699200/VpM5oQ59_normal.jpeg", "profile_sidebar_fill_color": "000000", "entities": {"url": {"urls": [{"url": "http://t.co/8LbZ8T2A4f", "indices": [0, 22], "expanded_url": "http://www.delawareonline.com", "display_url": "delawareonline.com"}]}, "description": {"urls": []}}, "followers_count": 3305, "profile_sidebar_border_color": "181A1E", "id_str": "18275218", "profile_background_color": "1A1B1F", "listed_count": 147, "is_translation_enabled": false, "utc_offset": -14400, "statuses_count": 5016, "description": "Covering Delaware government + politics at The News Journal, @delawareonline. Tips, complaints, suggestions: jstarkey@delawareonline.com", "friends_count": 2065, "location": "Dover, Del.", "profile_link_color": "A5813B", "profile_image_url": "http://pbs.twimg.com/profile_images/559513644795699200/VpM5oQ59_normal.jpeg", "following": null, "geo_enabled": true, "profile_banner_url": "https://pbs.twimg.com/profile_banners/18275218/1432223855", "profile_background_image_url": "http://pbs.twimg.com/profile_background_images/3667661/piney_neck_brown_marsh_092206.JPG", "screen_name": "jwstarkey", "lang": "en", "profile_background_tile": false, "favourites_count": 138, "name": "Jonathan Starkey", "notifications": null, "url": "http://t.co/8LbZ8T2A4f", "created_at": "Sat Dec 20 23:51:36 +0000 2008", "contributors_enabled": false, "time_zone": "Eastern Time (US & Canada)", "protected": false, "default_profile": false, "is_translator": false}, "geo": null, "in_reply_to_user_id_str": null, "lang": "en", "created_at": "Wed Oct 21 18:51:52 +0000 2015", "in_reply_to_status_id_str": null, "place": null, "metadata": {"iso_language_code": "en", "result_type": "recent"}}, "source": "<a href=\"http://twitter.com/download/iphone\" rel=\"nofollow\">Twitter for iPhone</a>", "in_reply_to_screen_name": null, "in_reply_to_user_id": null, "retweet_count": 16, "id_str": "656907835406610432", "favorited": false, "user": {"follow_request_sent": null, "has_extended_profile": false, "profile_use_background_image": true, "default_profile_image": false, "id": 3217694460, "profile_background_image_url_https": "https://abs.twimg.com/images/themes/theme1/bg.png", "verified": false, "profile_text_color": "333333", "profile_image_url_https": "https://pbs.twimg.com/profile_images/655398802262593537/aX4p4Tig_normal.jpg", "profile_sidebar_fill_color": "DDEEF6", "entities": {"url": {"urls": [{"url": "https://t.co/6yuYvCYmZ4", "indices": [0, 23], "expanded_url": "http://hillaryclinton.com", "display_url": "hillaryclinton.com"}]}, "description": {"urls": []}}, "followers_count": 1406, "profile_sidebar_border_color": "C0DEED", "id_str": "3217694460", "profile_background_color": "C0DEED", "listed_count": 112, "is_translation_enabled": false, "utc_offset": null, "statuses_count": 27796, "description": "#Hillary2016 #Volunteer #LGBTrights #BLM #UniteBlue #revolutionofLove MY TWEETS ARE MY OWN #notfeelingthebern #nogop #shutdownbenghazicommittee #gowdyforprison", "friends_count": 1044, "location": "Summerlin South, NV", "profile_link_color": "0084B4", "profile_image_url": "http://pbs.twimg.com/profile_images/655398802262593537/aX4p4Tig_normal.jpg", "following": null, "geo_enabled": true, "profile_banner_url": "https://pbs.twimg.com/profile_banners/3217694460/1445486341", "profile_background_image_url": "http://abs.twimg.com/images/themes/theme1/bg.png", "screen_name": "stylistkavin", "lang": "en", "profile_background_tile": false, "favourites_count": 30485, "name": "Kavin", "notifications": null, "url": "https://t.co/6yuYvCYmZ4", "created_at": "Sun May 17 22:44:49 +0000 2015", "contributors_enabled": false, "time_zone": null, "protected": false, "default_profile": true, "is_translator": false}, "geo": null, "in_reply_to_user_id_str": null, "possibly_sensitive": false, "lang": "en", "created_at": "Wed Oct 21 19:00:07 +0000 2015", "quoted_status_id_str": "656905760123826177", "in_reply_to_status_id_str": null, "place": {"full_name": "Nevada, USA", "url": "https://api.twitter.com/1.1/geo/id/d374fb61a20fb74f.json", "country": "United States", "place_type": "admin", "bounding_box": {"type": "Polygon", "coordinates": [[[-120.00574, 35.002086], [-114.039649, 35.002086], [-114.039649, 42.002208], [-120.00574, 42.002208]]]}, "contained_within": [], "country_code": "US", "attributes": {}, "id": "d374fb61a20fb74f", "name": "Nevada"}, "metadata": {"iso_language_code": "en", "result_type": "recent"}}, "user": {"follow_request_sent": null, "has_extended_profile": false, "profile_use_background_image": false, "default_profile_image": false, "id": 24845003, "profile_background_image_url_https": "https://abs.twimg.com/images/themes/theme1/bg.png", "verified": false, "profile_text_color": "000000", "profile_image_url_https": "https://pbs.twimg.com/profile_images/646531263407353856/vG8nbqO6_normal.jpg", "profile_sidebar_fill_color": "000000", "entities": {"description": {"urls": []}}, "followers_count": 347, "profile_sidebar_border_color": "000000", "id_str": "24845003", "profile_background_color": "000000", "listed_count": 27, "is_translation_enabled": false, "utc_offset": -25200, "statuses_count": 7302, "description": "#Democrat #Liberal #futurecongressman #believe #Dreamerbeliever #Progressive #activist #Obama #ClintonCastro2016  #Kamala16 #KateBrown #UniteBlue", "friends_count": 993, "location": "Los Angeles", "profile_link_color": "3B94D9", "profile_image_url": "http://pbs.twimg.com/profile_images/646531263407353856/vG8nbqO6_normal.jpg", "following": null, "geo_enabled": true, "profile_banner_url": "https://pbs.twimg.com/profile_banners/24845003/1445353169", "profile_background_image_url": "http://abs.twimg.com/images/themes/theme1/bg.png", "screen_name": "jboogie_pdx", "lang": "en", "profile_background_tile": false, "favourites_count": 1855, "name": "Morenazo", "notifications": null, "url": null, "created_at": "Tue Mar 17 05:26:21 +0000 2009", "contributors_enabled": false, "time_zone": "Pacific Time (US & Canada)", "protected": false, "default_profile": false, "is_translator": false}, "geo": null, "in_reply_to_user_id_str": null, "possibly_sensitive": false, "lang": "en", "created_at": "Wed Oct 21 19:02:15 +0000 2015", "in_reply_to_status_id_str": null, "place": null, "metadata": {"iso_language_code": "en", "result_type": "recent"}}