{"contributors": null, "truncated": false, "text": "@washingtonpost ~ Yeah, ofcourse, #HillaryClinton nt only #Liberal bt also a  precious #Pearl as next #President 4 #USA.", "is_quote_status": false, "in_reply_to_status_id": 656898569660715009, "id": 656901403332313088, "favorite_count": 0, "source": "<a href=\"http://twitter.com/download/android\" rel=\"nofollow\">Twitter for Android</a>", "retweeted": false, "coordinates": null, "entities": {"symbols": [], "user_mentions": [{"id": 2467791, "indices": [0, 15], "id_str": "2467791", "screen_name": "washingtonpost", "name": "Washington Post"}], "hashtags": [{"indices": [34, 49], "text": "HillaryClinton"}, {"indices": [58, 66], "text": "Liberal"}, {"indices": [87, 93], "text": "Pearl"}, {"indices": [102, 112], "text": "President"}, {"indices": [115, 119], "text": "USA"}], "urls": []}, "in_reply_to_screen_name": "washingtonpost", "in_reply_to_user_id": 2467791, "retweet_count": 0, "id_str": "656901403332313088", "favorited": false, "user": {"follow_request_sent": null, "has_extended_profile": false, "profile_use_background_image": true, "default_profile_image": false, "id": 143515459, "profile_background_image_url_https": "https://abs.twimg.com/images/themes/theme1/bg.png", "verified": false, "profile_text_color": "333333", "profile_image_url_https": "https://pbs.twimg.com/profile_images/651771135722307584/tsN8aIeq_normal.jpg", "profile_sidebar_fill_color": "DDEEF6", "entities": {"description": {"urls": []}}, "followers_count": 53, "profile_sidebar_border_color": "C0DEED", "id_str": "143515459", "profile_background_color": "C0DEED", "listed_count": 1, "is_translation_enabled": false, "utc_offset": -36000, "statuses_count": 1324, "description": "\u0906\u091c \u092e\u0948\u0902\u0928\u0947 \u0930\u092c \u0938\u0947 \u090f\u0915 \u0926\u0941\u0906 \u092e\u093e\u0902\u0917\u0940 \u0939\u0948, \u0924\u0947\u0930\u0947 \u092c\u093f\u091b\u0921\u093c\u0928\u0947 \u0938\u0947 \u092a\u0939\u0932\u0947 \u0905\u092a\u0928\u0940 \u092e\u094c\u0924 \u092e\u093e\u0902\u0917\u0940 \u0939\u0948\u0964 -\u0915\u092e\u094d\u092e\u0940 \u0920\u093e\u0915\u0941\u0930, \u092e\u0941\u0938\u093e\u092b\u093c\u093f\u0930.", "friends_count": 180, "location": "INDIA", "profile_link_color": "0084B4", "profile_image_url": "http://pbs.twimg.com/profile_images/651771135722307584/tsN8aIeq_normal.jpg", "following": null, "geo_enabled": false, "profile_banner_url": "https://pbs.twimg.com/profile_banners/143515459/1422707961", "profile_background_image_url": "http://abs.twimg.com/images/themes/theme1/bg.png", "screen_name": "MUSAFIRKT", "lang": "en", "profile_background_tile": false, "favourites_count": 150, "name": "KAMMI THAKUR MUSAFIR", "notifications": null, "url": null, "created_at": "Thu May 13 17:43:51 +0000 2010", "contributors_enabled": false, "time_zone": "Hawaii", "protected": false, "default_profile": true, "is_translator": false}, "geo": null, "in_reply_to_user_id_str": "2467791", "lang": "en", "created_at": "Wed Oct 21 18:34:33 +0000 2015", "in_reply_to_status_id_str": "656898569660715009", "place": null, "metadata": {"iso_language_code": "en", "result_type": "recent"}}