{"contributors": null, "truncated": false, "text": "BREAKING: New Evidence May Be Final Piece To Convict #HillaryClinton Of Perjury https://t.co/a1UCq2l4kS via @conserv_tribune", "is_quote_status": false, "in_reply_to_status_id": null, "id": 656905473975853056, "favorite_count": 0, "source": "<a href=\"http://twitter.com\" rel=\"nofollow\">Twitter Web Client</a>", "retweeted": false, "coordinates": null, "entities": {"symbols": [], "user_mentions": [{"id": 2217181338, "indices": [108, 124], "id_str": "2217181338", "screen_name": "conserv_tribune", "name": "Conservative Tribune"}], "hashtags": [{"indices": [53, 68], "text": "HillaryClinton"}], "urls": [{"url": "https://t.co/a1UCq2l4kS", "indices": [80, 103], "expanded_url": "http://conservativetribune.com/?p=110050", "display_url": "conservativetribune.com/?p=110050"}]}, "in_reply_to_screen_name": null, "in_reply_to_user_id": null, "retweet_count": 0, "id_str": "656905473975853056", "favorited": false, "user": {"follow_request_sent": null, "has_extended_profile": false, "profile_use_background_image": false, "default_profile_image": false, "id": 330508065, "profile_background_image_url_https": "https://abs.twimg.com/images/themes/theme9/bg.gif", "verified": false, "profile_text_color": "000000", "profile_image_url_https": "https://pbs.twimg.com/profile_images/655027053687762944/zSCSXyPj_normal.jpg", "profile_sidebar_fill_color": "000000", "entities": {"url": {"urls": [{"url": "http://t.co/SicHQCLIkl", "indices": [0, 22], "expanded_url": "http://wefollow.com/brownidlion", "display_url": "wefollow.com/brownidlion"}]}, "description": {"urls": []}}, "followers_count": 1483, "profile_sidebar_border_color": "000000", "id_str": "330508065", "profile_background_color": "000000", "listed_count": 28, "is_translation_enabled": false, "utc_offset": -14400, "statuses_count": 23716, "description": "#USMC 3rd Division #Decorated #CombatNamVet 66-69  #GodBlessAmerica #2A #Extortion17 #IStandwithIsrael #Trump2016 #Veterans4Trump", "friends_count": 1409, "location": "Florida, USA", "profile_link_color": "3B94D9", "profile_image_url": "http://pbs.twimg.com/profile_images/655027053687762944/zSCSXyPj_normal.jpg", "following": null, "geo_enabled": false, "profile_banner_url": "https://pbs.twimg.com/profile_banners/330508065/1437220020", "profile_background_image_url": "http://abs.twimg.com/images/themes/theme9/bg.gif", "screen_name": "Brownidlion", "lang": "en", "profile_background_tile": false, "favourites_count": 5146, "name": "BrownidLion", "notifications": null, "url": "http://t.co/SicHQCLIkl", "created_at": "Wed Jul 06 18:37:36 +0000 2011", "contributors_enabled": false, "time_zone": "Eastern Time (US & Canada)", "protected": false, "default_profile": false, "is_translator": false}, "geo": null, "in_reply_to_user_id_str": null, "possibly_sensitive": false, "lang": "en", "created_at": "Wed Oct 21 18:50:44 +0000 2015", "in_reply_to_status_id_str": null, "place": null, "metadata": {"iso_language_code": "en", "result_type": "recent"}}