{"contributors": null, "truncated": false, "text": "RT @Mystfyvvs: #Hillary2016 #America #HillaryClinton\n#ISIS #IslamicState #Syria #Iran #Libya\n#Iraq #Palestine #Hamas #Israel #media http://\u2026", "is_quote_status": false, "in_reply_to_status_id": null, "id": 656901883617898496, "favorite_count": 0, "source": "<a href=\"http://twitter.com\" rel=\"nofollow\">Twitter Web Client</a>", "retweeted": false, "coordinates": null, "entities": {"symbols": [], "user_mentions": [{"id": 3226592288, "indices": [3, 13], "id_str": "3226592288", "screen_name": "Mystfyvvs", "name": "Forever"}], "hashtags": [{"indices": [15, 27], "text": "Hillary2016"}, {"indices": [28, 36], "text": "America"}, {"indices": [37, 52], "text": "HillaryClinton"}, {"indices": [53, 58], "text": "ISIS"}, {"indices": [59, 72], "text": "IslamicState"}, {"indices": [73, 79], "text": "Syria"}, {"indices": [80, 85], "text": "Iran"}, {"indices": [86, 92], "text": "Libya"}, {"indices": [93, 98], "text": "Iraq"}, {"indices": [99, 109], "text": "Palestine"}, {"indices": [110, 116], "text": "Hamas"}, {"indices": [117, 124], "text": "Israel"}, {"indices": [125, 131], "text": "media"}], "urls": [], "media": [{"source_user_id": 3226592288, "source_status_id_str": "614829629682135040", "expanded_url": "http://twitter.com/Mystfyvvs/status/614829629682135040/photo/1", "display_url": "pic.twitter.com/aZ74zfnrVW", "url": "http://t.co/aZ74zfnrVW", "media_url_https": "https://pbs.twimg.com/media/CIhQSgSUEAAl7bi.jpg", "source_user_id_str": "3226592288", "source_status_id": 614829629682135040, "id_str": "614829627970686976", "sizes": {"large": {"h": 825, "resize": "fit", "w": 993}, "small": {"h": 282, "resize": "fit", "w": 340}, "medium": {"h": 497, "resize": "fit", "w": 600}, "thumb": {"h": 150, "resize": "crop", "w": 150}}, "indices": [139, 140], "type": "photo", "id": 614829627970686976, "media_url": "http://pbs.twimg.com/media/CIhQSgSUEAAl7bi.jpg"}]}, "in_reply_to_screen_name": null, "in_reply_to_user_id": null, "retweet_count": 3, "id_str": "656901883617898496", "favorited": false, "retweeted_status": {"contributors": null, "truncated": false, "text": "#Hillary2016 #America #HillaryClinton\n#ISIS #IslamicState #Syria #Iran #Libya\n#Iraq #Palestine #Hamas #Israel #media http://t.co/aZ74zfnrVW", "is_quote_status": false, "in_reply_to_status_id": null, "id": 614829629682135040, "favorite_count": 0, "source": "<a href=\"http://twitter.com\" rel=\"nofollow\">Twitter Web Client</a>", "retweeted": false, "coordinates": null, "entities": {"symbols": [], "user_mentions": [], "hashtags": [{"indices": [0, 12], "text": "Hillary2016"}, {"indices": [13, 21], "text": "America"}, {"indices": [22, 37], "text": "HillaryClinton"}, {"indices": [38, 43], "text": "ISIS"}, {"indices": [44, 57], "text": "IslamicState"}, {"indices": [58, 64], "text": "Syria"}, {"indices": [65, 70], "text": "Iran"}, {"indices": [71, 77], "text": "Libya"}, {"indices": [78, 83], "text": "Iraq"}, {"indices": [84, 94], "text": "Palestine"}, {"indices": [95, 101], "text": "Hamas"}, {"indices": [102, 109], "text": "Israel"}, {"indices": [110, 116], "text": "media"}], "urls": [], "media": [{"expanded_url": "http://twitter.com/Mystfyvvs/status/614829629682135040/photo/1", "display_url": "pic.twitter.com/aZ74zfnrVW", "url": "http://t.co/aZ74zfnrVW", "media_url_https": "https://pbs.twimg.com/media/CIhQSgSUEAAl7bi.jpg", "id_str": "614829627970686976", "sizes": {"large": {"h": 825, "resize": "fit", "w": 993}, "small": {"h": 282, "resize": "fit", "w": 340}, "medium": {"h": 497, "resize": "fit", "w": 600}, "thumb": {"h": 150, "resize": "crop", "w": 150}}, "indices": [117, 139], "type": "photo", "id": 614829627970686976, "media_url": "http://pbs.twimg.com/media/CIhQSgSUEAAl7bi.jpg"}]}, "in_reply_to_screen_name": null, "in_reply_to_user_id": null, "retweet_count": 3, "id_str": "614829629682135040", "favorited": false, "user": {"follow_request_sent": null, "has_extended_profile": false, "profile_use_background_image": false, "default_profile_image": false, "id": 3226592288, "profile_background_image_url_https": "https://abs.twimg.com/images/themes/theme1/bg.png", "verified": false, "profile_text_color": "000000", "profile_image_url_https": "https://pbs.twimg.com/profile_images/644420131079106560/jFg_MFzw_normal.jpg", "profile_sidebar_fill_color": "000000", "entities": {"url": {"urls": [{"url": "http://t.co/DNP8XIyq2m", "indices": [0, 22], "expanded_url": "http://bit.ly/USvU2", "display_url": "bit.ly/USvU2"}]}, "description": {"urls": []}}, "followers_count": 2, "profile_sidebar_border_color": "000000", "id_str": "3226592288", "profile_background_color": "000000", "listed_count": 16, "is_translation_enabled": false, "utc_offset": null, "statuses_count": 30, "description": "Forever is a billion years.", "friends_count": 0, "location": "Seattle", "profile_link_color": "3B94D9", "profile_image_url": "http://pbs.twimg.com/profile_images/644420131079106560/jFg_MFzw_normal.jpg", "following": null, "geo_enabled": false, "profile_banner_url": "https://pbs.twimg.com/profile_banners/3226592288/1445463166", "profile_background_image_url": "http://abs.twimg.com/images/themes/theme1/bg.png", "screen_name": "Mystfyvvs", "lang": "en", "profile_background_tile": false, "favourites_count": 0, "name": "Forever", "notifications": null, "url": "http://t.co/DNP8XIyq2m", "created_at": "Mon May 25 22:18:26 +0000 2015", "contributors_enabled": false, "time_zone": null, "protected": false, "default_profile": false, "is_translator": false}, "geo": null, "in_reply_to_user_id_str": null, "possibly_sensitive": false, "lang": "und", "created_at": "Sat Jun 27 16:16:21 +0000 2015", "in_reply_to_status_id_str": null, "place": null, "metadata": {"iso_language_code": "und", "result_type": "recent"}}, "user": {"follow_request_sent": null, "has_extended_profile": false, "profile_use_background_image": false, "default_profile_image": false, "id": 2409612464, "profile_background_image_url_https": "https://abs.twimg.com/images/themes/theme1/bg.png", "verified": false, "profile_text_color": "000000", "profile_image_url_https": "https://pbs.twimg.com/profile_images/656406550496448512/S3IQK_lP_normal.png", "profile_sidebar_fill_color": "000000", "entities": {"url": {"urls": [{"url": "https://t.co/DNP8XIQ0TU", "indices": [0, 23], "expanded_url": "http://bit.ly/USvU2", "display_url": "bit.ly/USvU2"}]}, "description": {"urls": []}}, "followers_count": 18, "profile_sidebar_border_color": "000000", "id_str": "2409612464", "profile_background_color": "000000", "listed_count": 76, "is_translation_enabled": false, "utc_offset": -25200, "statuses_count": 87, "description": "The President of the Universe.", "friends_count": 0, "location": "USA\u2728*", "profile_link_color": "3300CC", "profile_image_url": "http://pbs.twimg.com/profile_images/656406550496448512/S3IQK_lP_normal.png", "following": null, "geo_enabled": false, "profile_banner_url": "https://pbs.twimg.com/profile_banners/2409612464/1445334585", "profile_background_image_url": "http://abs.twimg.com/images/themes/theme1/bg.png", "screen_name": "vahidavid", "lang": "en", "profile_background_tile": false, "favourites_count": 1, "name": "Vahid", "notifications": null, "url": "https://t.co/DNP8XIQ0TU", "created_at": "Mon Mar 24 22:02:57 +0000 2014", "contributors_enabled": false, "time_zone": "Tijuana", "protected": false, "default_profile": false, "is_translator": false}, "geo": null, "in_reply_to_user_id_str": null, "possibly_sensitive": false, "lang": "und", "created_at": "Wed Oct 21 18:36:28 +0000 2015", "in_reply_to_status_id_str": null, "place": null, "metadata": {"iso_language_code": "und", "result_type": "recent"}}