{"contributors": null, "truncated": false, "text": "@GOPAC @marcorubio @RealBenCarson A Leader unites &amp; inspires trust. #HillaryClinton evokes skepticism, despair &amp; mistrust.#StopHillary", "is_quote_status": false, "in_reply_to_status_id": null, "id": 656904444051722240, "favorite_count": 0, "source": "<a href=\"http://twitter.com/download/android\" rel=\"nofollow\">Twitter for Android</a>", "retweeted": false, "coordinates": null, "entities": {"symbols": [], "user_mentions": [{"id": 19302840, "indices": [0, 6], "id_str": "19302840", "screen_name": "GOPAC", "name": "GOPAC"}, {"id": 15745368, "indices": [7, 18], "id_str": "15745368", "screen_name": "marcorubio", "name": "Marco Rubio"}, {"id": 1180379185, "indices": [19, 33], "id_str": "1180379185", "screen_name": "RealBenCarson", "name": "Dr. Ben Carson"}], "hashtags": [{"indices": [72, 87], "text": "HillaryClinton"}, {"indices": [130, 142], "text": "StopHillary"}], "urls": []}, "in_reply_to_screen_name": "GOPAC", "in_reply_to_user_id": 19302840, "retweet_count": 0, "id_str": "656904444051722240", "favorited": false, "user": {"follow_request_sent": null, "has_extended_profile": false, "profile_use_background_image": true, "default_profile_image": false, "id": 574680230, "profile_background_image_url_https": "https://abs.twimg.com/images/themes/theme1/bg.png", "verified": false, "profile_text_color": "333333", "profile_image_url_https": "https://pbs.twimg.com/profile_images/2202268232/David4_normal.jpg", "profile_sidebar_fill_color": "DDEEF6", "entities": {"description": {"urls": []}}, "followers_count": 82, "profile_sidebar_border_color": "C0DEED", "id_str": "574680230", "profile_background_color": "C0DEED", "listed_count": 3, "is_translation_enabled": false, "utc_offset": null, "statuses_count": 1128, "description": "Constitutional Conservative who loves our military, liberty, MMA, Harleys, ballroom dancing and the Green Bay Packers.", "friends_count": 456, "location": "San Diego California", "profile_link_color": "0084B4", "profile_image_url": "http://pbs.twimg.com/profile_images/2202268232/David4_normal.jpg", "following": null, "geo_enabled": true, "profile_banner_url": "https://pbs.twimg.com/profile_banners/574680230/1414278960", "profile_background_image_url": "http://abs.twimg.com/images/themes/theme1/bg.png", "screen_name": "DavidVasquez619", "lang": "en", "profile_background_tile": false, "favourites_count": 37, "name": "David Vasquez", "notifications": null, "url": null, "created_at": "Tue May 08 18:18:02 +0000 2012", "contributors_enabled": false, "time_zone": null, "protected": false, "default_profile": true, "is_translator": false}, "geo": null, "in_reply_to_user_id_str": "19302840", "lang": "en", "created_at": "Wed Oct 21 18:46:38 +0000 2015", "in_reply_to_status_id_str": null, "place": null, "metadata": {"iso_language_code": "en", "result_type": "recent"}}