{"contributors": null, "truncated": false, "text": "#Hillary2016 \nhttps://t.co/A5K1Do3VxZ", "is_quote_status": false, "in_reply_to_status_id": null, "id": 656900814993256448, "favorite_count": 0, "source": "<a href=\"http://twitter.com/download/android\" rel=\"nofollow\">Twitter for Android</a>", "retweeted": false, "coordinates": null, "entities": {"symbols": [], "user_mentions": [], "hashtags": [{"indices": [0, 12], "text": "Hillary2016"}], "urls": [{"url": "https://t.co/A5K1Do3VxZ", "indices": [14, 37], "expanded_url": "https://youtu.be/orYcAiFqknU", "display_url": "youtu.be/orYcAiFqknU"}]}, "in_reply_to_screen_name": null, "in_reply_to_user_id": null, "retweet_count": 0, "id_str": "656900814993256448", "favorited": false, "user": {"follow_request_sent": null, "has_extended_profile": false, "profile_use_background_image": false, "default_profile_image": false, "id": 284597383, "profile_background_image_url_https": "https://abs.twimg.com/images/themes/theme1/bg.png", "verified": false, "profile_text_color": "000000", "profile_image_url_https": "https://pbs.twimg.com/profile_images/629010228974100480/LymYVGH2_normal.jpg", "profile_sidebar_fill_color": "000000", "entities": {"description": {"urls": []}}, "followers_count": 1319, "profile_sidebar_border_color": "000000", "id_str": "284597383", "profile_background_color": "000000", "listed_count": 52, "is_translation_enabled": false, "utc_offset": -25200, "statuses_count": 21764, "description": "Proud Mother of 2,Proud Conservative, I don't know it all and either do you. I believe in God, family, country & the Constitution #ProIsrael #prolife #DefundPP", "friends_count": 1993, "location": "Florida", "profile_link_color": "3B94D9", "profile_image_url": "http://pbs.twimg.com/profile_images/629010228974100480/LymYVGH2_normal.jpg", "following": null, "geo_enabled": false, "profile_banner_url": "https://pbs.twimg.com/profile_banners/284597383/1438802811", "profile_background_image_url": "http://abs.twimg.com/images/themes/theme1/bg.png", "screen_name": "yunsun1967", "lang": "en", "profile_background_tile": false, "favourites_count": 3709, "name": "sunnygro", "notifications": null, "url": null, "created_at": "Tue Apr 19 15:48:56 +0000 2011", "contributors_enabled": false, "time_zone": "Pacific Time (US & Canada)", "protected": false, "default_profile": false, "is_translator": false}, "geo": null, "in_reply_to_user_id_str": null, "possibly_sensitive": false, "lang": "und", "created_at": "Wed Oct 21 18:32:13 +0000 2015", "in_reply_to_status_id_str": null, "place": null, "metadata": {"iso_language_code": "und", "result_type": "recent"}}