{"contributors": null, "truncated": false, "text": "With Biden out, Hillary Clinton strengthens grip on Democratic race https://t.co/AlFRG7iG4e #Hillary2016", "is_quote_status": false, "in_reply_to_status_id": null, "id": 656913574808432640, "favorite_count": 3, "source": "<a href=\"http://www.hootsuite.com\" rel=\"nofollow\">Hootsuite</a>", "retweeted": false, "coordinates": null, "entities": {"symbols": [], "user_mentions": [], "hashtags": [{"indices": [92, 104], "text": "Hillary2016"}], "urls": [{"url": "https://t.co/AlFRG7iG4e", "indices": [68, 91], "expanded_url": "http://ow.ly/TGMeQ", "display_url": "ow.ly/TGMeQ"}]}, "in_reply_to_screen_name": null, "in_reply_to_user_id": null, "retweet_count": 0, "id_str": "656913574808432640", "favorited": false, "user": {"follow_request_sent": null, "has_extended_profile": false, "profile_use_background_image": true, "default_profile_image": false, "id": 285097277, "profile_background_image_url_https": "https://pbs.twimg.com/profile_background_images/530272081171079169/_YN4WgFk.jpeg", "verified": false, "profile_text_color": "333333", "profile_image_url_https": "https://pbs.twimg.com/profile_images/640080321552105472/X8vfgDYy_normal.jpg", "profile_sidebar_fill_color": "DDEEF6", "entities": {"url": {"urls": [{"url": "http://t.co/MK2PgpqoQ8", "indices": [0, 22], "expanded_url": "http://hillaryin2016.blogspot.com", "display_url": "hillaryin2016.blogspot.com"}]}, "description": {"urls": [{"url": "https://t.co/atRl3QCWXD", "indices": [96, 119], "expanded_url": "https://instagram.com/hillaryin2016/", "display_url": "instagram.com/hillaryin2016/"}]}}, "followers_count": 2354, "profile_sidebar_border_color": "FFFFFF", "id_str": "285097277", "profile_background_color": "BDBDBD", "listed_count": 62, "is_translation_enabled": false, "utc_offset": -25200, "statuses_count": 14526, "description": "Hillary is Running for President! / #HillaryForAmerica / Follow Me @TheJeffDodge & on Instagram https://t.co/atRl3QCWXD / Not Affiliated w/ Hillary", "friends_count": 1053, "location": "USA", "profile_link_color": "0099B9", "profile_image_url": "http://pbs.twimg.com/profile_images/640080321552105472/X8vfgDYy_normal.jpg", "following": null, "geo_enabled": true, "profile_banner_url": "https://pbs.twimg.com/profile_banners/285097277/1441442058", "profile_background_image_url": "http://pbs.twimg.com/profile_background_images/530272081171079169/_YN4WgFk.jpeg", "screen_name": "HillaryIn2016", "lang": "en", "profile_background_tile": true, "favourites_count": 145, "name": "Hillary Clinton 2016", "notifications": null, "url": "http://t.co/MK2PgpqoQ8", "created_at": "Wed Apr 20 14:35:22 +0000 2011", "contributors_enabled": false, "time_zone": "Pacific Time (US & Canada)", "protected": false, "default_profile": false, "is_translator": false}, "geo": null, "in_reply_to_user_id_str": null, "possibly_sensitive": false, "lang": "en", "created_at": "Wed Oct 21 19:22:55 +0000 2015", "in_reply_to_status_id_str": null, "place": null, "metadata": {"iso_language_code": "en", "result_type": "recent"}}