{"contributors": null, "truncated": false, "text": "I don't think #JoeBiden has been targeted by Repubs the way #HillaryClinton has been. They treat her like a traitor &amp; enemy. Wrong!", "is_quote_status": false, "in_reply_to_status_id": null, "id": 656902958345416705, "favorite_count": 0, "source": "<a href=\"http://twitter.com\" rel=\"nofollow\">Twitter Web Client</a>", "retweeted": false, "coordinates": null, "entities": {"symbols": [], "user_mentions": [], "hashtags": [{"indices": [14, 23], "text": "JoeBiden"}, {"indices": [60, 75], "text": "HillaryClinton"}], "urls": []}, "in_reply_to_screen_name": null, "in_reply_to_user_id": null, "retweet_count": 0, "id_str": "656902958345416705", "favorited": false, "user": {"follow_request_sent": null, "has_extended_profile": true, "profile_use_background_image": true, "default_profile_image": false, "id": 21367525, "profile_background_image_url_https": "https://pbs.twimg.com/profile_background_images/42542776/28312", "verified": false, "profile_text_color": "151745", "profile_image_url_https": "https://pbs.twimg.com/profile_images/652317303539761152/ejbqrVRy_normal.jpg", "profile_sidebar_fill_color": "5AB55C", "entities": {"description": {"urls": []}}, "followers_count": 3730, "profile_sidebar_border_color": "711080", "id_str": "21367525", "profile_background_color": "0F4569", "listed_count": 86, "is_translation_enabled": false, "utc_offset": -25200, "statuses_count": 8029, "description": "Passionate about animal rights, the environment, progressive politics. Love my husband, my furred kids, home, ocean views & writing. Graced by serendipity daily", "friends_count": 3340, "location": "By the sea USA", "profile_link_color": "3B94D9", "profile_image_url": "http://pbs.twimg.com/profile_images/652317303539761152/ejbqrVRy_normal.jpg", "following": null, "geo_enabled": false, "profile_banner_url": "https://pbs.twimg.com/profile_banners/21367525/1399678290", "profile_background_image_url": "http://pbs.twimg.com/profile_background_images/42542776/28312", "screen_name": "furyu_me", "lang": "en", "profile_background_tile": true, "favourites_count": 501, "name": "~Furyu", "notifications": null, "url": null, "created_at": "Fri Feb 20 02:50:55 +0000 2009", "contributors_enabled": false, "time_zone": "Pacific Time (US & Canada)", "protected": false, "default_profile": false, "is_translator": false}, "geo": null, "in_reply_to_user_id_str": null, "lang": "en", "created_at": "Wed Oct 21 18:40:44 +0000 2015", "in_reply_to_status_id_str": null, "place": null, "metadata": {"iso_language_code": "en", "result_type": "recent"}}