{"contributors": null, "truncated": false, "text": "Y que se nos baja #JoeBiden de la carrera. Suena a #MadamePresident. #election2016 #HillaryClinton #presidentialrace2016", "is_quote_status": false, "in_reply_to_status_id": null, "id": 656902855526191104, "favorite_count": 0, "source": "<a href=\"http://twitter.com\" rel=\"nofollow\">Twitter Web Client</a>", "retweeted": false, "coordinates": null, "entities": {"symbols": [], "user_mentions": [], "hashtags": [{"indices": [18, 27], "text": "JoeBiden"}, {"indices": [51, 67], "text": "MadamePresident"}, {"indices": [69, 82], "text": "election2016"}, {"indices": [83, 98], "text": "HillaryClinton"}, {"indices": [99, 120], "text": "presidentialrace2016"}], "urls": []}, "in_reply_to_screen_name": null, "in_reply_to_user_id": null, "retweet_count": 0, "id_str": "656902855526191104", "favorited": false, "user": {"follow_request_sent": null, "has_extended_profile": false, "profile_use_background_image": true, "default_profile_image": false, "id": 44391609, "profile_background_image_url_https": "https://pbs.twimg.com/profile_background_images/352838705/fondo_postits.jpg", "verified": false, "profile_text_color": "333333", "profile_image_url_https": "https://pbs.twimg.com/profile_images/477161467893252096/FqYsW1O-_normal.jpeg", "profile_sidebar_fill_color": "F6FFD1", "entities": {"description": {"urls": []}}, "followers_count": 593, "profile_sidebar_border_color": "FFF8AD", "id_str": "44391609", "profile_background_color": "FFF04D", "listed_count": 17, "is_translation_enabled": false, "utc_offset": -18000, "statuses_count": 10174, "description": "Aqu\u00ed nom\u00e1s... Tratando de ponerle el cascabel al gato...", "friends_count": 1122, "location": "", "profile_link_color": "0099CC", "profile_image_url": "http://pbs.twimg.com/profile_images/477161467893252096/FqYsW1O-_normal.jpeg", "following": null, "geo_enabled": true, "profile_banner_url": "https://pbs.twimg.com/profile_banners/44391609/1363286332", "profile_background_image_url": "http://pbs.twimg.com/profile_background_images/352838705/fondo_postits.jpg", "screen_name": "abi_mt", "lang": "en", "profile_background_tile": true, "favourites_count": 249, "name": "Abi", "notifications": null, "url": null, "created_at": "Wed Jun 03 16:17:43 +0000 2009", "contributors_enabled": false, "time_zone": "Central Time (US & Canada)", "protected": false, "default_profile": false, "is_translator": false}, "geo": null, "in_reply_to_user_id_str": null, "lang": "es", "created_at": "Wed Oct 21 18:40:20 +0000 2015", "in_reply_to_status_id_str": null, "place": null, "metadata": {"iso_language_code": "es", "result_type": "recent"}}