{"contributors": null, "truncated": false, "text": "RT @WakeUp2News: .@realDonaldTrump we want you to win so #Hillary2016 can mount that hair in the Oval Office.ALL DEMS&amp; Capt.Obvious https:/\u2026", "is_quote_status": false, "in_reply_to_status_id": null, "id": 656909115931799552, "favorite_count": 0, "source": "<a href=\"http://twitter.com\" rel=\"nofollow\">Twitter Web Client</a>", "retweeted": false, "coordinates": null, "entities": {"symbols": [], "user_mentions": [{"id": 2352154039, "indices": [3, 15], "id_str": "2352154039", "screen_name": "WakeUp2News", "name": "WakeUp2Injustice"}, {"id": 25073877, "indices": [18, 34], "id_str": "25073877", "screen_name": "realDonaldTrump", "name": "Donald J. Trump"}], "hashtags": [{"indices": [57, 69], "text": "Hillary2016"}], "urls": [], "media": [{"source_user_id": 2352154039, "source_status_id_str": "656908170607075330", "expanded_url": "http://twitter.com/WakeUp2News/status/656908170607075330/photo/1", "display_url": "pic.twitter.com/gtdO2j9Jfz", "url": "https://t.co/gtdO2j9Jfz", "media_url_https": "https://pbs.twimg.com/media/CR3OfvrWEAA0b72.jpg", "source_user_id_str": "2352154039", "source_status_id": 656908170607075330, "id_str": "656908165435494400", "sizes": {"large": {"h": 684, "resize": "fit", "w": 750}, "small": {"h": 310, "resize": "fit", "w": 340}, "medium": {"h": 547, "resize": "fit", "w": 600}, "thumb": {"h": 150, "resize": "crop", "w": 150}}, "indices": [143, 144], "type": "photo", "id": 656908165435494400, "media_url": "http://pbs.twimg.com/media/CR3OfvrWEAA0b72.jpg"}]}, "in_reply_to_screen_name": null, "in_reply_to_user_id": null, "retweet_count": 1, "id_str": "656909115931799552", "favorited": false, "retweeted_status": {"contributors": null, "truncated": false, "text": ".@realDonaldTrump we want you to win so #Hillary2016 can mount that hair in the Oval Office.ALL DEMS&amp; Capt.Obvious https://t.co/gtdO2j9Jfz", "is_quote_status": false, "in_reply_to_status_id": 656883793354182657, "id": 656908170607075330, "favorite_count": 1, "source": "<a href=\"http://twitter.com/download/iphone\" rel=\"nofollow\">Twitter for iPhone</a>", "retweeted": false, "coordinates": null, "entities": {"symbols": [], "user_mentions": [{"id": 25073877, "indices": [1, 17], "id_str": "25073877", "screen_name": "realDonaldTrump", "name": "Donald J. Trump"}], "hashtags": [{"indices": [40, 52], "text": "Hillary2016"}], "urls": [], "media": [{"expanded_url": "http://twitter.com/WakeUp2News/status/656908170607075330/photo/1", "display_url": "pic.twitter.com/gtdO2j9Jfz", "url": "https://t.co/gtdO2j9Jfz", "media_url_https": "https://pbs.twimg.com/media/CR3OfvrWEAA0b72.jpg", "id_str": "656908165435494400", "sizes": {"large": {"h": 684, "resize": "fit", "w": 750}, "small": {"h": 310, "resize": "fit", "w": 340}, "medium": {"h": 547, "resize": "fit", "w": 600}, "thumb": {"h": 150, "resize": "crop", "w": 150}}, "indices": [119, 142], "type": "photo", "id": 656908165435494400, "media_url": "http://pbs.twimg.com/media/CR3OfvrWEAA0b72.jpg"}]}, "in_reply_to_screen_name": "realDonaldTrump", "in_reply_to_user_id": 25073877, "retweet_count": 1, "id_str": "656908170607075330", "favorited": false, "user": {"follow_request_sent": null, "has_extended_profile": false, "profile_use_background_image": true, "default_profile_image": false, "id": 2352154039, "profile_background_image_url_https": "https://abs.twimg.com/images/themes/theme1/bg.png", "verified": false, "profile_text_color": "333333", "profile_image_url_https": "https://pbs.twimg.com/profile_images/653999119011323904/5AZuczgk_normal.jpg", "profile_sidebar_fill_color": "DDEEF6", "entities": {"description": {"urls": []}}, "followers_count": 451, "profile_sidebar_border_color": "C0DEED", "id_str": "2352154039", "profile_background_color": "C0DEED", "listed_count": 41, "is_translation_enabled": false, "utc_offset": -14400, "statuses_count": 4463, "description": "Against Corrupt Governments and oppression, cruelty to humans and animals. Human and Animal Rights! #OpSeaWorld", "friends_count": 394, "location": "", "profile_link_color": "0084B4", "profile_image_url": "http://pbs.twimg.com/profile_images/653999119011323904/5AZuczgk_normal.jpg", "following": null, "geo_enabled": true, "profile_banner_url": "https://pbs.twimg.com/profile_banners/2352154039/1444661351", "profile_background_image_url": "http://abs.twimg.com/images/themes/theme1/bg.png", "screen_name": "WakeUp2News", "lang": "en", "profile_background_tile": false, "favourites_count": 6727, "name": "WakeUp2Injustice", "notifications": null, "url": null, "created_at": "Wed Feb 19 19:24:05 +0000 2014", "contributors_enabled": false, "time_zone": "Eastern Time (US & Canada)", "protected": false, "default_profile": true, "is_translator": false}, "geo": null, "in_reply_to_user_id_str": "25073877", "possibly_sensitive": false, "lang": "en", "created_at": "Wed Oct 21 19:01:27 +0000 2015", "in_reply_to_status_id_str": "656883793354182657", "place": null, "metadata": {"iso_language_code": "en", "result_type": "recent"}}, "user": {"follow_request_sent": null, "has_extended_profile": false, "profile_use_background_image": false, "default_profile_image": false, "id": 3111889034, "profile_background_image_url_https": "https://abs.twimg.com/images/themes/theme1/bg.png", "verified": false, "profile_text_color": "000000", "profile_image_url_https": "https://pbs.twimg.com/profile_images/610269156450045952/14mtaULf_normal.jpg", "profile_sidebar_fill_color": "000000", "entities": {"description": {"urls": []}}, "followers_count": 1391, "profile_sidebar_border_color": "000000", "id_str": "3111889034", "profile_background_color": "000000", "listed_count": 30, "is_translation_enabled": false, "utc_offset": null, "statuses_count": 6739, "description": "U Want me 2 FOLLOW U?\nThen FOLLOW Me! Thks! #TheHRCSuperVols for #Hillary2016", "friends_count": 1962, "location": "United States", "profile_link_color": "3B94D9", "profile_image_url": "http://pbs.twimg.com/profile_images/610269156450045952/14mtaULf_normal.jpg", "following": null, "geo_enabled": false, "profile_banner_url": "https://pbs.twimg.com/profile_banners/3111889034/1434334597", "profile_background_image_url": "http://abs.twimg.com/images/themes/theme1/bg.png", "screen_name": "FreddyRoo2", "lang": "en", "profile_background_tile": false, "favourites_count": 16646, "name": "FreddyRoo", "notifications": null, "url": null, "created_at": "Sat Mar 28 01:13:14 +0000 2015", "contributors_enabled": false, "time_zone": null, "protected": false, "default_profile": false, "is_translator": false}, "geo": null, "in_reply_to_user_id_str": null, "possibly_sensitive": false, "lang": "en", "created_at": "Wed Oct 21 19:05:12 +0000 2015", "in_reply_to_status_id_str": null, "place": null, "metadata": {"iso_language_code": "en", "result_type": "recent"}}