{"contributors": null, "truncated": false, "text": "RT @JC7109: Coming to a prison near you...\n#wakeupAmerica #tcot #uniteblue #BlueLivesMatter #tgdn #hillary2016 https://t.co/DR6qSRs1f0", "is_quote_status": false, "in_reply_to_status_id": null, "id": 656902679738736640, "favorite_count": 0, "source": "<a href=\"http://twitter.com/download/iphone\" rel=\"nofollow\">Twitter for iPhone</a>", "retweeted": false, "coordinates": null, "entities": {"symbols": [], "user_mentions": [{"id": 116545753, "indices": [3, 10], "id_str": "116545753", "screen_name": "JC7109", "name": "J."}], "hashtags": [{"indices": [43, 57], "text": "wakeupAmerica"}, {"indices": [58, 63], "text": "tcot"}, {"indices": [64, 74], "text": "uniteblue"}, {"indices": [75, 91], "text": "BlueLivesMatter"}, {"indices": [92, 97], "text": "tgdn"}, {"indices": [98, 110], "text": "hillary2016"}], "urls": [], "media": [{"source_user_id": 116545753, "source_status_id_str": "656888829664755712", "expanded_url": "http://twitter.com/JC7109/status/656888829664755712/photo/1", "display_url": "pic.twitter.com/DR6qSRs1f0", "url": "https://t.co/DR6qSRs1f0", "media_url_https": "https://pbs.twimg.com/media/CR28vEXUkAAYott.jpg", "source_user_id_str": "116545753", "source_status_id": 656888829664755712, "id_str": "656888637477392384", "sizes": {"large": {"h": 450, "resize": "fit", "w": 600}, "small": {"h": 255, "resize": "fit", "w": 340}, "medium": {"h": 450, "resize": "fit", "w": 600}, "thumb": {"h": 150, "resize": "crop", "w": 150}}, "indices": [111, 134], "type": "photo", "id": 656888637477392384, "media_url": "http://pbs.twimg.com/media/CR28vEXUkAAYott.jpg"}]}, "in_reply_to_screen_name": null, "in_reply_to_user_id": null, "retweet_count": 5, "id_str": "656902679738736640", "favorited": false, "retweeted_status": {"contributors": null, "truncated": false, "text": "Coming to a prison near you...\n#wakeupAmerica #tcot #uniteblue #BlueLivesMatter #tgdn #hillary2016 https://t.co/DR6qSRs1f0", "is_quote_status": false, "in_reply_to_status_id": null, "id": 656888829664755712, "favorite_count": 4, "source": "<a href=\"https://about.twitter.com/products/tweetdeck\" rel=\"nofollow\">TweetDeck</a>", "retweeted": false, "coordinates": null, "entities": {"symbols": [], "user_mentions": [], "hashtags": [{"indices": [31, 45], "text": "wakeupAmerica"}, {"indices": [46, 51], "text": "tcot"}, {"indices": [52, 62], "text": "uniteblue"}, {"indices": [63, 79], "text": "BlueLivesMatter"}, {"indices": [80, 85], "text": "tgdn"}, {"indices": [86, 98], "text": "hillary2016"}], "urls": [], "media": [{"expanded_url": "http://twitter.com/JC7109/status/656888829664755712/photo/1", "display_url": "pic.twitter.com/DR6qSRs1f0", "url": "https://t.co/DR6qSRs1f0", "media_url_https": "https://pbs.twimg.com/media/CR28vEXUkAAYott.jpg", "id_str": "656888637477392384", "sizes": {"large": {"h": 450, "resize": "fit", "w": 600}, "small": {"h": 255, "resize": "fit", "w": 340}, "medium": {"h": 450, "resize": "fit", "w": 600}, "thumb": {"h": 150, "resize": "crop", "w": 150}}, "indices": [99, 122], "type": "photo", "id": 656888637477392384, "media_url": "http://pbs.twimg.com/media/CR28vEXUkAAYott.jpg"}]}, "in_reply_to_screen_name": null, "in_reply_to_user_id": null, "retweet_count": 5, "id_str": "656888829664755712", "favorited": false, "user": {"follow_request_sent": null, "has_extended_profile": false, "profile_use_background_image": true, "default_profile_image": false, "id": 116545753, "profile_background_image_url_https": "https://abs.twimg.com/images/themes/theme16/bg.gif", "verified": false, "profile_text_color": "333333", "profile_image_url_https": "https://pbs.twimg.com/profile_images/649249698931449856/6Lpy61ie_normal.jpg", "profile_sidebar_fill_color": "DDFFCC", "entities": {"description": {"urls": []}}, "followers_count": 10577, "profile_sidebar_border_color": "BDDCAD", "id_str": "116545753", "profile_background_color": "9AE4E8", "listed_count": 132, "is_translation_enabled": false, "utc_offset": -14400, "statuses_count": 1822, "description": "An Unenrolled Conservative who knows that the country is heading for destruction under Leftist leadership & the gullible fools who enable them", "friends_count": 10379, "location": "", "profile_link_color": "0084B4", "profile_image_url": "http://pbs.twimg.com/profile_images/649249698931449856/6Lpy61ie_normal.jpg", "following": null, "geo_enabled": false, "profile_banner_url": "https://pbs.twimg.com/profile_banners/116545753/1429579470", "profile_background_image_url": "http://abs.twimg.com/images/themes/theme16/bg.gif", "screen_name": "JC7109", "lang": "en", "profile_background_tile": false, "favourites_count": 13849, "name": "J.", "notifications": null, "url": null, "created_at": "Mon Feb 22 21:20:31 +0000 2010", "contributors_enabled": false, "time_zone": "Eastern Time (US & Canada)", "protected": false, "default_profile": false, "is_translator": false}, "geo": null, "in_reply_to_user_id_str": null, "possibly_sensitive": false, "lang": "en", "created_at": "Wed Oct 21 17:44:36 +0000 2015", "in_reply_to_status_id_str": null, "place": null, "metadata": {"iso_language_code": "en", "result_type": "recent"}}, "user": {"follow_request_sent": null, "has_extended_profile": false, "profile_use_background_image": true, "default_profile_image": false, "id": 961957580, "profile_background_image_url_https": "https://abs.twimg.com/images/themes/theme9/bg.gif", "verified": false, "profile_text_color": "666666", "profile_image_url_https": "https://pbs.twimg.com/profile_images/647963623755681792/odtKbNxh_normal.jpg", "profile_sidebar_fill_color": "252429", "entities": {"url": {"urls": [{"url": "https://t.co/sLQY3SUjKq", "indices": [0, 23], "expanded_url": "https://www.youtube.com/tacticaltony702", "display_url": "youtube.com/tacticaltony702"}]}, "description": {"urls": []}}, "followers_count": 336, "profile_sidebar_border_color": "181A1E", "id_str": "961957580", "profile_background_color": "1A1B1F", "listed_count": 14, "is_translation_enabled": false, "utc_offset": null, "statuses_count": 9172, "description": "U.S constitution the law of the land period .battle born #2a , family , #god and country . founding fathers would be shooting by now . the #pope is a communist", "friends_count": 129, "location": "las vegas", "profile_link_color": "2FC2EF", "profile_image_url": "http://pbs.twimg.com/profile_images/647963623755681792/odtKbNxh_normal.jpg", "following": null, "geo_enabled": true, "profile_banner_url": "https://pbs.twimg.com/profile_banners/961957580/1442898879", "profile_background_image_url": "http://abs.twimg.com/images/themes/theme9/bg.gif", "screen_name": "TacticalTony702", "lang": "en", "profile_background_tile": false, "favourites_count": 2888, "name": "Unite or Die 1776", "notifications": null, "url": "https://t.co/sLQY3SUjKq", "created_at": "Wed Nov 21 07:45:46 +0000 2012", "contributors_enabled": false, "time_zone": null, "protected": false, "default_profile": false, "is_translator": false}, "geo": null, "in_reply_to_user_id_str": null, "possibly_sensitive": false, "lang": "en", "created_at": "Wed Oct 21 18:39:38 +0000 2015", "in_reply_to_status_id_str": null, "place": null, "metadata": {"iso_language_code": "en", "result_type": "recent"}}