{"contributors": null, "truncated": false, "text": "#HillaryClinton #idiot #BenCarsonForPresident https://t.co/wjjgHXqRM2", "is_quote_status": false, "in_reply_to_status_id": null, "id": 656913510056796160, "favorite_count": 0, "source": "<a href=\"http://twitter.com/download/iphone\" rel=\"nofollow\">Twitter for iPhone</a>", "retweeted": false, "coordinates": null, "entities": {"symbols": [], "user_mentions": [], "hashtags": [{"indices": [0, 15], "text": "HillaryClinton"}, {"indices": [16, 22], "text": "idiot"}, {"indices": [23, 45], "text": "BenCarsonForPresident"}], "urls": [], "media": [{"expanded_url": "http://twitter.com/red9396/status/656913510056796160/photo/1", "display_url": "pic.twitter.com/wjjgHXqRM2", "url": "https://t.co/wjjgHXqRM2", "media_url_https": "https://pbs.twimg.com/media/CR3TWReVAAAqORe.jpg", "id_str": "656913500267151360", "sizes": {"large": {"h": 451, "resize": "fit", "w": 606}, "small": {"h": 253, "resize": "fit", "w": 340}, "medium": {"h": 446, "resize": "fit", "w": 600}, "thumb": {"h": 150, "resize": "crop", "w": 150}}, "indices": [46, 69], "type": "photo", "id": 656913500267151360, "media_url": "http://pbs.twimg.com/media/CR3TWReVAAAqORe.jpg"}]}, "in_reply_to_screen_name": null, "in_reply_to_user_id": null, "retweet_count": 0, "id_str": "656913510056796160", "favorited": false, "user": {"follow_request_sent": null, "has_extended_profile": false, "profile_use_background_image": false, "default_profile_image": false, "id": 1947110575, "profile_background_image_url_https": "https://abs.twimg.com/images/themes/theme1/bg.png", "verified": false, "profile_text_color": "000000", "profile_image_url_https": "https://pbs.twimg.com/profile_images/647060714075619329/60zE4mnH_normal.jpg", "profile_sidebar_fill_color": "000000", "entities": {"url": {"urls": [{"url": "https://t.co/dITBEOjTm6", "indices": [0, 23], "expanded_url": "http://doterra.myvoffice.com/healthyoils4me/#/#healthyfood", "display_url": "doterra.myvoffice.com/healthyoils4me\u2026"}]}, "description": {"urls": []}}, "followers_count": 84, "profile_sidebar_border_color": "000000", "id_str": "1947110575", "profile_background_color": "000000", "listed_count": 2, "is_translation_enabled": false, "utc_offset": null, "statuses_count": 185, "description": "", "friends_count": 491, "location": "", "profile_link_color": "FFCC4D", "profile_image_url": "http://pbs.twimg.com/profile_images/647060714075619329/60zE4mnH_normal.jpg", "following": null, "geo_enabled": true, "profile_background_image_url": "http://abs.twimg.com/images/themes/theme1/bg.png", "screen_name": "red9396", "lang": "en", "profile_background_tile": false, "favourites_count": 12, "name": "Julia Lansdell", "notifications": null, "url": "https://t.co/dITBEOjTm6", "created_at": "Tue Oct 08 14:34:06 +0000 2013", "contributors_enabled": false, "time_zone": null, "protected": false, "default_profile": false, "is_translator": false}, "geo": null, "in_reply_to_user_id_str": null, "possibly_sensitive": false, "lang": "und", "created_at": "Wed Oct 21 19:22:40 +0000 2015", "in_reply_to_status_id_str": null, "place": null, "metadata": {"iso_language_code": "und", "result_type": "recent"}}