{"contributors": null, "truncated": false, "text": "RT @JSavoly: Biden will not go silently into the night. You have to love him for his commitment #UnitedBlue #MorningJoe #Hillary2016", "is_quote_status": false, "in_reply_to_status_id": null, "id": 656910820073304064, "favorite_count": 0, "source": "<a href=\"http://twitter.com\" rel=\"nofollow\">Twitter Web Client</a>", "retweeted": false, "coordinates": null, "entities": {"symbols": [], "user_mentions": [{"id": 519728191, "indices": [3, 11], "id_str": "519728191", "screen_name": "JSavoly", "name": "Jasper"}], "hashtags": [{"indices": [96, 107], "text": "UnitedBlue"}, {"indices": [108, 119], "text": "MorningJoe"}, {"indices": [120, 132], "text": "Hillary2016"}], "urls": []}, "in_reply_to_screen_name": null, "in_reply_to_user_id": null, "retweet_count": 7, "id_str": "656910820073304064", "favorited": false, "retweeted_status": {"contributors": null, "truncated": false, "text": "Biden will not go silently into the night. You have to love him for his commitment #UnitedBlue #MorningJoe #Hillary2016", "is_quote_status": false, "in_reply_to_status_id": null, "id": 656870329713848320, "favorite_count": 2, "source": "<a href=\"http://twitter.com\" rel=\"nofollow\">Twitter Web Client</a>", "retweeted": false, "coordinates": null, "entities": {"symbols": [], "user_mentions": [], "hashtags": [{"indices": [83, 94], "text": "UnitedBlue"}, {"indices": [95, 106], "text": "MorningJoe"}, {"indices": [107, 119], "text": "Hillary2016"}], "urls": []}, "in_reply_to_screen_name": null, "in_reply_to_user_id": null, "retweet_count": 7, "id_str": "656870329713848320", "favorited": false, "user": {"follow_request_sent": null, "has_extended_profile": false, "profile_use_background_image": false, "default_profile_image": false, "id": 519728191, "profile_background_image_url_https": "https://abs.twimg.com/images/themes/theme1/bg.png", "verified": false, "profile_text_color": "000000", "profile_image_url_https": "https://pbs.twimg.com/profile_images/648989269151735808/fYkm8YE8_normal.png", "profile_sidebar_fill_color": "000000", "entities": {"description": {"urls": [{"url": "http://t.co/xdhYM8QhAA", "indices": [94, 116], "expanded_url": "http://UniteBlue.org/user/Williekbink", "display_url": "UniteBlue.org/user/Williekbi\u2026"}]}}, "followers_count": 3522, "profile_sidebar_border_color": "000000", "id_str": "519728191", "profile_background_color": "000000", "listed_count": 62, "is_translation_enabled": false, "utc_offset": -25200, "statuses_count": 50452, "description": "We are Anonymous. We are legion. We do not forgive. We do not forget. Expect us. #UnitedBlue  http://t.co/xdhYM8QhAA", "friends_count": 3237, "location": "Right behind you ", "profile_link_color": "3B94D9", "profile_image_url": "http://pbs.twimg.com/profile_images/648989269151735808/fYkm8YE8_normal.png", "following": null, "geo_enabled": false, "profile_banner_url": "https://pbs.twimg.com/profile_banners/519728191/1438817379", "profile_background_image_url": "http://abs.twimg.com/images/themes/theme1/bg.png", "screen_name": "JSavoly", "lang": "en", "profile_background_tile": false, "favourites_count": 25, "name": "Jasper", "notifications": null, "url": null, "created_at": "Fri Mar 09 18:55:38 +0000 2012", "contributors_enabled": false, "time_zone": "Pacific Time (US & Canada)", "protected": false, "default_profile": false, "is_translator": false}, "geo": null, "in_reply_to_user_id_str": null, "lang": "en", "created_at": "Wed Oct 21 16:31:05 +0000 2015", "in_reply_to_status_id_str": null, "place": null, "metadata": {"iso_language_code": "en", "result_type": "recent"}}, "user": {"follow_request_sent": null, "has_extended_profile": false, "profile_use_background_image": true, "default_profile_image": false, "id": 2153626892, "profile_background_image_url_https": "https://abs.twimg.com/images/themes/theme4/bg.gif", "verified": false, "profile_text_color": "3C3940", "profile_image_url_https": "https://pbs.twimg.com/profile_images/430816072032190465/fUY-DAyv_normal.png", "profile_sidebar_fill_color": "95E8EC", "entities": {"description": {"urls": []}}, "followers_count": 7207, "profile_sidebar_border_color": "5ED4DC", "id_str": "2153626892", "profile_background_color": "0099B9", "listed_count": 76, "is_translation_enabled": false, "utc_offset": -7200, "statuses_count": 82891, "description": "Ravens and  Orioles Fan", "friends_count": 4979, "location": "Delaware", "profile_link_color": "0099B9", "profile_image_url": "http://pbs.twimg.com/profile_images/430816072032190465/fUY-DAyv_normal.png", "following": null, "geo_enabled": true, "profile_banner_url": "https://pbs.twimg.com/profile_banners/2153626892/1382649993", "profile_background_image_url": "http://abs.twimg.com/images/themes/theme4/bg.gif", "screen_name": "BY1959", "lang": "en", "profile_background_tile": false, "favourites_count": 45768, "name": "Robert Ellingsworth", "notifications": null, "url": null, "created_at": "Thu Oct 24 20:38:54 +0000 2013", "contributors_enabled": false, "time_zone": "Mid-Atlantic", "protected": false, "default_profile": false, "is_translator": false}, "geo": null, "in_reply_to_user_id_str": null, "lang": "en", "created_at": "Wed Oct 21 19:11:58 +0000 2015", "in_reply_to_status_id_str": null, "place": null, "metadata": {"iso_language_code": "en", "result_type": "recent"}}