{"contributors": null, "truncated": false, "text": "RT @liviapolise: #ImWithHer Hillary has a plan to address substance abuse #Hillary2016 https://t.co/6Nq9w7Z4no", "is_quote_status": true, "in_reply_to_status_id": null, "id": 656907174803693568, "favorite_count": 0, "source": "<a href=\"http://twitter.com/download/iphone\" rel=\"nofollow\">Twitter for iPhone</a>", "retweeted": false, "coordinates": null, "entities": {"symbols": [], "user_mentions": [{"id": 3406500304, "indices": [3, 15], "id_str": "3406500304", "screen_name": "liviapolise", "name": "Livia Polise"}], "hashtags": [{"indices": [17, 27], "text": "ImWithHer"}, {"indices": [74, 86], "text": "Hillary2016"}], "urls": [{"url": "https://t.co/6Nq9w7Z4no", "indices": [87, 110], "expanded_url": "https://twitter.com/WhiteHouse/status/656904379635777536", "display_url": "twitter.com/WhiteHouse/sta\u2026"}]}, "in_reply_to_screen_name": null, "in_reply_to_user_id": null, "retweet_count": 1, "id_str": "656907174803693568", "favorited": false, "retweeted_status": {"contributors": null, "truncated": false, "text": "#ImWithHer Hillary has a plan to address substance abuse #Hillary2016 https://t.co/6Nq9w7Z4no", "is_quote_status": true, "in_reply_to_status_id": null, "id": 656906732162166784, "favorite_count": 1, "entities": {"symbols": [], "user_mentions": [], "hashtags": [{"indices": [0, 10], "text": "ImWithHer"}, {"indices": [57, 69], "text": "Hillary2016"}], "urls": [{"url": "https://t.co/6Nq9w7Z4no", "indices": [70, 93], "expanded_url": "https://twitter.com/WhiteHouse/status/656904379635777536", "display_url": "twitter.com/WhiteHouse/sta\u2026"}]}, "quoted_status_id": 656904379635777536, "retweeted": false, "coordinates": null, "quoted_status": {"contributors": null, "truncated": false, "text": "\"When it comes to substance abuse, treatment and recovery\u2026those things are possible if we work together\" \u2014@POTUS: https://t.co/peckbn2uyq", "is_quote_status": false, "in_reply_to_status_id": null, "id": 656904379635777536, "favorite_count": 124, "source": "<a href=\"https://about.twitter.com/products/tweetdeck\" rel=\"nofollow\">TweetDeck</a>", "retweeted": false, "coordinates": null, "entities": {"symbols": [], "user_mentions": [{"id": 1536791610, "indices": [106, 112], "id_str": "1536791610", "screen_name": "POTUS", "name": "President Obama"}], "hashtags": [], "urls": [{"url": "https://t.co/peckbn2uyq", "indices": [114, 137], "expanded_url": "http://go.wh.gov/c42WrW", "display_url": "go.wh.gov/c42WrW"}]}, "in_reply_to_screen_name": null, "in_reply_to_user_id": null, "retweet_count": 118, "id_str": "656904379635777536", "favorited": false, "geo": null, "in_reply_to_user_id_str": null, "possibly_sensitive": false, "lang": "en", "created_at": "Wed Oct 21 18:46:23 +0000 2015", "in_reply_to_status_id_str": null, "place": null, "metadata": {"iso_language_code": "en", "result_type": "recent"}}, "source": "<a href=\"http://twitter.com\" rel=\"nofollow\">Twitter Web Client</a>", "in_reply_to_screen_name": null, "in_reply_to_user_id": null, "retweet_count": 1, "id_str": "656906732162166784", "favorited": false, "user": {"follow_request_sent": null, "has_extended_profile": false, "profile_use_background_image": false, "default_profile_image": false, "id": 3406500304, "profile_background_image_url_https": "https://abs.twimg.com/images/themes/theme1/bg.png", "verified": false, "profile_text_color": "000000", "profile_image_url_https": "https://pbs.twimg.com/profile_images/655753958678491136/1BG5_-Od_normal.jpg", "profile_sidebar_fill_color": "000000", "entities": {"description": {"urls": []}}, "followers_count": 142, "profile_sidebar_border_color": "000000", "id_str": "3406500304", "profile_background_color": "000000", "listed_count": 9, "is_translation_enabled": false, "utc_offset": null, "statuses_count": 1986, "description": "Hillary 2016 #WomenForHillary", "friends_count": 258, "location": "", "profile_link_color": "9266CC", "profile_image_url": "http://pbs.twimg.com/profile_images/655753958678491136/1BG5_-Od_normal.jpg", "following": null, "geo_enabled": false, "profile_banner_url": "https://pbs.twimg.com/profile_banners/3406500304/1440469911", "profile_background_image_url": "http://abs.twimg.com/images/themes/theme1/bg.png", "screen_name": "liviapolise", "lang": "en", "profile_background_tile": false, "favourites_count": 936, "name": "Livia Polise", "notifications": null, "url": null, "created_at": "Fri Aug 07 01:10:47 +0000 2015", "contributors_enabled": false, "time_zone": null, "protected": false, "default_profile": false, "is_translator": false}, "geo": null, "in_reply_to_user_id_str": null, "possibly_sensitive": false, "lang": "en", "created_at": "Wed Oct 21 18:55:44 +0000 2015", "quoted_status_id_str": "656904379635777536", "in_reply_to_status_id_str": null, "place": null, "metadata": {"iso_language_code": "en", "result_type": "recent"}}, "user": {"follow_request_sent": null, "has_extended_profile": false, "profile_use_background_image": false, "default_profile_image": false, "id": 16146535, "profile_background_image_url_https": "https://pbs.twimg.com/profile_background_images/67838658/ed6ylm.png", "verified": false, "profile_text_color": "333333", "profile_image_url_https": "https://pbs.twimg.com/profile_images/3181944285/b8607a0e7a5947003bf66e170eeb9479_normal.png", "profile_sidebar_fill_color": "DDEEF6", "entities": {"url": {"urls": [{"url": "http://t.co/iu3mUioGWA", "indices": [0, 22], "expanded_url": "http://page.is/marcy-mcgowan", "display_url": "page.is/marcy-mcgowan"}]}, "description": {"urls": []}}, "followers_count": 20429, "profile_sidebar_border_color": "C0DEED", "id_str": "16146535", "profile_background_color": "12B4FF", "listed_count": 771, "is_translation_enabled": false, "utc_offset": -14400, "statuses_count": 605296, "description": "I love summer - Obama/Biden #UniteBlue Democrat Politics Hate TeaPartyIdiots #UniteBlue #p2 #Hillary2016", "friends_count": 22448, "location": "Delaware", "profile_link_color": "0084B4", "profile_image_url": "http://pbs.twimg.com/profile_images/3181944285/b8607a0e7a5947003bf66e170eeb9479_normal.png", "following": null, "geo_enabled": true, "profile_background_image_url": "http://pbs.twimg.com/profile_background_images/67838658/ed6ylm.png", "screen_name": "marcylauren", "lang": "en", "profile_background_tile": true, "favourites_count": 1504, "name": "Marcy McGowan", "notifications": null, "url": "http://t.co/iu3mUioGWA", "created_at": "Fri Sep 05 17:38:17 +0000 2008", "contributors_enabled": false, "time_zone": "Eastern Time (US & Canada)", "protected": false, "default_profile": false, "is_translator": false}, "geo": null, "in_reply_to_user_id_str": null, "possibly_sensitive": false, "lang": "en", "created_at": "Wed Oct 21 18:57:29 +0000 2015", "in_reply_to_status_id_str": null, "place": null, "metadata": {"iso_language_code": "en", "result_type": "recent"}}