{"contributors": null, "truncated": false, "text": "All lies &amp; nothing but lies. #HillaryClinton #Hillary2016 #Benghazi  https://t.co/P1riOI02KZ", "is_quote_status": true, "in_reply_to_status_id": null, "id": 656906166673477632, "favorite_count": 0, "entities": {"symbols": [], "user_mentions": [], "hashtags": [{"indices": [33, 48], "text": "HillaryClinton"}, {"indices": [49, 61], "text": "Hillary2016"}, {"indices": [62, 71], "text": "Benghazi"}], "urls": [{"url": "https://t.co/P1riOI02KZ", "indices": [73, 96], "expanded_url": "https://twitter.com/USATODAY/status/656905410868346880", "display_url": "twitter.com/USATODAY/statu\u2026"}]}, "quoted_status_id": 656905410868346880, "retweeted": false, "coordinates": null, "quoted_status": {"contributors": null, "truncated": false, "text": "What you need to know about @HillaryClinton testifying on Benghazi Thurs https://t.co/yfQdhJ5UNw (Getty photo) https://t.co/AkHr4MMzym", "is_quote_status": false, "in_reply_to_status_id": null, "id": 656905410868346880, "favorite_count": 15, "source": "<a href=\"http://www.hootsuite.com\" rel=\"nofollow\">Hootsuite</a>", "retweeted": false, "coordinates": null, "entities": {"symbols": [], "user_mentions": [{"id": 1339835893, "indices": [28, 43], "id_str": "1339835893", "screen_name": "HillaryClinton", "name": "Hillary Clinton"}], "hashtags": [], "urls": [{"url": "https://t.co/yfQdhJ5UNw", "indices": [73, 96], "expanded_url": "http://usat.ly/1Xk3hqB", "display_url": "usat.ly/1Xk3hqB"}], "media": [{"expanded_url": "http://twitter.com/USATODAY/status/656905410868346880/photo/1", "display_url": "pic.twitter.com/AkHr4MMzym", "url": "https://t.co/AkHr4MMzym", "media_url_https": "https://pbs.twimg.com/media/CR3L_ZSWIAA3apN.jpg", "id_str": "656905410645991424", "sizes": {"small": {"h": 255, "resize": "fit", "w": 340}, "large": {"h": 405, "resize": "fit", "w": 540}, "medium": {"h": 405, "resize": "fit", "w": 540}, "thumb": {"h": 150, "resize": "crop", "w": 150}}, "indices": [111, 134], "type": "photo", "id": 656905410645991424, "media_url": "http://pbs.twimg.com/media/CR3L_ZSWIAA3apN.jpg"}]}, "in_reply_to_screen_name": null, "in_reply_to_user_id": null, "retweet_count": 17, "id_str": "656905410868346880", "favorited": false, "user": {"follow_request_sent": null, "has_extended_profile": false, "profile_use_background_image": false, "default_profile_image": false, "id": 15754281, "profile_background_image_url_https": "https://pbs.twimg.com/profile_background_images/378800000089862470/7aa9f896147a89917aa047e30ab6ebc2.jpeg", "verified": true, "profile_text_color": "000000", "profile_image_url_https": "https://pbs.twimg.com/profile_images/656823251348287488/PPpJkQ4M_normal.jpg", "profile_sidebar_fill_color": "FFFFFF", "entities": {"url": {"urls": [{"url": "http://t.co/7xDl0vVHSt", "indices": [0, 22], "expanded_url": "http://www.usatoday.com", "display_url": "usatoday.com"}]}, "description": {"urls": []}}, "followers_count": 1808089, "profile_sidebar_border_color": "FFFFFF", "id_str": "15754281", "profile_background_color": "0092D0", "listed_count": 26525, "is_translation_enabled": false, "utc_offset": -14400, "statuses_count": 131907, "description": "The latest news and most interesting stories from USA TODAY. News that's meant to be shared.", "friends_count": 865, "location": "USA TODAY HQ, McLean, Va.", "profile_link_color": "0000FF", "profile_image_url": "http://pbs.twimg.com/profile_images/656823251348287488/PPpJkQ4M_normal.jpg", "following": null, "geo_enabled": false, "profile_banner_url": "https://pbs.twimg.com/profile_banners/15754281/1414526404", "profile_background_image_url": "http://pbs.twimg.com/profile_background_images/378800000089862470/7aa9f896147a89917aa047e30ab6ebc2.jpeg", "screen_name": "USATODAY", "lang": "en", "profile_background_tile": false, "favourites_count": 1160, "name": "USA TODAY", "notifications": null, "url": "http://t.co/7xDl0vVHSt", "created_at": "Wed Aug 06 19:55:31 +0000 2008", "contributors_enabled": false, "time_zone": "Eastern Time (US & Canada)", "protected": false, "default_profile": false, "is_translator": false}, "geo": null, "in_reply_to_user_id_str": null, "possibly_sensitive": false, "lang": "en", "created_at": "Wed Oct 21 18:50:29 +0000 2015", "in_reply_to_status_id_str": null, "place": null, "metadata": {"iso_language_code": "en", "result_type": "recent"}}, "source": "<a href=\"http://twitter.com\" rel=\"nofollow\">Twitter Web Client</a>", "in_reply_to_screen_name": null, "in_reply_to_user_id": null, "retweet_count": 0, "id_str": "656906166673477632", "favorited": false, "user": {"follow_request_sent": null, "has_extended_profile": false, "profile_use_background_image": false, "default_profile_image": false, "id": 2903789200, "profile_background_image_url_https": "https://pbs.twimg.com/profile_background_images/571370102767882240/y93xD8s5.png", "verified": false, "profile_text_color": "0C3E53", "profile_image_url_https": "https://pbs.twimg.com/profile_images/583019648494497793/p-BG4990_normal.jpg", "profile_sidebar_fill_color": "FFF7CC", "entities": {"description": {"urls": []}}, "followers_count": 1712, "profile_sidebar_border_color": "F2E195", "id_str": "2903789200", "profile_background_color": "1C1C1C", "listed_count": 44, "is_translation_enabled": false, "utc_offset": -14400, "statuses_count": 9313, "description": "#Patriot #2A #NRA #Glock #Sarcastic #PoliticallyIncorrect Pro #Police #Military, #FreeSpeech, Fan @TheCumiaShow Network #NJDevils", "friends_count": 1778, "location": "", "profile_link_color": "1C1C1C", "profile_image_url": "http://pbs.twimg.com/profile_images/583019648494497793/p-BG4990_normal.jpg", "following": null, "geo_enabled": false, "profile_banner_url": "https://pbs.twimg.com/profile_banners/2903789200/1444920711", "profile_background_image_url": "http://pbs.twimg.com/profile_background_images/571370102767882240/y93xD8s5.png", "screen_name": "023_Bill", "lang": "en", "profile_background_tile": true, "favourites_count": 1919, "name": "Bill", "notifications": null, "url": null, "created_at": "Wed Dec 03 13:39:50 +0000 2014", "contributors_enabled": false, "time_zone": "Eastern Time (US & Canada)", "protected": false, "default_profile": false, "is_translator": false}, "geo": null, "in_reply_to_user_id_str": null, "possibly_sensitive": false, "lang": "en", "created_at": "Wed Oct 21 18:53:29 +0000 2015", "quoted_status_id_str": "656905410868346880", "in_reply_to_status_id_str": null, "place": null, "metadata": {"iso_language_code": "en", "result_type": "recent"}}