{"contributors": null, "truncated": false, "text": "Naive &amp; mean-spirited. Yep. That sums up #HillaryClinton in 3 words. From some1 close #Hillary2016 \nhttps://t.co/um5aO3DHMM via @dailycaller", "is_quote_status": false, "in_reply_to_status_id": null, "id": 656907249923678208, "favorite_count": 0, "source": "<a href=\"http://twitter.com/download/android\" rel=\"nofollow\">Twitter for Android</a>", "retweeted": false, "coordinates": null, "entities": {"symbols": [], "user_mentions": [{"id": 39308549, "indices": [132, 144], "id_str": "39308549", "screen_name": "DailyCaller", "name": "The Daily Caller"}], "hashtags": [{"indices": [45, 60], "text": "HillaryClinton"}, {"indices": [90, 102], "text": "Hillary2016"}], "urls": [{"url": "https://t.co/um5aO3DHMM", "indices": [104, 127], "expanded_url": "http://dailycaller.com/2015/10/21/biden-i-dont-think-we-should-look-at-republicans-as-the-enemy-video/", "display_url": "dailycaller.com/2015/10/21/bid\u2026"}]}, "in_reply_to_screen_name": null, "in_reply_to_user_id": null, "retweet_count": 0, "id_str": "656907249923678208", "favorited": false, "user": {"follow_request_sent": null, "has_extended_profile": false, "profile_use_background_image": true, "default_profile_image": false, "id": 2648904529, "profile_background_image_url_https": "https://abs.twimg.com/images/themes/theme1/bg.png", "verified": false, "profile_text_color": "333333", "profile_image_url_https": "https://pbs.twimg.com/profile_images/654350985356140544/uh8P7-Mo_normal.jpg", "profile_sidebar_fill_color": "DDEEF6", "entities": {"description": {"urls": []}}, "followers_count": 65, "profile_sidebar_border_color": "C0DEED", "id_str": "2648904529", "profile_background_color": "C0DEED", "listed_count": 18, "is_translation_enabled": false, "utc_offset": null, "statuses_count": 4541, "description": "Goalkeeper Extraordinaire", "friends_count": 42, "location": "", "profile_link_color": "0084B4", "profile_image_url": "http://pbs.twimg.com/profile_images/654350985356140544/uh8P7-Mo_normal.jpg", "following": null, "geo_enabled": false, "profile_banner_url": "https://pbs.twimg.com/profile_banners/2648904529/1444364850", "profile_background_image_url": "http://abs.twimg.com/images/themes/theme1/bg.png", "screen_name": "Red1Echo", "lang": "en", "profile_background_tile": false, "favourites_count": 3197, "name": "Scott Sterling", "notifications": null, "url": null, "created_at": "Tue Jul 15 18:10:29 +0000 2014", "contributors_enabled": false, "time_zone": null, "protected": false, "default_profile": true, "is_translator": false}, "geo": null, "in_reply_to_user_id_str": null, "possibly_sensitive": false, "lang": "en", "created_at": "Wed Oct 21 18:57:47 +0000 2015", "in_reply_to_status_id_str": null, "place": null, "metadata": {"iso_language_code": "en", "result_type": "recent"}}