{"contributors": null, "truncated": false, "text": "RT @bennydiego: Wasteful Witchhunt.\n\n#BenghaziCommittee #Benghazi #HillaryClinton #tcot #p2 https://t.co/81SfQ119ft", "is_quote_status": false, "in_reply_to_status_id": null, "id": 656900597690437632, "favorite_count": 0, "source": "<a href=\"http://twitter.com\" rel=\"nofollow\">Twitter Web Client</a>", "retweeted": false, "coordinates": null, "entities": {"symbols": [], "user_mentions": [{"id": 30231573, "indices": [3, 14], "id_str": "30231573", "screen_name": "bennydiego", "name": "bennydiego"}], "hashtags": [{"indices": [37, 55], "text": "BenghaziCommittee"}, {"indices": [56, 65], "text": "Benghazi"}, {"indices": [66, 81], "text": "HillaryClinton"}, {"indices": [82, 87], "text": "tcot"}, {"indices": [88, 91], "text": "p2"}], "urls": [], "media": [{"source_user_id": 30231573, "source_status_id_str": "656899826563444736", "expanded_url": "http://twitter.com/bennydiego/status/656899826563444736/photo/1", "display_url": "pic.twitter.com/81SfQ119ft", "url": "https://t.co/81SfQ119ft", "media_url_https": "https://pbs.twimg.com/media/CR3G5dMUcAAj2pO.jpg", "source_user_id_str": "30231573", "source_status_id": 656899826563444736, "id_str": "656899811057102848", "sizes": {"small": {"h": 272, "resize": "fit", "w": 340}, "large": {"h": 480, "resize": "fit", "w": 600}, "medium": {"h": 480, "resize": "fit", "w": 600}, "thumb": {"h": 150, "resize": "crop", "w": 150}}, "indices": [92, 115], "type": "photo", "id": 656899811057102848, "media_url": "http://pbs.twimg.com/media/CR3G5dMUcAAj2pO.jpg"}]}, "in_reply_to_screen_name": null, "in_reply_to_user_id": null, "retweet_count": 29, "id_str": "656900597690437632", "favorited": false, "retweeted_status": {"contributors": null, "truncated": false, "text": "Wasteful Witchhunt.\n\n#BenghaziCommittee #Benghazi #HillaryClinton #tcot #p2 https://t.co/81SfQ119ft", "is_quote_status": false, "in_reply_to_status_id": null, "id": 656899826563444736, "favorite_count": 23, "source": "<a href=\"http://twitter.com/#!/download/ipad\" rel=\"nofollow\">Twitter for iPad</a>", "retweeted": false, "coordinates": null, "entities": {"symbols": [], "user_mentions": [], "hashtags": [{"indices": [21, 39], "text": "BenghaziCommittee"}, {"indices": [40, 49], "text": "Benghazi"}, {"indices": [50, 65], "text": "HillaryClinton"}, {"indices": [66, 71], "text": "tcot"}, {"indices": [72, 75], "text": "p2"}], "urls": [], "media": [{"expanded_url": "http://twitter.com/bennydiego/status/656899826563444736/photo/1", "display_url": "pic.twitter.com/81SfQ119ft", "url": "https://t.co/81SfQ119ft", "media_url_https": "https://pbs.twimg.com/media/CR3G5dMUcAAj2pO.jpg", "id_str": "656899811057102848", "sizes": {"small": {"h": 272, "resize": "fit", "w": 340}, "large": {"h": 480, "resize": "fit", "w": 600}, "medium": {"h": 480, "resize": "fit", "w": 600}, "thumb": {"h": 150, "resize": "crop", "w": 150}}, "indices": [76, 99], "type": "photo", "id": 656899811057102848, "media_url": "http://pbs.twimg.com/media/CR3G5dMUcAAj2pO.jpg"}]}, "in_reply_to_screen_name": null, "in_reply_to_user_id": null, "retweet_count": 29, "id_str": "656899826563444736", "favorited": false, "user": {"follow_request_sent": null, "has_extended_profile": false, "profile_use_background_image": true, "default_profile_image": false, "id": 30231573, "profile_background_image_url_https": "https://abs.twimg.com/images/themes/theme14/bg.gif", "verified": false, "profile_text_color": "333333", "profile_image_url_https": "https://pbs.twimg.com/profile_images/655235214197657600/HprTkf0Q_normal.jpg", "profile_sidebar_fill_color": "EFEFEF", "entities": {"description": {"urls": []}}, "followers_count": 27024, "profile_sidebar_border_color": "EEEEEE", "id_str": "30231573", "profile_background_color": "131516", "listed_count": 386, "is_translation_enabled": false, "utc_offset": -25200, "statuses_count": 41818, "description": "cartoons, news, views & opinions that support liberal-progressive policies for the american people. #p2 #equality #climatechange", "friends_count": 27011, "location": "north park, usa", "profile_link_color": "3B94D9", "profile_image_url": "http://pbs.twimg.com/profile_images/655235214197657600/HprTkf0Q_normal.jpg", "following": null, "geo_enabled": false, "profile_banner_url": "https://pbs.twimg.com/profile_banners/30231573/1440388594", "profile_background_image_url": "http://abs.twimg.com/images/themes/theme14/bg.gif", "screen_name": "bennydiego", "lang": "en", "profile_background_tile": true, "favourites_count": 44511, "name": "bennydiego", "notifications": null, "url": null, "created_at": "Fri Apr 10 14:59:49 +0000 2009", "contributors_enabled": false, "time_zone": "Pacific Time (US & Canada)", "protected": false, "default_profile": false, "is_translator": false}, "geo": null, "in_reply_to_user_id_str": null, "possibly_sensitive": false, "lang": "en", "created_at": "Wed Oct 21 18:28:17 +0000 2015", "in_reply_to_status_id_str": null, "place": null, "metadata": {"iso_language_code": "en", "result_type": "recent"}}, "user": {"follow_request_sent": null, "has_extended_profile": false, "profile_use_background_image": true, "default_profile_image": false, "id": 2400901568, "profile_background_image_url_https": "https://pbs.twimg.com/profile_background_images/603055658913570818/CYsfGjvY.jpg", "verified": false, "profile_text_color": "000000", "profile_image_url_https": "https://pbs.twimg.com/profile_images/617468218257510400/h6zlMe9i_normal.png", "profile_sidebar_fill_color": "000000", "entities": {"description": {"urls": []}}, "followers_count": 1300, "profile_sidebar_border_color": "000000", "id_str": "2400901568", "profile_background_color": "000000", "listed_count": 92, "is_translation_enabled": false, "utc_offset": null, "statuses_count": 36508, "description": "My husband & I have been together for 25yrs. Because of SCOTUS we were able to marry last July! We R retired & enjoy travel and visiting our 2 granddaughters!", "friends_count": 2000, "location": "USA", "profile_link_color": "3B94D9", "profile_image_url": "http://pbs.twimg.com/profile_images/617468218257510400/h6zlMe9i_normal.png", "following": null, "geo_enabled": false, "profile_banner_url": "https://pbs.twimg.com/profile_banners/2400901568/1395599634", "profile_background_image_url": "http://pbs.twimg.com/profile_background_images/603055658913570818/CYsfGjvY.jpg", "screen_name": "KevinDarryl", "lang": "en", "profile_background_tile": true, "favourites_count": 1683, "name": "Kevin", "notifications": null, "url": null, "created_at": "Fri Mar 21 03:57:56 +0000 2014", "contributors_enabled": false, "time_zone": null, "protected": false, "default_profile": false, "is_translator": false}, "geo": null, "in_reply_to_user_id_str": null, "possibly_sensitive": false, "lang": "en", "created_at": "Wed Oct 21 18:31:21 +0000 2015", "in_reply_to_status_id_str": null, "place": null, "metadata": {"iso_language_code": "en", "result_type": "recent"}}