{"contributors": null, "truncated": false, "text": "Bernie Sanders is not a happy man today. Biden not running for president https://t.co/2zcoNJPZ92 #Hillary2016", "is_quote_status": false, "in_reply_to_status_id": null, "id": 656906101439504384, "favorite_count": 0, "source": "<a href=\"http://twitter.com\" rel=\"nofollow\">Twitter Web Client</a>", "retweeted": false, "coordinates": null, "entities": {"symbols": [], "user_mentions": [], "hashtags": [{"indices": [97, 109], "text": "Hillary2016"}], "urls": [{"url": "https://t.co/2zcoNJPZ92", "indices": [73, 96], "expanded_url": "http://www.politico.com/story/2015/10/biden-215013", "display_url": "politico.com/story/2015/10/\u2026"}]}, "in_reply_to_screen_name": null, "in_reply_to_user_id": null, "retweet_count": 0, "id_str": "656906101439504384", "favorited": false, "user": {"follow_request_sent": null, "has_extended_profile": false, "profile_use_background_image": true, "default_profile_image": false, "id": 287922171, "profile_background_image_url_https": "https://abs.twimg.com/images/themes/theme1/bg.png", "verified": false, "profile_text_color": "333333", "profile_image_url_https": "https://pbs.twimg.com/profile_images/562955547570610177/C8P91HjO_normal.jpeg", "profile_sidebar_fill_color": "DDEEF6", "entities": {"url": {"urls": [{"url": "http://t.co/cfCpLZMhyu", "indices": [0, 22], "expanded_url": "http://underthebluetarp.blogspot.com", "display_url": "underthebluetarp.blogspot.com"}]}, "description": {"urls": []}}, "followers_count": 2788, "profile_sidebar_border_color": "C0DEED", "id_str": "287922171", "profile_background_color": "C0DEED", "listed_count": 60, "is_translation_enabled": false, "utc_offset": -14400, "statuses_count": 24152, "description": "Reports from Under the Blue Tarp (UBL) on housing, finance, national politics, global security, cooking, and sports (Go Buckeyes).", "friends_count": 3035, "location": "Annapolis, MD", "profile_link_color": "0084B4", "profile_image_url": "http://pbs.twimg.com/profile_images/562955547570610177/C8P91HjO_normal.jpeg", "following": null, "geo_enabled": true, "profile_banner_url": "https://pbs.twimg.com/profile_banners/287922171/1362161358", "profile_background_image_url": "http://abs.twimg.com/images/themes/theme1/bg.png", "screen_name": "undethebltarp", "lang": "en", "profile_background_tile": false, "favourites_count": 391, "name": "Robert Katula", "notifications": null, "url": "http://t.co/cfCpLZMhyu", "created_at": "Mon Apr 25 22:56:46 +0000 2011", "contributors_enabled": false, "time_zone": "Eastern Time (US & Canada)", "protected": false, "default_profile": true, "is_translator": false}, "geo": null, "in_reply_to_user_id_str": null, "possibly_sensitive": false, "lang": "en", "created_at": "Wed Oct 21 18:53:13 +0000 2015", "in_reply_to_status_id_str": null, "place": null, "metadata": {"iso_language_code": "en", "result_type": "recent"}}