{"contributors": null, "truncated": false, "text": "#MyGovHillary #HillaryClinton to want Strong Families #USA in #NewYork Basom - https://t.co/I2mDq3kWn6 https://t.co/4fGD2DjAFg", "is_quote_status": false, "in_reply_to_status_id": null, "id": 656913294402437120, "favorite_count": 0, "source": "<a href=\"http://voteforclintons.com/\" rel=\"nofollow\">voteforclintons</a>", "retweeted": false, "coordinates": null, "entities": {"symbols": [], "user_mentions": [], "hashtags": [{"indices": [0, 13], "text": "MyGovHillary"}, {"indices": [14, 29], "text": "HillaryClinton"}, {"indices": [54, 58], "text": "USA"}, {"indices": [62, 70], "text": "NewYork"}], "urls": [{"url": "https://t.co/I2mDq3kWn6", "indices": [79, 102], "expanded_url": "http://voteforclintons.com/cloud/vote4hillary-hillaryclinton-to-want-strong-families-usa-newyork-basom/", "display_url": "voteforclintons.com/cloud/vote4hil\u2026"}], "media": [{"expanded_url": "http://twitter.com/voteforclintons/status/656913294402437120/photo/1", "display_url": "pic.twitter.com/4fGD2DjAFg", "url": "https://t.co/4fGD2DjAFg", "media_url_https": "https://pbs.twimg.com/media/CR3TKRvWIAAS6gC.png", "id_str": "656913294180098048", "sizes": {"small": {"h": 170, "resize": "fit", "w": 340}, "large": {"h": 250, "resize": "fit", "w": 500}, "medium": {"h": 250, "resize": "fit", "w": 500}, "thumb": {"h": 150, "resize": "crop", "w": 150}}, "indices": [103, 126], "type": "photo", "id": 656913294180098048, "media_url": "http://pbs.twimg.com/media/CR3TKRvWIAAS6gC.png"}]}, "in_reply_to_screen_name": null, "in_reply_to_user_id": null, "retweet_count": 0, "id_str": "656913294402437120", "favorited": false, "user": {"follow_request_sent": null, "has_extended_profile": false, "profile_use_background_image": true, "default_profile_image": false, "id": 3179493427, "profile_background_image_url_https": "https://pbs.twimg.com/profile_background_images/641236695782809600/YUW93DOT.jpg", "verified": false, "profile_text_color": "000000", "profile_image_url_https": "https://pbs.twimg.com/profile_images/652014098360635393/daAV27UC_normal.png", "profile_sidebar_fill_color": "000000", "entities": {"url": {"urls": [{"url": "http://t.co/vksBCSii1l", "indices": [0, 22], "expanded_url": "http://voteforclintons.com/", "display_url": "voteforclintons.com"}]}, "description": {"urls": [{"url": "https://t.co/NpFkgLJqoO", "indices": [122, 145], "expanded_url": "https://plus.google.com/collection/UBDcp", "display_url": "plus.google.com/collection/UBD\u2026"}]}}, "followers_count": 598, "profile_sidebar_border_color": "000000", "id_str": "3179493427", "profile_background_color": "FFCC4D", "listed_count": 28, "is_translation_enabled": false, "utc_offset": null, "statuses_count": 3385, "description": "PERSONAL|A FAN|VIEWS - #Vote4Hillary #Support4Clintons YES- #WeWillDoIt #HillaryClinton #Democrats RT- @MyGovHillary VOTE-https://t.co/NpFkgLJqoO", "friends_count": 1499, "location": "", "profile_link_color": "4A913C", "profile_image_url": "http://pbs.twimg.com/profile_images/652014098360635393/daAV27UC_normal.png", "following": null, "geo_enabled": false, "profile_banner_url": "https://pbs.twimg.com/profile_banners/3179493427/1441699063", "profile_background_image_url": "http://pbs.twimg.com/profile_background_images/641236695782809600/YUW93DOT.jpg", "screen_name": "voteforclintons", "lang": "en", "profile_background_tile": true, "favourites_count": 48, "name": "VikasG#Vote4Clintons", "notifications": null, "url": "http://t.co/vksBCSii1l", "created_at": "Wed Apr 29 15:21:04 +0000 2015", "contributors_enabled": false, "time_zone": null, "protected": false, "default_profile": false, "is_translator": false}, "geo": null, "in_reply_to_user_id_str": null, "possibly_sensitive": false, "lang": "en", "created_at": "Wed Oct 21 19:21:48 +0000 2015", "in_reply_to_status_id_str": null, "place": null, "metadata": {"iso_language_code": "en", "result_type": "recent"}}