{"contributors": null, "truncated": false, "text": "Americans want substance, not fake \"scandals\" #ImWithHer https://t.co/PiZHjMNSRl", "is_quote_status": true, "in_reply_to_status_id": null, "id": 656907037633310720, "favorite_count": 3, "entities": {"symbols": [], "user_mentions": [], "hashtags": [{"indices": [46, 56], "text": "ImWithHer"}], "urls": [{"url": "https://t.co/PiZHjMNSRl", "indices": [57, 80], "expanded_url": "https://twitter.com/VoteHillary2016/status/656906736977100801", "display_url": "twitter.com/VoteHillary201\u2026"}]}, "quoted_status_id": 656906736977100801, "retweeted": false, "coordinates": null, "quoted_status": {"contributors": null, "truncated": false, "text": "New Poll Reveals 59% Of Americans Are Sick Of Hearing About @HillaryClinton's Damn Emails https://t.co/yVWXIUol55 (A nod to @BernieSanders)", "is_quote_status": false, "in_reply_to_status_id": null, "id": 656906736977100801, "favorite_count": 2, "source": "<a href=\"http://twitter.com/download/android\" rel=\"nofollow\">Twitter for Android</a>", "retweeted": false, "coordinates": null, "entities": {"symbols": [], "user_mentions": [{"id": 1339835893, "indices": [60, 75], "id_str": "1339835893", "screen_name": "HillaryClinton", "name": "Hillary Clinton"}, {"id": 216776631, "indices": [124, 138], "id_str": "216776631", "screen_name": "BernieSanders", "name": "Bernie Sanders"}], "hashtags": [], "urls": [{"url": "https://t.co/yVWXIUol55", "indices": [90, 113], "expanded_url": "http://www.politicususa.com/2015/10/21/poll-reveals-59-americans-sick-hearing-clintons-damn-emails.html", "display_url": "politicususa.com/2015/10/21/pol\u2026"}]}, "in_reply_to_screen_name": null, "in_reply_to_user_id": null, "retweet_count": 2, "id_str": "656906736977100801", "favorited": false, "user": {"follow_request_sent": null, "has_extended_profile": false, "profile_use_background_image": true, "default_profile_image": false, "id": 197518793, "profile_background_image_url_https": "https://pbs.twimg.com/profile_background_images/709838735/79bdeecbb43fdd72afc08995e1481abf.jpeg", "verified": false, "profile_text_color": "333333", "profile_image_url_https": "https://pbs.twimg.com/profile_images/654908497285398528/Bi6H52Dp_normal.jpg", "profile_sidebar_fill_color": "DDEEF6", "entities": {"url": {"urls": [{"url": "https://t.co/LvPdoHS4MP", "indices": [0, 23], "expanded_url": "https://www.facebook.com/groups/RiseHillaryRise/", "display_url": "facebook.com/groups/RiseHil\u2026"}]}, "description": {"urls": [{"url": "http://t.co/QlTGSt4lTx", "indices": [115, 137], "expanded_url": "http://bit.ly/OulwM4", "display_url": "bit.ly/OulwM4"}, {"url": "http://t.co/VsGn2fZRlK", "indices": [138, 160], "expanded_url": "http://bit.ly/1juvg3d", "display_url": "bit.ly/1juvg3d"}]}}, "followers_count": 9859, "profile_sidebar_border_color": "FFFFFF", "id_str": "197518793", "profile_background_color": "C0DEED", "listed_count": 104, "is_translation_enabled": false, "utc_offset": -25200, "statuses_count": 39495, "description": "HillaryClintonForPresident2016@yahoo.com Admin: Steve Rosinski, Advance Man, Clinton/Gore White House; Interviews: http://t.co/QlTGSt4lTx http://t.co/VsGn2fZRlK", "friends_count": 406, "location": "", "profile_link_color": "00B339", "profile_image_url": "http://pbs.twimg.com/profile_images/654908497285398528/Bi6H52Dp_normal.jpg", "following": null, "geo_enabled": false, "profile_banner_url": "https://pbs.twimg.com/profile_banners/197518793/1443224983", "profile_background_image_url": "http://pbs.twimg.com/profile_background_images/709838735/79bdeecbb43fdd72afc08995e1481abf.jpeg", "screen_name": "VoteHillary2016", "lang": "en", "profile_background_tile": true, "favourites_count": 2332, "name": "Hillary Clinton", "notifications": null, "url": "https://t.co/LvPdoHS4MP", "created_at": "Fri Oct 01 18:25:57 +0000 2010", "contributors_enabled": false, "time_zone": "Pacific Time (US & Canada)", "protected": false, "default_profile": false, "is_translator": false}, "geo": null, "in_reply_to_user_id_str": null, "possibly_sensitive": false, "lang": "en", "created_at": "Wed Oct 21 18:55:45 +0000 2015", "in_reply_to_status_id_str": null, "place": null, "metadata": {"iso_language_code": "en", "result_type": "recent"}}, "source": "<a href=\"http://twitter.com\" rel=\"nofollow\">Twitter Web Client</a>", "in_reply_to_screen_name": null, "in_reply_to_user_id": null, "retweet_count": 1, "id_str": "656907037633310720", "favorited": false, "user": {"follow_request_sent": null, "has_extended_profile": false, "profile_use_background_image": false, "default_profile_image": false, "id": 3406500304, "profile_background_image_url_https": "https://abs.twimg.com/images/themes/theme1/bg.png", "verified": false, "profile_text_color": "000000", "profile_image_url_https": "https://pbs.twimg.com/profile_images/655753958678491136/1BG5_-Od_normal.jpg", "profile_sidebar_fill_color": "000000", "entities": {"description": {"urls": []}}, "followers_count": 142, "profile_sidebar_border_color": "000000", "id_str": "3406500304", "profile_background_color": "000000", "listed_count": 9, "is_translation_enabled": false, "utc_offset": null, "statuses_count": 1986, "description": "Hillary 2016 #WomenForHillary", "friends_count": 258, "location": "", "profile_link_color": "9266CC", "profile_image_url": "http://pbs.twimg.com/profile_images/655753958678491136/1BG5_-Od_normal.jpg", "following": null, "geo_enabled": false, "profile_banner_url": "https://pbs.twimg.com/profile_banners/3406500304/1440469911", "profile_background_image_url": "http://abs.twimg.com/images/themes/theme1/bg.png", "screen_name": "liviapolise", "lang": "en", "profile_background_tile": false, "favourites_count": 936, "name": "Livia Polise", "notifications": null, "url": null, "created_at": "Fri Aug 07 01:10:47 +0000 2015", "contributors_enabled": false, "time_zone": null, "protected": false, "default_profile": false, "is_translator": false}, "geo": null, "in_reply_to_user_id_str": null, "possibly_sensitive": false, "lang": "en", "created_at": "Wed Oct 21 18:56:57 +0000 2015", "quoted_status_id_str": "656906736977100801", "in_reply_to_status_id_str": null, "place": null, "metadata": {"iso_language_code": "en", "result_type": "recent"}}