{"contributors": null, "truncated": false, "text": "@ObaOlanrewaju oh gosh I hope so.. Just ya tweet saying that gets me so excited 2016!! #Hillary2016 #ItsHillaryTime https://t.co/KZWwUlYrqe", "is_quote_status": false, "in_reply_to_status_id": 656891935991427072, "id": 656900406732324864, "favorite_count": 0, "source": "<a href=\"http://twitter.com/download/iphone\" rel=\"nofollow\">Twitter for iPhone</a>", "retweeted": false, "coordinates": null, "entities": {"symbols": [], "user_mentions": [{"id": 35767109, "indices": [0, 14], "id_str": "35767109", "screen_name": "ObaOlanrewaju", "name": "Oba O. #OpenNASS"}], "hashtags": [{"indices": [87, 99], "text": "Hillary2016"}, {"indices": [100, 115], "text": "ItsHillaryTime"}], "urls": [], "media": [{"expanded_url": "http://twitter.com/silva1982/status/656900406732324864/photo/1", "display_url": "pic.twitter.com/KZWwUlYrqe", "url": "https://t.co/KZWwUlYrqe", "media_url_https": "https://pbs.twimg.com/media/CR3HbqFVAAAeTRU.jpg", "id_str": "656900398632992768", "sizes": {"large": {"h": 960, "resize": "fit", "w": 960}, "small": {"h": 340, "resize": "fit", "w": 340}, "medium": {"h": 600, "resize": "fit", "w": 600}, "thumb": {"h": 150, "resize": "crop", "w": 150}}, "indices": [116, 139], "type": "photo", "id": 656900398632992768, "media_url": "http://pbs.twimg.com/media/CR3HbqFVAAAeTRU.jpg"}]}, "in_reply_to_screen_name": "ObaOlanrewaju", "in_reply_to_user_id": 35767109, "retweet_count": 0, "id_str": "656900406732324864", "favorited": false, "user": {"follow_request_sent": null, "has_extended_profile": false, "profile_use_background_image": true, "default_profile_image": false, "id": 32240331, "profile_background_image_url_https": "https://pbs.twimg.com/profile_background_images/434582322/AllStar6.jpg", "verified": false, "profile_text_color": "362720", "profile_image_url_https": "https://pbs.twimg.com/profile_images/653993274869436416/7CTtIjEg_normal.jpg", "profile_sidebar_fill_color": "E5507E", "entities": {"url": {"urls": [{"url": "http://t.co/qcVqK8orLl", "indices": [0, 22], "expanded_url": "http://www.facebook.com/profile.php?id=100000583723408", "display_url": "facebook.com/profile.php?id\u2026"}]}, "description": {"urls": []}}, "followers_count": 970, "profile_sidebar_border_color": "CC3366", "id_str": "32240331", "profile_background_color": "FF6699", "listed_count": 16, "is_translation_enabled": false, "utc_offset": -14400, "statuses_count": 14119, "description": "#Hillary2016 #WWENXT", "friends_count": 666, "location": "Citizen Of The World Dahhling!", "profile_link_color": "B40B43", "profile_image_url": "http://pbs.twimg.com/profile_images/653993274869436416/7CTtIjEg_normal.jpg", "following": null, "geo_enabled": true, "profile_banner_url": "https://pbs.twimg.com/profile_banners/32240331/1444691428", "profile_background_image_url": "http://pbs.twimg.com/profile_background_images/434582322/AllStar6.jpg", "screen_name": "silva1982", "lang": "en", "profile_background_tile": false, "favourites_count": 7583, "name": "Tony Silva", "notifications": null, "url": "http://t.co/qcVqK8orLl", "created_at": "Fri Apr 17 01:24:59 +0000 2009", "contributors_enabled": false, "time_zone": "Eastern Time (US & Canada)", "protected": false, "default_profile": false, "is_translator": false}, "geo": null, "in_reply_to_user_id_str": "35767109", "possibly_sensitive": false, "lang": "en", "created_at": "Wed Oct 21 18:30:36 +0000 2015", "in_reply_to_status_id_str": "656891935991427072", "place": {"full_name": "Orlando, FL", "url": "https://api.twitter.com/1.1/geo/id/55b4f9e5c516e0b6.json", "country": "United States", "place_type": "city", "bounding_box": {"type": "Polygon", "coordinates": [[[-81.507905, 28.3882177], [-81.2276403, 28.3882177], [-81.2276403, 28.615139], [-81.507905, 28.615139]]]}, "contained_within": [], "country_code": "US", "attributes": {}, "id": "55b4f9e5c516e0b6", "name": "Orlando"}, "metadata": {"iso_language_code": "en", "result_type": "recent"}}