{"contributors": null, "truncated": false, "text": "#Trump : #Biden Made 'Correct Decision,' Bring On #HillaryClinton 's 'Bad Record' - https://t.co/MLFcg8VoBx", "is_quote_status": false, "in_reply_to_status_id": null, "id": 656906073161531392, "favorite_count": 0, "source": "<a href=\"https://about.twitter.com/products/tweetdeck\" rel=\"nofollow\">TweetDeck</a>", "retweeted": false, "coordinates": null, "entities": {"symbols": [], "user_mentions": [], "hashtags": [{"indices": [0, 6], "text": "Trump"}, {"indices": [9, 15], "text": "Biden"}, {"indices": [50, 65], "text": "HillaryClinton"}], "urls": [{"url": "https://t.co/MLFcg8VoBx", "indices": [84, 107], "expanded_url": "http://hotpagenews.com/r/122218", "display_url": "hotpagenews.com/r/122218"}]}, "in_reply_to_screen_name": null, "in_reply_to_user_id": null, "retweet_count": 0, "id_str": "656906073161531392", "favorited": false, "user": {"follow_request_sent": null, "has_extended_profile": false, "profile_use_background_image": true, "default_profile_image": false, "id": 23954327, "profile_background_image_url_https": "https://abs.twimg.com/images/themes/theme1/bg.png", "verified": false, "profile_text_color": "333333", "profile_image_url_https": "https://pbs.twimg.com/profile_images/513815303906545664/t8BNuo1P_normal.jpeg", "profile_sidebar_fill_color": "DDEEF6", "entities": {"url": {"urls": [{"url": "http://t.co/tBHEZ1PaKD", "indices": [0, 22], "expanded_url": "http://www.hotpagenews.com", "display_url": "hotpagenews.com"}]}, "description": {"urls": []}}, "followers_count": 16277, "profile_sidebar_border_color": "C0DEED", "id_str": "23954327", "profile_background_color": "C0DEED", "listed_count": 362, "is_translation_enabled": false, "utc_offset": -14400, "statuses_count": 130231, "description": "Leading Source of Breaking News, Top, Popular and Interesting Stories", "friends_count": 1172, "location": "US", "profile_link_color": "0084B4", "profile_image_url": "http://pbs.twimg.com/profile_images/513815303906545664/t8BNuo1P_normal.jpeg", "following": null, "geo_enabled": false, "profile_banner_url": "https://pbs.twimg.com/profile_banners/23954327/1405468780", "profile_background_image_url": "http://abs.twimg.com/images/themes/theme1/bg.png", "screen_name": "HotpageInfo", "lang": "en", "profile_background_tile": false, "favourites_count": 1, "name": "Hotpage News", "notifications": null, "url": "http://t.co/tBHEZ1PaKD", "created_at": "Thu Mar 12 14:16:30 +0000 2009", "contributors_enabled": false, "time_zone": "Eastern Time (US & Canada)", "protected": false, "default_profile": true, "is_translator": false}, "geo": null, "in_reply_to_user_id_str": null, "possibly_sensitive": false, "lang": "en", "created_at": "Wed Oct 21 18:53:07 +0000 2015", "in_reply_to_status_id_str": null, "place": null, "metadata": {"iso_language_code": "en", "result_type": "recent"}}