{"contributors": null, "truncated": false, "text": "The force be with you, Trey Gody against the forces of evil - #HillaryClinton  https://t.co/NTc4pz3AQt", "is_quote_status": true, "in_reply_to_status_id": null, "id": 656910672396230656, "favorite_count": 0, "entities": {"symbols": [], "user_mentions": [], "hashtags": [{"indices": [62, 77], "text": "HillaryClinton"}], "urls": [{"url": "https://t.co/NTc4pz3AQt", "indices": [79, 102], "expanded_url": "https://twitter.com/mikandynothem/status/656661741368049664", "display_url": "twitter.com/mikandynothem/\u2026"}]}, "quoted_status_id": 656661741368049664, "retweeted": false, "coordinates": null, "quoted_status": {"contributors": null, "truncated": false, "text": "\u261eRETWEET\u261c if you believe @TGowdySC will tear Hillary up on Thursday in #Benghazi hearings! \n#tcot #pjnet #FoxNews https://t.co/614vfLvZeg", "is_quote_status": false, "in_reply_to_status_id": null, "id": 656661741368049664, "favorite_count": 201, "source": "<a href=\"http://twitter.com\" rel=\"nofollow\">Twitter Web Client</a>", "retweeted": false, "coordinates": null, "entities": {"symbols": [], "user_mentions": [{"id": 237348797, "indices": [25, 34], "id_str": "237348797", "screen_name": "TGowdySC", "name": "Trey Gowdy"}], "hashtags": [{"indices": [71, 80], "text": "Benghazi"}, {"indices": [92, 97], "text": "tcot"}, {"indices": [98, 104], "text": "pjnet"}, {"indices": [105, 113], "text": "FoxNews"}], "urls": [], "media": [{"expanded_url": "http://twitter.com/mikandynothem/status/656661741368049664/photo/1", "display_url": "pic.twitter.com/614vfLvZeg", "url": "https://t.co/614vfLvZeg", "media_url_https": "https://pbs.twimg.com/media/CRzuX81VEAAPBlf.jpg", "id_str": "656661740923457536", "sizes": {"large": {"h": 386, "resize": "fit", "w": 599}, "small": {"h": 219, "resize": "fit", "w": 340}, "medium": {"h": 386, "resize": "fit", "w": 599}, "thumb": {"h": 150, "resize": "crop", "w": 150}}, "indices": [114, 137], "type": "photo", "id": 656661740923457536, "media_url": "http://pbs.twimg.com/media/CRzuX81VEAAPBlf.jpg"}]}, "in_reply_to_screen_name": null, "in_reply_to_user_id": null, "retweet_count": 261, "id_str": "656661741368049664", "favorited": false, "user": {"follow_request_sent": null, "has_extended_profile": false, "profile_use_background_image": true, "default_profile_image": false, "id": 492833134, "profile_background_image_url_https": "https://pbs.twimg.com/profile_background_images/637788024193941505/osEZOM8g.jpg", "verified": false, "profile_text_color": "333333", "profile_image_url_https": "https://pbs.twimg.com/profile_images/603574603810668544/lvosb8kT_normal.jpg", "profile_sidebar_fill_color": "DDEEF6", "entities": {"url": {"urls": [{"url": "http://t.co/VEHqitiWu0", "indices": [0, 22], "expanded_url": "http://www.facebook.com/profile.php?id=1499707800", "display_url": "facebook.com/profile.php?id\u2026"}]}, "description": {"urls": []}}, "followers_count": 137946, "profile_sidebar_border_color": "000000", "id_str": "492833134", "profile_background_color": "000000", "listed_count": 1048, "is_translation_enabled": false, "utc_offset": null, "statuses_count": 24311, "description": "Management; Teacher; Singer; Dreamer; Bills fan; Married 30 years; 4 boys, one whom we lost. 3 grandchildren. Life is a gift...live it! #LNYHBT #TCOT", "friends_count": 107764, "location": "Las Vegas", "profile_link_color": "DD2E44", "profile_image_url": "http://pbs.twimg.com/profile_images/603574603810668544/lvosb8kT_normal.jpg", "following": null, "geo_enabled": false, "profile_banner_url": "https://pbs.twimg.com/profile_banners/492833134/1432699130", "profile_background_image_url": "http://pbs.twimg.com/profile_background_images/637788024193941505/osEZOM8g.jpg", "screen_name": "mikandynothem", "lang": "en", "profile_background_tile": false, "favourites_count": 3197, "name": "Michael A N\u00f6them", "notifications": null, "url": "http://t.co/VEHqitiWu0", "created_at": "Wed Feb 15 05:18:05 +0000 2012", "contributors_enabled": false, "time_zone": null, "protected": false, "default_profile": false, "is_translator": false}, "geo": null, "in_reply_to_user_id_str": null, "possibly_sensitive": false, "lang": "en", "created_at": "Wed Oct 21 02:42:13 +0000 2015", "in_reply_to_status_id_str": null, "place": null, "metadata": {"iso_language_code": "en", "result_type": "recent"}}, "source": "<a href=\"http://twitter.com\" rel=\"nofollow\">Twitter Web Client</a>", "in_reply_to_screen_name": null, "in_reply_to_user_id": null, "retweet_count": 0, "id_str": "656910672396230656", "favorited": false, "user": {"follow_request_sent": null, "has_extended_profile": false, "profile_use_background_image": true, "default_profile_image": false, "id": 275701123, "profile_background_image_url_https": "https://abs.twimg.com/images/themes/theme4/bg.gif", "verified": false, "profile_text_color": "3C3940", "profile_image_url_https": "https://pbs.twimg.com/profile_images/1296414189/taxpr_4111_normal.jpg", "profile_sidebar_fill_color": "95E8EC", "entities": {"description": {"urls": []}}, "followers_count": 2727, "profile_sidebar_border_color": "5ED4DC", "id_str": "275701123", "profile_background_color": "0099B9", "listed_count": 87, "is_translation_enabled": false, "utc_offset": -18000, "statuses_count": 46493, "description": "(Politics tweets - non PC) Yeah, the leftist Socialists caught us sleeping and raped our wallets & freedoms over last few decades. We woke up. The party's over.", "friends_count": 1845, "location": "USA", "profile_link_color": "0099B9", "profile_image_url": "http://pbs.twimg.com/profile_images/1296414189/taxpr_4111_normal.jpg", "following": null, "geo_enabled": false, "profile_background_image_url": "http://abs.twimg.com/images/themes/theme4/bg.gif", "screen_name": "TeaPartyStance", "lang": "en", "profile_background_tile": false, "favourites_count": 118, "name": "US Taxpayer", "notifications": null, "url": null, "created_at": "Fri Apr 01 20:33:17 +0000 2011", "contributors_enabled": false, "time_zone": "Quito", "protected": false, "default_profile": false, "is_translator": false}, "geo": null, "in_reply_to_user_id_str": null, "possibly_sensitive": false, "lang": "en", "created_at": "Wed Oct 21 19:11:23 +0000 2015", "quoted_status_id_str": "656661741368049664", "in_reply_to_status_id_str": null, "place": null, "metadata": {"iso_language_code": "en", "result_type": "recent"}}