{"contributors": null, "truncated": false, "text": "Heartwrenching... #HillaryClinton Mother of Benghazi Victim Erupts at Hillary Clinton: 'She's Lying!' https://t.co/b3m8zup7Jz via @mediaite", "is_quote_status": false, "in_reply_to_status_id": null, "id": 656905029966671872, "favorite_count": 1, "source": "<a href=\"http://twitter.com\" rel=\"nofollow\">Twitter Web Client</a>", "retweeted": false, "coordinates": null, "entities": {"symbols": [], "user_mentions": [{"id": 29465136, "indices": [130, 139], "id_str": "29465136", "screen_name": "Mediaite", "name": "Mediaite"}], "hashtags": [{"indices": [18, 33], "text": "HillaryClinton"}], "urls": [{"url": "https://t.co/b3m8zup7Jz", "indices": [102, 125], "expanded_url": "http://www.mediaite.com/tv/mother-of-benghazi-victim-erupts-at-hillary-clinton-shes-lying/", "display_url": "mediaite.com/tv/mother-of-b\u2026"}]}, "in_reply_to_screen_name": null, "in_reply_to_user_id": null, "retweet_count": 1, "id_str": "656905029966671872", "favorited": false, "user": {"follow_request_sent": null, "has_extended_profile": false, "profile_use_background_image": false, "default_profile_image": false, "id": 3719316499, "profile_background_image_url_https": "https://abs.twimg.com/images/themes/theme1/bg.png", "verified": false, "profile_text_color": "000000", "profile_image_url_https": "https://pbs.twimg.com/profile_images/648655444429303808/zU1kP7AA_normal.jpg", "profile_sidebar_fill_color": "000000", "entities": {"description": {"urls": []}}, "followers_count": 125, "profile_sidebar_border_color": "000000", "id_str": "3719316499", "profile_background_color": "000000", "listed_count": 4, "is_translation_enabled": false, "utc_offset": null, "statuses_count": 368, "description": "Conservative, don't bloc vote i.e. women, Latina, whatever so. Mom, Glamma, wife of scientist, LOVE God, country intellectual convos & debate. ProLIFE", "friends_count": 147, "location": "", "profile_link_color": "3B94D9", "profile_image_url": "http://pbs.twimg.com/profile_images/648655444429303808/zU1kP7AA_normal.jpg", "following": null, "geo_enabled": false, "profile_banner_url": "https://pbs.twimg.com/profile_banners/3719316499/1443485954", "profile_background_image_url": "http://abs.twimg.com/images/themes/theme1/bg.png", "screen_name": "LLLibertee", "lang": "en", "profile_background_tile": false, "favourites_count": 53, "name": "Nina Rod", "notifications": null, "url": null, "created_at": "Mon Sep 28 22:30:38 +0000 2015", "contributors_enabled": false, "time_zone": null, "protected": false, "default_profile": false, "is_translator": false}, "geo": null, "in_reply_to_user_id_str": null, "possibly_sensitive": false, "lang": "en", "created_at": "Wed Oct 21 18:48:58 +0000 2015", "in_reply_to_status_id_str": null, "place": null, "metadata": {"iso_language_code": "en", "result_type": "recent"}}