{"contributors": null, "truncated": false, "text": "RT @Lettera43: Joe #Biden rinuncia alla nomination democratica per la Casa Bianca. Uno sfidante in meno per #HillaryClinton.\n\nhttps://t.co/\u2026", "is_quote_status": false, "in_reply_to_status_id": null, "id": 656907110593273856, "favorite_count": 0, "source": "<a href=\"http://twitter.com/download/android\" rel=\"nofollow\">Twitter for Android</a>", "retweeted": false, "coordinates": null, "entities": {"symbols": [], "user_mentions": [{"id": 200028163, "indices": [3, 13], "id_str": "200028163", "screen_name": "Lettera43", "name": "Lettera43"}], "hashtags": [{"indices": [19, 25], "text": "Biden"}, {"indices": [108, 123], "text": "HillaryClinton"}], "urls": [{"url": "https://t.co/Rqqk45Mxvy", "indices": [126, 140], "expanded_url": "http://l43.it/1Lo5gEV", "display_url": "l43.it/1Lo5gEV"}]}, "in_reply_to_screen_name": null, "in_reply_to_user_id": null, "retweet_count": 2, "id_str": "656907110593273856", "favorited": false, "retweeted_status": {"contributors": null, "truncated": false, "text": "Joe #Biden rinuncia alla nomination democratica per la Casa Bianca. Uno sfidante in meno per #HillaryClinton.\n\nhttps://t.co/Rqqk45Mxvy", "is_quote_status": false, "in_reply_to_status_id": null, "id": 656902256223195136, "favorite_count": 1, "source": "<a href=\"http://twitter.com\" rel=\"nofollow\">Twitter Web Client</a>", "retweeted": false, "coordinates": null, "entities": {"symbols": [], "user_mentions": [], "hashtags": [{"indices": [4, 10], "text": "Biden"}, {"indices": [93, 108], "text": "HillaryClinton"}], "urls": [{"url": "https://t.co/Rqqk45Mxvy", "indices": [111, 134], "expanded_url": "http://l43.it/1Lo5gEV", "display_url": "l43.it/1Lo5gEV"}]}, "in_reply_to_screen_name": null, "in_reply_to_user_id": null, "retweet_count": 2, "id_str": "656902256223195136", "favorited": false, "user": {"follow_request_sent": null, "has_extended_profile": false, "profile_use_background_image": true, "default_profile_image": false, "id": 200028163, "profile_background_image_url_https": "https://pbs.twimg.com/profile_background_images/477127110/L43-TW-testata-s.png", "verified": false, "profile_text_color": "333333", "profile_image_url_https": "https://pbs.twimg.com/profile_images/1139889784/Unknown-1_normal.jpeg", "profile_sidebar_fill_color": "EFEFEF", "entities": {"url": {"urls": [{"url": "http://t.co/LfinRoMbK1", "indices": [0, 22], "expanded_url": "http://www.lettera43.it/", "display_url": "lettera43.it"}]}, "description": {"urls": []}}, "followers_count": 73949, "profile_sidebar_border_color": "BF2030", "id_str": "200028163", "profile_background_color": "2D2F2E", "listed_count": 1335, "is_translation_enabled": false, "utc_offset": null, "statuses_count": 80363, "description": "Quotidiano Online Indipendente", "friends_count": 1755, "location": "Italia", "profile_link_color": "BF2030", "profile_image_url": "http://pbs.twimg.com/profile_images/1139889784/Unknown-1_normal.jpeg", "following": null, "geo_enabled": true, "profile_banner_url": "https://pbs.twimg.com/profile_banners/200028163/1426091205", "profile_background_image_url": "http://pbs.twimg.com/profile_background_images/477127110/L43-TW-testata-s.png", "screen_name": "Lettera43", "lang": "it", "profile_background_tile": false, "favourites_count": 279, "name": "Lettera43", "notifications": null, "url": "http://t.co/LfinRoMbK1", "created_at": "Fri Oct 08 08:22:06 +0000 2010", "contributors_enabled": false, "time_zone": null, "protected": false, "default_profile": false, "is_translator": false}, "geo": null, "in_reply_to_user_id_str": null, "possibly_sensitive": false, "lang": "it", "created_at": "Wed Oct 21 18:37:57 +0000 2015", "in_reply_to_status_id_str": null, "place": null, "metadata": {"iso_language_code": "it", "result_type": "recent"}}, "user": {"follow_request_sent": null, "has_extended_profile": false, "profile_use_background_image": true, "default_profile_image": false, "id": 3069843927, "profile_background_image_url_https": "https://abs.twimg.com/images/themes/theme9/bg.gif", "verified": false, "profile_text_color": "666666", "profile_image_url_https": "https://pbs.twimg.com/profile_images/645867711738851329/RWphkNzg_normal.jpg", "profile_sidebar_fill_color": "252429", "entities": {"description": {"urls": []}}, "followers_count": 1356, "profile_sidebar_border_color": "181A1E", "id_str": "3069843927", "profile_background_color": "1A1B1F", "listed_count": 178, "is_translation_enabled": false, "utc_offset": 7200, "statuses_count": 56627, "description": "Le opinioni qui espresse sono personali.                       Bisognerebbe fare un lungo esame di coscienza prima di pensare a criticare gli altri!", "friends_count": 1932, "location": "Italia", "profile_link_color": "2FC2EF", "profile_image_url": "http://pbs.twimg.com/profile_images/645867711738851329/RWphkNzg_normal.jpg", "following": null, "geo_enabled": false, "profile_banner_url": "https://pbs.twimg.com/profile_banners/3069843927/1442340987", "profile_background_image_url": "http://abs.twimg.com/images/themes/theme9/bg.gif", "screen_name": "webnauta59", "lang": "it", "profile_background_tile": false, "favourites_count": 16272, "name": "Webnauta", "notifications": null, "url": null, "created_at": "Wed Mar 04 13:12:06 +0000 2015", "contributors_enabled": false, "time_zone": "Rome", "protected": false, "default_profile": false, "is_translator": false}, "geo": null, "in_reply_to_user_id_str": null, "possibly_sensitive": false, "lang": "it", "created_at": "Wed Oct 21 18:57:14 +0000 2015", "in_reply_to_status_id_str": null, "place": null, "metadata": {"iso_language_code": "it", "result_type": "recent"}}