{"contributors": null, "truncated": false, "text": "RT @HillaryforNV: Thank you, Secretary @Madeleine Albright, for a fantastic conversation with #NVwomen4Hillary! #Hillary2016 https://t.co/Y\u2026", "is_quote_status": false, "in_reply_to_status_id": null, "id": 656904268629344257, "favorite_count": 0, "source": "<a href=\"http://twitter.com/download/iphone\" rel=\"nofollow\">Twitter for iPhone</a>", "retweeted": false, "coordinates": null, "entities": {"symbols": [], "user_mentions": [{"id": 3065753301, "indices": [3, 16], "id_str": "3065753301", "screen_name": "HillaryforNV", "name": "Hillary for Nevada"}, {"id": 1707321486, "indices": [39, 49], "id_str": "1707321486", "screen_name": "madeleine", "name": "Madeleine Albright"}], "hashtags": [{"indices": [94, 110], "text": "NVwomen4Hillary"}, {"indices": [112, 124], "text": "Hillary2016"}], "urls": [], "media": [{"source_user_id": 3065753301, "source_status_id_str": "656553460179955712", "expanded_url": "http://twitter.com/HillaryforNV/status/656553460179955712/photo/1", "display_url": "pic.twitter.com/YDgUbR6IuR", "url": "https://t.co/YDgUbR6IuR", "media_url_https": "https://pbs.twimg.com/media/CRyL4qcUYAA_CFZ.jpg", "source_user_id_str": "3065753301", "source_status_id": 656553460179955712, "id_str": "656553451271249920", "sizes": {"small": {"h": 226, "resize": "fit", "w": 340}, "large": {"h": 682, "resize": "fit", "w": 1024}, "medium": {"h": 399, "resize": "fit", "w": 600}, "thumb": {"h": 150, "resize": "crop", "w": 150}}, "indices": [125, 140], "type": "photo", "id": 656553451271249920, "media_url": "http://pbs.twimg.com/media/CRyL4qcUYAA_CFZ.jpg"}]}, "in_reply_to_screen_name": null, "in_reply_to_user_id": null, "retweet_count": 52, "id_str": "656904268629344257", "favorited": false, "retweeted_status": {"contributors": null, "truncated": false, "text": "Thank you, Secretary @Madeleine Albright, for a fantastic conversation with #NVwomen4Hillary! #Hillary2016 https://t.co/YDgUbR6IuR", "is_quote_status": false, "in_reply_to_status_id": null, "id": 656553460179955712, "favorite_count": 27, "source": "<a href=\"http://twitter.com/download/iphone\" rel=\"nofollow\">Twitter for iPhone</a>", "retweeted": false, "coordinates": null, "entities": {"symbols": [], "user_mentions": [{"id": 1707321486, "indices": [21, 31], "id_str": "1707321486", "screen_name": "madeleine", "name": "Madeleine Albright"}], "hashtags": [{"indices": [76, 92], "text": "NVwomen4Hillary"}, {"indices": [94, 106], "text": "Hillary2016"}], "urls": [], "media": [{"expanded_url": "http://twitter.com/HillaryforNV/status/656553460179955712/photo/1", "display_url": "pic.twitter.com/YDgUbR6IuR", "url": "https://t.co/YDgUbR6IuR", "media_url_https": "https://pbs.twimg.com/media/CRyL4qcUYAA_CFZ.jpg", "id_str": "656553451271249920", "sizes": {"small": {"h": 226, "resize": "fit", "w": 340}, "large": {"h": 682, "resize": "fit", "w": 1024}, "medium": {"h": 399, "resize": "fit", "w": 600}, "thumb": {"h": 150, "resize": "crop", "w": 150}}, "indices": [107, 130], "type": "photo", "id": 656553451271249920, "media_url": "http://pbs.twimg.com/media/CRyL4qcUYAA_CFZ.jpg"}]}, "in_reply_to_screen_name": null, "in_reply_to_user_id": null, "retweet_count": 52, "id_str": "656553460179955712", "favorited": false, "user": {"follow_request_sent": null, "has_extended_profile": false, "profile_use_background_image": true, "default_profile_image": false, "id": 3065753301, "profile_background_image_url_https": "https://abs.twimg.com/images/themes/theme1/bg.png", "verified": false, "profile_text_color": "333333", "profile_image_url_https": "https://pbs.twimg.com/profile_images/646068702924812288/R2iavDtj_normal.jpg", "profile_sidebar_fill_color": "DDEEF6", "entities": {"url": {"urls": [{"url": "http://t.co/LLVliQc2VK", "indices": [0, 22], "expanded_url": "http://fb.me/hillaryforNV", "display_url": "fb.me/hillaryforNV"}]}, "description": {"urls": []}}, "followers_count": 5422, "profile_sidebar_border_color": "C0DEED", "id_str": "3065753301", "profile_background_color": "C0DEED", "listed_count": 110, "is_translation_enabled": false, "utc_offset": null, "statuses_count": 1773, "description": "We're the official account for the grassroots team organizing to elect @HillaryClinton. Follow us for the latest #Hillary2016 updates!", "friends_count": 275, "location": "Nevada", "profile_link_color": "0084B4", "profile_image_url": "http://pbs.twimg.com/profile_images/646068702924812288/R2iavDtj_normal.jpg", "following": null, "geo_enabled": false, "profile_banner_url": "https://pbs.twimg.com/profile_banners/3065753301/1428867683", "profile_background_image_url": "http://abs.twimg.com/images/themes/theme1/bg.png", "screen_name": "HillaryforNV", "lang": "en", "profile_background_tile": false, "favourites_count": 613, "name": "Hillary for Nevada", "notifications": null, "url": "http://t.co/LLVliQc2VK", "created_at": "Sun Mar 01 19:50:04 +0000 2015", "contributors_enabled": false, "time_zone": null, "protected": false, "default_profile": true, "is_translator": false}, "geo": null, "in_reply_to_user_id_str": null, "possibly_sensitive": false, "lang": "en", "created_at": "Tue Oct 20 19:31:57 +0000 2015", "in_reply_to_status_id_str": null, "place": null, "metadata": {"iso_language_code": "en", "result_type": "recent"}}, "user": {"follow_request_sent": null, "has_extended_profile": false, "profile_use_background_image": true, "default_profile_image": false, "id": 612057704, "profile_background_image_url_https": "https://abs.twimg.com/images/themes/theme1/bg.png", "verified": false, "profile_text_color": "333333", "profile_image_url_https": "https://pbs.twimg.com/profile_images/636318447375282176/FAPm-vPT_normal.png", "profile_sidebar_fill_color": "DDEEF6", "entities": {"description": {"urls": []}}, "followers_count": 613, "profile_sidebar_border_color": "C0DEED", "id_str": "612057704", "profile_background_color": "C0DEED", "listed_count": 34, "is_translation_enabled": false, "utc_offset": null, "statuses_count": 8352, "description": "proud to be a Big Sister", "friends_count": 793, "location": "", "profile_link_color": "0084B4", "profile_image_url": "http://pbs.twimg.com/profile_images/636318447375282176/FAPm-vPT_normal.png", "following": null, "geo_enabled": false, "profile_banner_url": "https://pbs.twimg.com/profile_banners/612057704/1408588737", "profile_background_image_url": "http://abs.twimg.com/images/themes/theme1/bg.png", "screen_name": "ManMet80", "lang": "en", "profile_background_tile": false, "favourites_count": 16127, "name": "hillary2016", "notifications": null, "url": null, "created_at": "Mon Jun 18 22:34:31 +0000 2012", "contributors_enabled": false, "time_zone": null, "protected": false, "default_profile": true, "is_translator": false}, "geo": null, "in_reply_to_user_id_str": null, "possibly_sensitive": false, "lang": "en", "created_at": "Wed Oct 21 18:45:56 +0000 2015", "in_reply_to_status_id_str": null, "place": null, "metadata": {"iso_language_code": "en", "result_type": "recent"}}