{"contributors": null, "truncated": false, "text": "You need a new crystal ball &amp; brain, @BillKristol! @jayrosen_nyu #JoeBiden #Joementum @edsikov @uppityfag @RepSims @48hills @VP #Hillary2016", "is_quote_status": false, "in_reply_to_status_id": 656476177620692992, "id": 656912784588836864, "favorite_count": 2, "source": "<a href=\"http://twitter.com\" rel=\"nofollow\">Twitter Web Client</a>", "retweeted": false, "coordinates": null, "entities": {"symbols": [], "user_mentions": [{"id": 2800581040, "indices": [41, 53], "id_str": "2800581040", "screen_name": "BillKristol", "name": "Bill Kristol"}, {"id": 14834340, "indices": [55, 68], "id_str": "14834340", "screen_name": "jayrosen_nyu", "name": "Jay Rosen "}, {"id": 222092770, "indices": [90, 98], "id_str": "222092770", "screen_name": "edsikov", "name": "Ed Sikov"}, {"id": 106433398, "indices": [99, 109], "id_str": "106433398", "screen_name": "uppityfag", "name": "Patrick Connors"}, {"id": 976735243, "indices": [110, 118], "id_str": "976735243", "screen_name": "RepSims", "name": "Rep. Brian Sims"}, {"id": 3010840484, "indices": [119, 127], "id_str": "3010840484", "screen_name": "48hills", "name": "48 Hills "}, {"id": 325830217, "indices": [128, 131], "id_str": "325830217", "screen_name": "VP", "name": "Vice President Biden"}], "hashtags": [{"indices": [69, 78], "text": "JoeBiden"}, {"indices": [79, 89], "text": "Joementum"}, {"indices": [132, 144], "text": "Hillary2016"}], "urls": []}, "in_reply_to_screen_name": "BillKristol", "in_reply_to_user_id": 2800581040, "retweet_count": 0, "id_str": "656912784588836864", "favorited": false, "user": {"follow_request_sent": null, "has_extended_profile": false, "profile_use_background_image": true, "default_profile_image": false, "id": 1056071892, "profile_background_image_url_https": "https://pbs.twimg.com/profile_background_images/517854149661040641/24z4L_pS.jpeg", "verified": false, "profile_text_color": "333333", "profile_image_url_https": "https://pbs.twimg.com/profile_images/653799679130382336/wej_vo72_normal.png", "profile_sidebar_fill_color": "DDEEF6", "entities": {"url": {"urls": [{"url": "http://t.co/UKIdcCKhsw", "indices": [0, 22], "expanded_url": "http://mpetrelis.blogspot.com/", "display_url": "mpetrelis.blogspot.com"}]}, "description": {"urls": []}}, "followers_count": 725, "profile_sidebar_border_color": "FFFFFF", "id_str": "1056071892", "profile_background_color": "C0DEED", "listed_count": 63, "is_translation_enabled": false, "utc_offset": -25200, "statuses_count": 12106, "description": "Pleas give me your vote for Mayor of SF. I'm a write-in candidate for pissed off voters!", "friends_count": 533, "location": "Queerville, America", "profile_link_color": "00B3B3", "profile_image_url": "http://pbs.twimg.com/profile_images/653799679130382336/wej_vo72_normal.png", "following": null, "geo_enabled": false, "profile_banner_url": "https://pbs.twimg.com/profile_banners/1056071892/1412399879", "profile_background_image_url": "http://pbs.twimg.com/profile_background_images/517854149661040641/24z4L_pS.jpeg", "screen_name": "MichaelPetrelis", "lang": "en", "profile_background_tile": true, "favourites_count": 1581, "name": "Write-In 4 SF Mayor", "notifications": null, "url": "http://t.co/UKIdcCKhsw", "created_at": "Wed Jan 02 20:55:05 +0000 2013", "contributors_enabled": false, "time_zone": "Pacific Time (US & Canada)", "protected": false, "default_profile": false, "is_translator": false}, "geo": null, "in_reply_to_user_id_str": "2800581040", "lang": "en", "created_at": "Wed Oct 21 19:19:47 +0000 2015", "in_reply_to_status_id_str": "656476177620692992", "place": null, "metadata": {"iso_language_code": "en", "result_type": "recent"}}