{"contributors": null, "truncated": false, "text": "4 American lives sacrificed for political expediency #Hillary2016", "is_quote_status": false, "in_reply_to_status_id": null, "id": 656902682746167297, "favorite_count": 0, "source": "<a href=\"http://twitter.com/download/iphone\" rel=\"nofollow\">Twitter for iPhone</a>", "retweeted": false, "coordinates": null, "entities": {"symbols": [], "user_mentions": [], "hashtags": [{"indices": [53, 65], "text": "Hillary2016"}], "urls": []}, "in_reply_to_screen_name": null, "in_reply_to_user_id": null, "retweet_count": 0, "id_str": "656902682746167297", "favorited": false, "user": {"follow_request_sent": null, "has_extended_profile": false, "profile_use_background_image": true, "default_profile_image": false, "id": 289747077, "profile_background_image_url_https": "https://abs.twimg.com/images/themes/theme1/bg.png", "verified": false, "profile_text_color": "333333", "profile_image_url_https": "https://pbs.twimg.com/profile_images/508582461341990912/eyjfClSB_normal.jpeg", "profile_sidebar_fill_color": "DDEEF6", "entities": {"description": {"urls": []}}, "followers_count": 38, "profile_sidebar_border_color": "C0DEED", "id_str": "289747077", "profile_background_color": "C0DEED", "listed_count": 1, "is_translation_enabled": false, "utc_offset": -25200, "statuses_count": 359, "description": "Hi! My name is Ron.", "friends_count": 40, "location": "Fort Myers, FL", "profile_link_color": "0084B4", "profile_image_url": "http://pbs.twimg.com/profile_images/508582461341990912/eyjfClSB_normal.jpeg", "following": null, "geo_enabled": true, "profile_banner_url": "https://pbs.twimg.com/profile_banners/289747077/1427369704", "profile_background_image_url": "http://abs.twimg.com/images/themes/theme1/bg.png", "screen_name": "RonMahan1", "lang": "en", "profile_background_tile": false, "favourites_count": 221, "name": "Ron Mahan", "notifications": null, "url": null, "created_at": "Fri Apr 29 04:26:38 +0000 2011", "contributors_enabled": false, "time_zone": "Pacific Time (US & Canada)", "protected": false, "default_profile": true, "is_translator": false}, "geo": null, "in_reply_to_user_id_str": null, "lang": "en", "created_at": "Wed Oct 21 18:39:38 +0000 2015", "in_reply_to_status_id_str": null, "place": {"full_name": "Fort Myers, FL", "url": "https://api.twitter.com/1.1/geo/id/711c63250a2df503.json", "country": "United States", "place_type": "city", "bounding_box": {"type": "Polygon", "coordinates": [[[-81.895498, 26.564625], [-81.750855, 26.564625], [-81.750855, 26.679673], [-81.895498, 26.679673]]]}, "contained_within": [], "country_code": "US", "attributes": {}, "id": "711c63250a2df503", "name": "Fort Myers"}, "metadata": {"iso_language_code": "en", "result_type": "recent"}}