{"contributors": null, "truncated": false, "text": "My theory includes the words #liar &amp; #cunt. How about you?  #HillaryClinton #Hillary2016 #Hillary  https://t.co/HGO1bu0Y1H", "is_quote_status": true, "in_reply_to_status_id": null, "id": 656907896173830145, "favorite_count": 0, "entities": {"symbols": [], "user_mentions": [], "hashtags": [{"indices": [29, 34], "text": "liar"}, {"indices": [41, 46], "text": "cunt"}, {"indices": [64, 79], "text": "HillaryClinton"}, {"indices": [80, 92], "text": "Hillary2016"}, {"indices": [93, 101], "text": "Hillary"}], "urls": [{"url": "https://t.co/HGO1bu0Y1H", "indices": [103, 126], "expanded_url": "https://twitter.com/Slate/status/656907123658485760", "display_url": "twitter.com/Slate/status/6\u2026"}]}, "quoted_status_id": 656907123658485760, "retweeted": false, "coordinates": null, "quoted_status": {"contributors": null, "truncated": false, "text": "Gloria Steinem\u2019s theory of why women don\u2019t like Hillary Clinton is insulting: https://t.co/HwPyOrlAYe https://t.co/NpaC0TPryw", "is_quote_status": false, "in_reply_to_status_id": null, "id": 656907123658485760, "favorite_count": 23, "source": "<a href=\"http://www.socialflow.com\" rel=\"nofollow\">SocialFlow</a>", "retweeted": false, "coordinates": null, "entities": {"symbols": [], "user_mentions": [], "hashtags": [], "urls": [{"url": "https://t.co/HwPyOrlAYe", "indices": [78, 101], "expanded_url": "http://slate.me/1ZY4O84", "display_url": "slate.me/1ZY4O84"}], "media": [{"expanded_url": "http://twitter.com/Slate/status/656907123658485760/photo/1", "display_url": "pic.twitter.com/NpaC0TPryw", "url": "https://t.co/NpaC0TPryw", "media_url_https": "https://pbs.twimg.com/media/CR3NjEpW0AA6y8r.jpg", "id_str": "656907123092279296", "sizes": {"small": {"h": 242, "resize": "fit", "w": 340}, "large": {"h": 731, "resize": "fit", "w": 1024}, "medium": {"h": 428, "resize": "fit", "w": 600}, "thumb": {"h": 150, "resize": "crop", "w": 150}}, "indices": [102, 125], "type": "photo", "id": 656907123092279296, "media_url": "http://pbs.twimg.com/media/CR3NjEpW0AA6y8r.jpg"}]}, "in_reply_to_screen_name": null, "in_reply_to_user_id": null, "retweet_count": 15, "id_str": "656907123658485760", "favorited": false, "user": {"follow_request_sent": null, "has_extended_profile": false, "profile_use_background_image": false, "default_profile_image": false, "id": 15164565, "profile_background_image_url_https": "https://pbs.twimg.com/profile_background_images/578119077/wz4rqy2glu2jnibxu6hc.jpeg", "verified": true, "profile_text_color": "000000", "profile_image_url_https": "https://pbs.twimg.com/profile_images/2151387107/slateLogo-S-facebookSquarex200_normal.jpg", "profile_sidebar_fill_color": "E0FF92", "entities": {"url": {"urls": [{"url": "http://t.co/0SmrOUgNmZ", "indices": [0, 22], "expanded_url": "http://www.slate.com", "display_url": "slate.com"}]}, "description": {"urls": []}}, "followers_count": 1468179, "profile_sidebar_border_color": "87BC44", "id_str": "15164565", "profile_background_color": "670033", "listed_count": 29195, "is_translation_enabled": true, "utc_offset": -14400, "statuses_count": 168928, "description": "Politics, culture, technology, business, news, and commentary. Procrastinate better.", "friends_count": 572, "location": "", "profile_link_color": "0084B4", "profile_image_url": "http://pbs.twimg.com/profile_images/2151387107/slateLogo-S-facebookSquarex200_normal.jpg", "following": null, "geo_enabled": true, "profile_banner_url": "https://pbs.twimg.com/profile_banners/15164565/1421975343", "profile_background_image_url": "http://pbs.twimg.com/profile_background_images/578119077/wz4rqy2glu2jnibxu6hc.jpeg", "screen_name": "Slate", "lang": "en", "profile_background_tile": false, "favourites_count": 2677, "name": "Slate", "notifications": null, "url": "http://t.co/0SmrOUgNmZ", "created_at": "Thu Jun 19 01:08:29 +0000 2008", "contributors_enabled": false, "time_zone": "Eastern Time (US & Canada)", "protected": false, "default_profile": false, "is_translator": false}, "geo": null, "in_reply_to_user_id_str": null, "possibly_sensitive": false, "lang": "en", "created_at": "Wed Oct 21 18:57:17 +0000 2015", "in_reply_to_status_id_str": null, "place": null, "metadata": {"iso_language_code": "en", "result_type": "recent"}}, "source": "<a href=\"http://twitter.com\" rel=\"nofollow\">Twitter Web Client</a>", "in_reply_to_screen_name": null, "in_reply_to_user_id": null, "retweet_count": 0, "id_str": "656907896173830145", "favorited": false, "user": {"follow_request_sent": null, "has_extended_profile": false, "profile_use_background_image": false, "default_profile_image": false, "id": 2903789200, "profile_background_image_url_https": "https://pbs.twimg.com/profile_background_images/571370102767882240/y93xD8s5.png", "verified": false, "profile_text_color": "0C3E53", "profile_image_url_https": "https://pbs.twimg.com/profile_images/583019648494497793/p-BG4990_normal.jpg", "profile_sidebar_fill_color": "FFF7CC", "entities": {"description": {"urls": []}}, "followers_count": 1712, "profile_sidebar_border_color": "F2E195", "id_str": "2903789200", "profile_background_color": "1C1C1C", "listed_count": 44, "is_translation_enabled": false, "utc_offset": -14400, "statuses_count": 9313, "description": "#Patriot #2A #NRA #Glock #Sarcastic #PoliticallyIncorrect Pro #Police #Military, #FreeSpeech, Fan @TheCumiaShow Network #NJDevils", "friends_count": 1778, "location": "", "profile_link_color": "1C1C1C", "profile_image_url": "http://pbs.twimg.com/profile_images/583019648494497793/p-BG4990_normal.jpg", "following": null, "geo_enabled": false, "profile_banner_url": "https://pbs.twimg.com/profile_banners/2903789200/1444920711", "profile_background_image_url": "http://pbs.twimg.com/profile_background_images/571370102767882240/y93xD8s5.png", "screen_name": "023_Bill", "lang": "en", "profile_background_tile": true, "favourites_count": 1919, "name": "Bill", "notifications": null, "url": null, "created_at": "Wed Dec 03 13:39:50 +0000 2014", "contributors_enabled": false, "time_zone": "Eastern Time (US & Canada)", "protected": false, "default_profile": false, "is_translator": false}, "geo": null, "in_reply_to_user_id_str": null, "possibly_sensitive": false, "lang": "en", "created_at": "Wed Oct 21 19:00:21 +0000 2015", "quoted_status_id_str": "656907123658485760", "in_reply_to_status_id_str": null, "place": null, "metadata": {"iso_language_code": "en", "result_type": "recent"}}