{"contributors": null, "truncated": false, "text": "Fmr #hillaryclinton aide @SlaughterAM said she's happy @reppaulryan today 4 prioritizing family while discussing new book #unfinishedbiz", "is_quote_status": false, "in_reply_to_status_id": null, "id": 656902369167458304, "favorite_count": 0, "source": "<a href=\"http://twitter.com\" rel=\"nofollow\">Twitter Web Client</a>", "retweeted": false, "coordinates": null, "entities": {"symbols": [], "user_mentions": [{"id": 252531143, "indices": [25, 37], "id_str": "252531143", "screen_name": "SlaughterAM", "name": "Anne-Marie Slaughter"}, {"id": 18916432, "indices": [55, 67], "id_str": "18916432", "screen_name": "RepPaulRyan", "name": "Paul Ryan"}], "hashtags": [{"indices": [4, 19], "text": "hillaryclinton"}, {"indices": [122, 136], "text": "unfinishedbiz"}], "urls": []}, "in_reply_to_screen_name": null, "in_reply_to_user_id": null, "retweet_count": 0, "id_str": "656902369167458304", "favorited": false, "user": {"follow_request_sent": null, "has_extended_profile": false, "profile_use_background_image": true, "default_profile_image": false, "id": 211530941, "profile_background_image_url_https": "https://abs.twimg.com/images/themes/theme14/bg.gif", "verified": false, "profile_text_color": "333333", "profile_image_url_https": "https://pbs.twimg.com/profile_images/641797739769122816/n4kJBINt_normal.jpg", "profile_sidebar_fill_color": "EFEFEF", "entities": {"url": {"urls": [{"url": "http://t.co/jztixbCnSu", "indices": [0, 22], "expanded_url": "http://nakedphiladelphian.blogspot.com/", "display_url": "nakedphiladelphian.blogspot.com"}]}, "description": {"urls": []}}, "followers_count": 469, "profile_sidebar_border_color": "EEEEEE", "id_str": "211530941", "profile_background_color": "131516", "listed_count": 36, "is_translation_enabled": false, "utc_offset": -14400, "statuses_count": 6582, "description": "Wall Street veteran turned journalist. Love to hear from you at  Laurasgoldman@gmail.com", "friends_count": 109, "location": "Philadelphia", "profile_link_color": "009999", "profile_image_url": "http://pbs.twimg.com/profile_images/641797739769122816/n4kJBINt_normal.jpg", "following": null, "geo_enabled": false, "profile_banner_url": "https://pbs.twimg.com/profile_banners/211530941/1438919100", "profile_background_image_url": "http://abs.twimg.com/images/themes/theme14/bg.gif", "screen_name": "laurasgoldman", "lang": "en", "profile_background_tile": true, "favourites_count": 466, "name": "Laura Goldman", "notifications": null, "url": "http://t.co/jztixbCnSu", "created_at": "Wed Nov 03 14:33:09 +0000 2010", "contributors_enabled": false, "time_zone": "Eastern Time (US & Canada)", "protected": false, "default_profile": false, "is_translator": false}, "geo": null, "in_reply_to_user_id_str": null, "lang": "en", "created_at": "Wed Oct 21 18:38:24 +0000 2015", "in_reply_to_status_id_str": null, "place": null, "metadata": {"iso_language_code": "en", "result_type": "recent"}}