{"contributors": null, "truncated": false, "text": "The only person who's happy #JoeBiden isn't running is #HillaryClinton. The rest of us are bummed because there will that much less comedy.\ud83d\ude0f", "is_quote_status": false, "in_reply_to_status_id": null, "id": 656908000146231296, "favorite_count": 3, "source": "<a href=\"http://twitter.com/download/iphone\" rel=\"nofollow\">Twitter for iPhone</a>", "retweeted": false, "coordinates": null, "entities": {"symbols": [], "user_mentions": [], "hashtags": [{"indices": [28, 37], "text": "JoeBiden"}, {"indices": [55, 70], "text": "HillaryClinton"}], "urls": []}, "in_reply_to_screen_name": null, "in_reply_to_user_id": null, "retweet_count": 0, "id_str": "656908000146231296", "favorited": false, "user": {"follow_request_sent": null, "has_extended_profile": true, "profile_use_background_image": true, "default_profile_image": false, "id": 18340526, "profile_background_image_url_https": "https://abs.twimg.com/images/themes/theme1/bg.png", "verified": false, "profile_text_color": "333333", "profile_image_url_https": "https://pbs.twimg.com/profile_images/612852345743917056/j0I2JGQq_normal.jpg", "profile_sidebar_fill_color": "DDEEF6", "entities": {"description": {"urls": []}}, "followers_count": 11150, "profile_sidebar_border_color": "C0DEED", "id_str": "18340526", "profile_background_color": "C0DEED", "listed_count": 66, "is_translation_enabled": false, "utc_offset": null, "statuses_count": 17368, "description": "Faves: J.Caesar|Mozart|Groucho|Twain|B.Franklin|Smart Women|Vodka Martini|Steak|Cigars|Red Wine|100%(un)followback|Politics: Equal Opportunity Offender.", "friends_count": 11146, "location": "Fools & nitwits will be mocked", "profile_link_color": "0084B4", "profile_image_url": "http://pbs.twimg.com/profile_images/612852345743917056/j0I2JGQq_normal.jpg", "following": null, "geo_enabled": true, "profile_banner_url": "https://pbs.twimg.com/profile_banners/18340526/1444966890", "profile_background_image_url": "http://abs.twimg.com/images/themes/theme1/bg.png", "screen_name": "mlzema", "lang": "en", "profile_background_tile": false, "favourites_count": 74269, "name": "Mark in SoCal", "notifications": null, "url": null, "created_at": "Tue Dec 23 19:42:19 +0000 2008", "contributors_enabled": false, "time_zone": null, "protected": false, "default_profile": true, "is_translator": false}, "geo": null, "in_reply_to_user_id_str": null, "lang": "en", "created_at": "Wed Oct 21 19:00:46 +0000 2015", "in_reply_to_status_id_str": null, "place": null, "metadata": {"iso_language_code": "en", "result_type": "recent"}}