{"contributors": null, "truncated": false, "text": "RT @OBAMA4ME2: A Bloc of Black Mayors2 Back Hillary Clinton \n50 current &amp; former black Mayors are backing #Hillary2016\n#ImWithHer  \nhttps:/\u2026", "is_quote_status": false, "in_reply_to_status_id": null, "id": 656910709968670720, "favorite_count": 0, "source": "<a href=\"http://twitter.com\" rel=\"nofollow\">Twitter Web Client</a>", "retweeted": false, "coordinates": null, "entities": {"symbols": [], "user_mentions": [{"id": 390103810, "indices": [3, 13], "id_str": "390103810", "screen_name": "OBAMA4ME2", "name": "Mrs. Kelly Jacobs"}], "hashtags": [{"indices": [110, 122], "text": "Hillary2016"}, {"indices": [123, 133], "text": "ImWithHer"}], "urls": [{"url": "https://t.co/DQlf6oWGk0", "indices": [143, 144], "expanded_url": "http://nbcnews.to/1ZTeGzO", "display_url": "nbcnews.to/1ZTeGzO"}]}, "in_reply_to_screen_name": null, "in_reply_to_user_id": null, "retweet_count": 8, "id_str": "656910709968670720", "favorited": false, "retweeted_status": {"contributors": null, "truncated": false, "text": "A Bloc of Black Mayors2 Back Hillary Clinton \n50 current &amp; former black Mayors are backing #Hillary2016\n#ImWithHer  \nhttps://t.co/DQlf6oWGk0", "is_quote_status": false, "in_reply_to_status_id": null, "id": 656826751159521280, "favorite_count": 4, "source": "<a href=\"http://twitter.com\" rel=\"nofollow\">Twitter Web Client</a>", "retweeted": false, "coordinates": null, "entities": {"symbols": [], "user_mentions": [], "hashtags": [{"indices": [95, 107], "text": "Hillary2016"}, {"indices": [108, 118], "text": "ImWithHer"}], "urls": [{"url": "https://t.co/DQlf6oWGk0", "indices": [121, 144], "expanded_url": "http://nbcnews.to/1ZTeGzO", "display_url": "nbcnews.to/1ZTeGzO"}]}, "in_reply_to_screen_name": null, "in_reply_to_user_id": null, "retweet_count": 8, "id_str": "656826751159521280", "favorited": false, "user": {"follow_request_sent": null, "has_extended_profile": false, "profile_use_background_image": true, "default_profile_image": false, "id": 390103810, "profile_background_image_url_https": "https://pbs.twimg.com/profile_background_images/817710381/8e79324abb9401a0c76ed42fd56803a5.jpeg", "verified": false, "profile_text_color": "333333", "profile_image_url_https": "https://pbs.twimg.com/profile_images/648191465991053312/x7WU2TKk_normal.jpg", "profile_sidebar_fill_color": "DDEEF6", "entities": {"url": {"urls": [{"url": "http://t.co/ikRjbHbdLe", "indices": [0, 22], "expanded_url": "http://www.yesonproposition48.org", "display_url": "yesonproposition48.org"}]}, "description": {"urls": []}}, "followers_count": 7070, "profile_sidebar_border_color": "000000", "id_str": "390103810", "profile_background_color": "C0DEED", "listed_count": 120, "is_translation_enabled": false, "utc_offset": -18000, "statuses_count": 24552, "description": "\u266b\u266a(\u273f\u25e0\u203f\u25e0) iSupportOBAMA, MistressofEnthusiasm Peace&Civil RightsActivist Sponsor Legalize #Marijuana 4 Mississippi\n#Bi48 Regulation Works\nPardon #Cannabis Crimes", "friends_count": 7164, "location": "Hernando, Mississippi", "profile_link_color": "0084B4", "profile_image_url": "http://pbs.twimg.com/profile_images/648191465991053312/x7WU2TKk_normal.jpg", "following": null, "geo_enabled": true, "profile_banner_url": "https://pbs.twimg.com/profile_banners/390103810/1445286687", "profile_background_image_url": "http://pbs.twimg.com/profile_background_images/817710381/8e79324abb9401a0c76ed42fd56803a5.jpeg", "screen_name": "OBAMA4ME2", "lang": "en", "profile_background_tile": true, "favourites_count": 20932, "name": "Mrs. Kelly Jacobs", "notifications": null, "url": "http://t.co/ikRjbHbdLe", "created_at": "Thu Oct 13 13:30:49 +0000 2011", "contributors_enabled": false, "time_zone": "Central Time (US & Canada)", "protected": false, "default_profile": false, "is_translator": false}, "geo": null, "in_reply_to_user_id_str": null, "possibly_sensitive": false, "lang": "en", "created_at": "Wed Oct 21 13:37:55 +0000 2015", "in_reply_to_status_id_str": null, "place": {"full_name": "Mississippi, USA", "url": "https://api.twitter.com/1.1/geo/id/43d2418301bf1a49.json", "country": "United States", "place_type": "admin", "bounding_box": {"type": "Polygon", "coordinates": [[[-91.655009, 30.146096], [-88.097889, 30.146096], [-88.097889, 34.995968], [-91.655009, 34.995968]]]}, "contained_within": [], "country_code": "US", "attributes": {}, "id": "43d2418301bf1a49", "name": "Mississippi"}, "metadata": {"iso_language_code": "en", "result_type": "recent"}}, "user": {"follow_request_sent": null, "has_extended_profile": false, "profile_use_background_image": true, "default_profile_image": false, "id": 991634754, "profile_background_image_url_https": "https://pbs.twimg.com/profile_background_images/730168119/1c01d6addd388e281a2e12e348ae9406.jpeg", "verified": false, "profile_text_color": "333333", "profile_image_url_https": "https://pbs.twimg.com/profile_images/649213432366014465/fSPlDfBL_normal.jpg", "profile_sidebar_fill_color": "DDEEF6", "entities": {"url": {"urls": [{"url": "http://t.co/ikRjbHbdLe", "indices": [0, 22], "expanded_url": "http://www.yesonproposition48.org", "display_url": "yesonproposition48.org"}]}, "description": {"urls": []}}, "followers_count": 5619, "profile_sidebar_border_color": "FFFFFF", "id_str": "991634754", "profile_background_color": "C0DEED", "listed_count": 102, "is_translation_enabled": false, "utc_offset": null, "statuses_count": 16397, "description": "\u266bHillaryDelegate2008DNCConvention, Sponsor Mississippi Ballot Initiative48 Regulate #Cannabis like Alcohol #Bi48 Prison Reform Begins with #marijuana regulation", "friends_count": 6000, "location": "Hernando, Mississippi", "profile_link_color": "0084B4", "profile_image_url": "http://pbs.twimg.com/profile_images/649213432366014465/fSPlDfBL_normal.jpg", "following": null, "geo_enabled": true, "profile_banner_url": "https://pbs.twimg.com/profile_banners/991634754/1403199714", "profile_background_image_url": "http://pbs.twimg.com/profile_background_images/730168119/1c01d6addd388e281a2e12e348ae9406.jpeg", "screen_name": "Kelly4Hillary", "lang": "en", "profile_background_tile": true, "favourites_count": 12030, "name": "Kelly Jacobs", "notifications": null, "url": "http://t.co/ikRjbHbdLe", "created_at": "Wed Dec 05 19:48:40 +0000 2012", "contributors_enabled": false, "time_zone": null, "protected": false, "default_profile": false, "is_translator": false}, "geo": null, "in_reply_to_user_id_str": null, "possibly_sensitive": false, "lang": "en", "created_at": "Wed Oct 21 19:11:32 +0000 2015", "in_reply_to_status_id_str": null, "place": null, "metadata": {"iso_language_code": "en", "result_type": "recent"}}