{"contributors": null, "truncated": false, "text": "Rose, he's out. Let's mend fences. Real Democrats need to stick together. #Hillary2016  https://t.co/BZHKSlX3qT", "is_quote_status": true, "in_reply_to_status_id": null, "id": 656903920611147776, "favorite_count": 2, "entities": {"symbols": [], "user_mentions": [], "hashtags": [{"indices": [74, 86], "text": "Hillary2016"}], "urls": [{"url": "https://t.co/BZHKSlX3qT", "indices": [88, 111], "expanded_url": "https://twitter.com/rosefromphila/status/656891093708095488", "display_url": "twitter.com/rosefromphila/\u2026"}]}, "quoted_status_id": 656891093708095488, "retweeted": false, "coordinates": null, "quoted_status": {"contributors": null, "truncated": false, "text": "@JoeBiden LYING as per 3 authors of books Axelrod, Panetta &amp;Gates HE was against OBL Raid &amp; @HillaryClinton was 4 it https://t.co/nX0hZ6W1OB", "is_quote_status": false, "in_reply_to_status_id": null, "id": 656891093708095488, "favorite_count": 1, "source": "<a href=\"http://twitter.com\" rel=\"nofollow\">Twitter Web Client</a>", "retweeted": false, "coordinates": null, "entities": {"symbols": [], "user_mentions": [{"id": 939091, "indices": [0, 9], "id_str": "939091", "screen_name": "JoeBiden", "name": "Joe Biden"}, {"id": 1339835893, "indices": [100, 115], "id_str": "1339835893", "screen_name": "HillaryClinton", "name": "Hillary Clinton"}], "hashtags": [], "urls": [{"url": "https://t.co/nX0hZ6W1OB", "indices": [125, 148], "expanded_url": "http://www.huffingtonpost.com/entry/joe-biden-bin-laden-raid_5627adf1e4b08589ef49faa0?ncid=tweetlnkushpmg00000016&section=politics", "display_url": "huffingtonpost.com/entry/joe-bide\u2026"}]}, "in_reply_to_screen_name": "JoeBiden", "in_reply_to_user_id": 939091, "retweet_count": 1, "id_str": "656891093708095488", "favorited": false, "user": {"follow_request_sent": null, "has_extended_profile": false, "profile_use_background_image": true, "default_profile_image": false, "id": 324042503, "profile_background_image_url_https": "https://pbs.twimg.com/profile_background_images/422795773/white_roses.jpg", "verified": false, "profile_text_color": "333333", "profile_image_url_https": "https://pbs.twimg.com/profile_images/3019003703/2b381849a150bf5b9f8e5ac250823506_normal.jpeg", "profile_sidebar_fill_color": "DDEEF6", "entities": {"description": {"urls": []}}, "followers_count": 2341, "profile_sidebar_border_color": "C0DEED", "id_str": "324042503", "profile_background_color": "DD2E44", "listed_count": 51, "is_translation_enabled": false, "utc_offset": -14400, "statuses_count": 11071, "description": "Italian/Irish I am :) who advocates for the protection of children,the elderly& social justice.Liberal by choice b/c people matter Truth To Power! \nHILLARY 2016", "friends_count": 2241, "location": "Philadelphia, PA", "profile_link_color": "DD2E44", "profile_image_url": "http://pbs.twimg.com/profile_images/3019003703/2b381849a150bf5b9f8e5ac250823506_normal.jpeg", "following": null, "geo_enabled": false, "profile_background_image_url": "http://pbs.twimg.com/profile_background_images/422795773/white_roses.jpg", "screen_name": "RoseFromPhila", "lang": "en", "profile_background_tile": false, "favourites_count": 140, "name": "RoseFromPhila", "notifications": null, "url": null, "created_at": "Sat Jun 25 22:07:25 +0000 2011", "contributors_enabled": false, "time_zone": "Eastern Time (US & Canada)", "protected": false, "default_profile": false, "is_translator": false}, "geo": null, "in_reply_to_user_id_str": "939091", "possibly_sensitive": false, "lang": "en", "created_at": "Wed Oct 21 17:53:35 +0000 2015", "in_reply_to_status_id_str": null, "place": null, "metadata": {"iso_language_code": "en", "result_type": "recent"}}, "source": "<a href=\"http://twitter.com/download/iphone\" rel=\"nofollow\">Twitter for iPhone</a>", "in_reply_to_screen_name": null, "in_reply_to_user_id": null, "retweet_count": 2, "id_str": "656903920611147776", "favorited": false, "user": {"follow_request_sent": null, "has_extended_profile": false, "profile_use_background_image": true, "default_profile_image": false, "id": 66914769, "profile_background_image_url_https": "https://abs.twimg.com/images/themes/theme1/bg.png", "verified": false, "profile_text_color": "333333", "profile_image_url_https": "https://pbs.twimg.com/profile_images/656231969844391936/A_txXGU7_normal.jpg", "profile_sidebar_fill_color": "DDEEF6", "entities": {"description": {"urls": []}}, "followers_count": 3553, "profile_sidebar_border_color": "C0DEED", "id_str": "66914769", "profile_background_color": "C0DEED", "listed_count": 71, "is_translation_enabled": false, "utc_offset": -14400, "statuses_count": 50220, "description": "Love politics, Grandchildren, Micropoetry & PSU #UniteBlue. #Hillary 2016", "friends_count": 3905, "location": "Earth", "profile_link_color": "0084B4", "profile_image_url": "http://pbs.twimg.com/profile_images/656231969844391936/A_txXGU7_normal.jpg", "following": null, "geo_enabled": true, "profile_banner_url": "https://pbs.twimg.com/profile_banners/66914769/1443398820", "profile_background_image_url": "http://abs.twimg.com/images/themes/theme1/bg.png", "screen_name": "mydoggigi", "lang": "en", "profile_background_tile": false, "favourites_count": 23367, "name": "Kathy", "notifications": null, "url": null, "created_at": "Wed Aug 19 04:55:41 +0000 2009", "contributors_enabled": false, "time_zone": "Eastern Time (US & Canada)", "protected": false, "default_profile": true, "is_translator": false}, "geo": null, "in_reply_to_user_id_str": null, "possibly_sensitive": false, "lang": "en", "created_at": "Wed Oct 21 18:44:34 +0000 2015", "quoted_status_id_str": "656891093708095488", "in_reply_to_status_id_str": null, "place": null, "metadata": {"iso_language_code": "en", "result_type": "recent"}}