{"contributors": null, "truncated": false, "text": "RT @BernieVerse: #Bernie Wants to abolish for-profit prisons\n #Election2016 #Bernie2016 #Hillary2016 https://t.co/hXPwgplhyZ", "is_quote_status": false, "in_reply_to_status_id": null, "id": 656901139573678080, "favorite_count": 0, "source": "<a href=\"http://twitter.com\" rel=\"nofollow\">Twitter Web Client</a>", "retweeted": false, "coordinates": null, "entities": {"symbols": [], "user_mentions": [{"id": 3291645948, "indices": [3, 15], "id_str": "3291645948", "screen_name": "BernieVerse", "name": "Bernie Universe"}], "hashtags": [{"indices": [17, 24], "text": "Bernie"}, {"indices": [62, 75], "text": "Election2016"}, {"indices": [76, 87], "text": "Bernie2016"}, {"indices": [88, 100], "text": "Hillary2016"}], "urls": [], "media": [{"source_user_id": 3291645948, "source_status_id_str": "656887109505163265", "expanded_url": "http://twitter.com/BernieVerse/status/656887109505163265/photo/1", "display_url": "pic.twitter.com/hXPwgplhyZ", "url": "https://t.co/hXPwgplhyZ", "media_url_https": "https://pbs.twimg.com/media/CR27WHoWcAEB_qu.png", "source_user_id_str": "3291645948", "source_status_id": 656887109505163265, "id_str": "656887109345767425", "sizes": {"large": {"h": 300, "resize": "fit", "w": 600}, "small": {"h": 170, "resize": "fit", "w": 340}, "medium": {"h": 300, "resize": "fit", "w": 600}, "thumb": {"h": 150, "resize": "crop", "w": 150}}, "indices": [101, 124], "type": "photo", "id": 656887109345767425, "media_url": "http://pbs.twimg.com/media/CR27WHoWcAEB_qu.png"}]}, "in_reply_to_screen_name": null, "in_reply_to_user_id": null, "retweet_count": 8, "id_str": "656901139573678080", "favorited": false, "retweeted_status": {"contributors": null, "truncated": false, "text": "#Bernie Wants to abolish for-profit prisons\n #Election2016 #Bernie2016 #Hillary2016 https://t.co/hXPwgplhyZ", "is_quote_status": false, "in_reply_to_status_id": null, "id": 656887109505163265, "favorite_count": 6, "source": "<a href=\"http://ifttt.com\" rel=\"nofollow\">IFTTT</a>", "retweeted": false, "coordinates": null, "entities": {"symbols": [], "user_mentions": [], "hashtags": [{"indices": [0, 7], "text": "Bernie"}, {"indices": [45, 58], "text": "Election2016"}, {"indices": [59, 70], "text": "Bernie2016"}, {"indices": [71, 83], "text": "Hillary2016"}], "urls": [], "media": [{"expanded_url": "http://twitter.com/BernieVerse/status/656887109505163265/photo/1", "display_url": "pic.twitter.com/hXPwgplhyZ", "url": "https://t.co/hXPwgplhyZ", "media_url_https": "https://pbs.twimg.com/media/CR27WHoWcAEB_qu.png", "id_str": "656887109345767425", "sizes": {"large": {"h": 300, "resize": "fit", "w": 600}, "small": {"h": 170, "resize": "fit", "w": 340}, "medium": {"h": 300, "resize": "fit", "w": 600}, "thumb": {"h": 150, "resize": "crop", "w": 150}}, "indices": [84, 107], "type": "photo", "id": 656887109345767425, "media_url": "http://pbs.twimg.com/media/CR27WHoWcAEB_qu.png"}]}, "in_reply_to_screen_name": null, "in_reply_to_user_id": null, "retweet_count": 8, "id_str": "656887109505163265", "favorited": false, "user": {"follow_request_sent": null, "has_extended_profile": false, "profile_use_background_image": true, "default_profile_image": false, "id": 3291645948, "profile_background_image_url_https": "https://abs.twimg.com/images/themes/theme15/bg.png", "verified": false, "profile_text_color": "333333", "profile_image_url_https": "https://pbs.twimg.com/profile_images/629874814354755584/dC0bAtUz_normal.png", "profile_sidebar_fill_color": "C0DFEC", "entities": {"url": {"urls": [{"url": "http://t.co/dYXy7Ih1Ai", "indices": [0, 22], "expanded_url": "http://BernieVerse.Com", "display_url": "BernieVerse.Com"}]}, "description": {"urls": []}}, "followers_count": 1694, "profile_sidebar_border_color": "A8C7F7", "id_str": "3291645948", "profile_background_color": "022330", "listed_count": 58, "is_translation_enabled": false, "utc_offset": -14400, "statuses_count": 7391, "description": "Re/Tweets are a reflection of what I observe from people / groups who #FeelTheBern for #Bernie2016  Thank you for FOLLOWing @BernieVerse", "friends_count": 2000, "location": "Burlington, VT", "profile_link_color": "0084B4", "profile_image_url": "http://pbs.twimg.com/profile_images/629874814354755584/dC0bAtUz_normal.png", "following": null, "geo_enabled": true, "profile_banner_url": "https://pbs.twimg.com/profile_banners/3291645948/1439386945", "profile_background_image_url": "http://abs.twimg.com/images/themes/theme15/bg.png", "screen_name": "BernieVerse", "lang": "en", "profile_background_tile": false, "favourites_count": 775, "name": "Bernie Universe", "notifications": null, "url": "http://t.co/dYXy7Ih1Ai", "created_at": "Sat Jul 25 03:10:29 +0000 2015", "contributors_enabled": false, "time_zone": "Eastern Time (US & Canada)", "protected": false, "default_profile": false, "is_translator": false}, "geo": null, "in_reply_to_user_id_str": null, "possibly_sensitive": false, "lang": "en", "created_at": "Wed Oct 21 17:37:45 +0000 2015", "in_reply_to_status_id_str": null, "place": null, "metadata": {"iso_language_code": "en", "result_type": "recent"}}, "user": {"follow_request_sent": null, "has_extended_profile": false, "profile_use_background_image": true, "default_profile_image": false, "id": 182866915, "profile_background_image_url_https": "https://abs.twimg.com/images/themes/theme1/bg.png", "verified": false, "profile_text_color": "333333", "profile_image_url_https": "https://pbs.twimg.com/profile_images/2122734456/SAM_0153-1_normal.JPG", "profile_sidebar_fill_color": "DDEEF6", "entities": {"description": {"urls": []}}, "followers_count": 1806, "profile_sidebar_border_color": "C0DEED", "id_str": "182866915", "profile_background_color": "C0DEED", "listed_count": 33, "is_translation_enabled": false, "utc_offset": -18000, "statuses_count": 27548, "description": "how will I know what I think until I say what I mean?", "friends_count": 1738, "location": "Plumb Nelly", "profile_link_color": "0084B4", "profile_image_url": "http://pbs.twimg.com/profile_images/2122734456/SAM_0153-1_normal.JPG", "following": null, "geo_enabled": false, "profile_banner_url": "https://pbs.twimg.com/profile_banners/182866915/1354911743", "profile_background_image_url": "http://abs.twimg.com/images/themes/theme1/bg.png", "screen_name": "bettyaberlin", "lang": "en", "profile_background_tile": false, "favourites_count": 3818, "name": "Betty Aberlin", "notifications": null, "url": null, "created_at": "Wed Aug 25 15:57:20 +0000 2010", "contributors_enabled": false, "time_zone": "Quito", "protected": false, "default_profile": true, "is_translator": false}, "geo": null, "in_reply_to_user_id_str": null, "possibly_sensitive": false, "lang": "en", "created_at": "Wed Oct 21 18:33:30 +0000 2015", "in_reply_to_status_id_str": null, "place": null, "metadata": {"iso_language_code": "en", "result_type": "recent"}}