{"contributors": null, "truncated": false, "text": "After #Biden anncmt #Hillary2016 is doing the moon walk on one of her hidden servers. Biden could easily return once #FBI has their way!", "is_quote_status": false, "in_reply_to_status_id": null, "id": 656905237257678848, "favorite_count": 0, "source": "<a href=\"http://twitter.com\" rel=\"nofollow\">Twitter Web Client</a>", "retweeted": false, "coordinates": null, "entities": {"symbols": [], "user_mentions": [], "hashtags": [{"indices": [6, 12], "text": "Biden"}, {"indices": [20, 32], "text": "Hillary2016"}, {"indices": [117, 121], "text": "FBI"}], "urls": []}, "in_reply_to_screen_name": null, "in_reply_to_user_id": null, "retweet_count": 0, "id_str": "656905237257678848", "favorited": false, "user": {"follow_request_sent": null, "has_extended_profile": false, "profile_use_background_image": true, "default_profile_image": false, "id": 255533239, "profile_background_image_url_https": "https://abs.twimg.com/images/themes/theme1/bg.png", "verified": false, "profile_text_color": "333333", "profile_image_url_https": "https://pbs.twimg.com/profile_images/558412207306723328/CuXoCUZo_normal.jpeg", "profile_sidebar_fill_color": "DDEEF6", "entities": {"description": {"urls": []}}, "followers_count": 16, "profile_sidebar_border_color": "C0DEED", "id_str": "255533239", "profile_background_color": "C0DEED", "listed_count": 4, "is_translation_enabled": true, "utc_offset": -18000, "statuses_count": 66, "description": "The first principle is that you must not fool yourself and you are the easiest person to fool.\n\n- Richard Feynman", "friends_count": 24, "location": "Chicago / Stockholm", "profile_link_color": "0084B4", "profile_image_url": "http://pbs.twimg.com/profile_images/558412207306723328/CuXoCUZo_normal.jpeg", "following": null, "geo_enabled": false, "profile_banner_url": "https://pbs.twimg.com/profile_banners/255533239/1421970417", "profile_background_image_url": "http://abs.twimg.com/images/themes/theme1/bg.png", "screen_name": "jguenther60", "lang": "en", "profile_background_tile": false, "favourites_count": 31, "name": "Jeff Guenther, CFA", "notifications": null, "url": null, "created_at": "Mon Feb 21 15:23:27 +0000 2011", "contributors_enabled": false, "time_zone": "Central Time (US & Canada)", "protected": false, "default_profile": true, "is_translator": false}, "geo": null, "in_reply_to_user_id_str": null, "lang": "en", "created_at": "Wed Oct 21 18:49:47 +0000 2015", "in_reply_to_status_id_str": null, "place": null, "metadata": {"iso_language_code": "en", "result_type": "recent"}}