{"contributors": null, "truncated": false, "text": "RT @jconsolantis: Hillary called Biden after his announcement. Class act Smart too #Hillary2016", "is_quote_status": false, "in_reply_to_status_id": null, "id": 656912985965748224, "favorite_count": 0, "source": "<a href=\"http://twitter.com/download/iphone\" rel=\"nofollow\">Twitter for iPhone</a>", "retweeted": false, "coordinates": null, "entities": {"symbols": [], "user_mentions": [{"id": 882315709, "indices": [3, 16], "id_str": "882315709", "screen_name": "jconsolantis", "name": "Jim Consolantis"}], "hashtags": [{"indices": [83, 95], "text": "Hillary2016"}], "urls": []}, "in_reply_to_screen_name": null, "in_reply_to_user_id": null, "retweet_count": 1, "id_str": "656912985965748224", "favorited": false, "retweeted_status": {"contributors": null, "truncated": false, "text": "Hillary called Biden after his announcement. Class act Smart too #Hillary2016", "is_quote_status": false, "in_reply_to_status_id": null, "id": 656912539788451841, "favorite_count": 1, "source": "<a href=\"http://twitter.com/download/iphone\" rel=\"nofollow\">Twitter for iPhone</a>", "retweeted": false, "coordinates": null, "entities": {"symbols": [], "user_mentions": [], "hashtags": [{"indices": [65, 77], "text": "Hillary2016"}], "urls": []}, "in_reply_to_screen_name": null, "in_reply_to_user_id": null, "retweet_count": 1, "id_str": "656912539788451841", "favorited": false, "user": {"follow_request_sent": null, "has_extended_profile": false, "profile_use_background_image": true, "default_profile_image": false, "id": 882315709, "profile_background_image_url_https": "https://abs.twimg.com/images/themes/theme1/bg.png", "verified": false, "profile_text_color": "333333", "profile_image_url_https": "https://pbs.twimg.com/profile_images/611992128181288960/1pIhpXT6_normal.jpg", "profile_sidebar_fill_color": "DDEEF6", "entities": {"description": {"urls": []}}, "followers_count": 570, "profile_sidebar_border_color": "C0DEED", "id_str": "882315709", "profile_background_color": "C0DEED", "listed_count": 22, "is_translation_enabled": false, "utc_offset": -14400, "statuses_count": 7219, "description": "Brand guy, strategist, writer. New York MadMan in Miami. Founding partner of MidBeachConsulting. HeatLifer.", "friends_count": 755, "location": "", "profile_link_color": "0084B4", "profile_image_url": "http://pbs.twimg.com/profile_images/611992128181288960/1pIhpXT6_normal.jpg", "following": null, "geo_enabled": true, "profile_background_image_url": "http://abs.twimg.com/images/themes/theme1/bg.png", "screen_name": "jconsolantis", "lang": "en", "profile_background_tile": false, "favourites_count": 499, "name": "Jim Consolantis", "notifications": null, "url": null, "created_at": "Mon Oct 15 13:22:19 +0000 2012", "contributors_enabled": false, "time_zone": "Eastern Time (US & Canada)", "protected": false, "default_profile": true, "is_translator": false}, "geo": null, "in_reply_to_user_id_str": null, "lang": "en", "created_at": "Wed Oct 21 19:18:48 +0000 2015", "in_reply_to_status_id_str": null, "place": null, "metadata": {"iso_language_code": "en", "result_type": "recent"}}, "user": {"follow_request_sent": null, "has_extended_profile": false, "profile_use_background_image": false, "default_profile_image": false, "id": 16146535, "profile_background_image_url_https": "https://pbs.twimg.com/profile_background_images/67838658/ed6ylm.png", "verified": false, "profile_text_color": "333333", "profile_image_url_https": "https://pbs.twimg.com/profile_images/3181944285/b8607a0e7a5947003bf66e170eeb9479_normal.png", "profile_sidebar_fill_color": "DDEEF6", "entities": {"url": {"urls": [{"url": "http://t.co/iu3mUioGWA", "indices": [0, 22], "expanded_url": "http://page.is/marcy-mcgowan", "display_url": "page.is/marcy-mcgowan"}]}, "description": {"urls": []}}, "followers_count": 20429, "profile_sidebar_border_color": "C0DEED", "id_str": "16146535", "profile_background_color": "12B4FF", "listed_count": 771, "is_translation_enabled": false, "utc_offset": -14400, "statuses_count": 605296, "description": "I love summer - Obama/Biden #UniteBlue Democrat Politics Hate TeaPartyIdiots #UniteBlue #p2 #Hillary2016", "friends_count": 22448, "location": "Delaware", "profile_link_color": "0084B4", "profile_image_url": "http://pbs.twimg.com/profile_images/3181944285/b8607a0e7a5947003bf66e170eeb9479_normal.png", "following": null, "geo_enabled": true, "profile_background_image_url": "http://pbs.twimg.com/profile_background_images/67838658/ed6ylm.png", "screen_name": "marcylauren", "lang": "en", "profile_background_tile": true, "favourites_count": 1504, "name": "Marcy McGowan", "notifications": null, "url": "http://t.co/iu3mUioGWA", "created_at": "Fri Sep 05 17:38:17 +0000 2008", "contributors_enabled": false, "time_zone": "Eastern Time (US & Canada)", "protected": false, "default_profile": false, "is_translator": false}, "geo": null, "in_reply_to_user_id_str": null, "lang": "en", "created_at": "Wed Oct 21 19:20:35 +0000 2015", "in_reply_to_status_id_str": null, "place": null, "metadata": {"iso_language_code": "en", "result_type": "recent"}}