{"contributors": null, "truncated": false, "text": "#ImWithHer https://t.co/nVy2B7CV7c", "is_quote_status": true, "in_reply_to_status_id": null, "id": 656909595760312320, "favorite_count": 0, "entities": {"symbols": [], "user_mentions": [], "hashtags": [{"indices": [0, 10], "text": "ImWithHer"}], "urls": [{"url": "https://t.co/nVy2B7CV7c", "indices": [11, 34], "expanded_url": "https://twitter.com/AdamSmith_USA/status/656890140921589761", "display_url": "twitter.com/AdamSmith_USA/\u2026"}]}, "quoted_status_id": 656890140921589761, "retweeted": false, "coordinates": null, "quoted_status": {"contributors": null, "truncated": false, "text": "#TeamHilldawg https://t.co/UvFjY2sTzk", "is_quote_status": false, "in_reply_to_status_id": null, "id": 656890140921589761, "favorite_count": 48, "source": "<a href=\"http://twitter.com/download/iphone\" rel=\"nofollow\">Twitter for iPhone</a>", "retweeted": false, "coordinates": null, "entities": {"symbols": [], "user_mentions": [], "hashtags": [{"indices": [0, 13], "text": "TeamHilldawg"}], "urls": [], "media": [{"expanded_url": "http://twitter.com/AdamSmith_USA/status/656890140921589761/photo/1", "display_url": "pic.twitter.com/UvFjY2sTzk", "url": "https://t.co/UvFjY2sTzk", "media_url_https": "https://pbs.twimg.com/media/CR2-GT-UwAAk0h_.jpg", "id_str": "656890136316133376", "sizes": {"large": {"h": 512, "resize": "fit", "w": 1024}, "small": {"h": 170, "resize": "fit", "w": 340}, "medium": {"h": 300, "resize": "fit", "w": 600}, "thumb": {"h": 150, "resize": "crop", "w": 150}}, "indices": [14, 37], "type": "photo", "id": 656890136316133376, "media_url": "http://pbs.twimg.com/media/CR2-GT-UwAAk0h_.jpg"}]}, "in_reply_to_screen_name": null, "in_reply_to_user_id": null, "retweet_count": 15, "id_str": "656890140921589761", "favorited": false, "user": {"follow_request_sent": null, "has_extended_profile": false, "profile_use_background_image": true, "default_profile_image": false, "id": 2811455407, "profile_background_image_url_https": "https://pbs.twimg.com/profile_background_images/656780536329863170/LRjayrZg.jpg", "verified": false, "profile_text_color": "000000", "profile_image_url_https": "https://pbs.twimg.com/profile_images/656774368224129024/RhDs7D5Z_normal.jpg", "profile_sidebar_fill_color": "000000", "entities": {"url": {"urls": [{"url": "https://t.co/4dCGYh17cg", "indices": [0, 23], "expanded_url": "http://instagram.com/adamsmith_usa", "display_url": "instagram.com/adamsmith_usa"}]}, "description": {"urls": []}}, "followers_count": 11665, "profile_sidebar_border_color": "000000", "id_str": "2811455407", "profile_background_color": "000000", "listed_count": 209, "is_translation_enabled": false, "utc_offset": -14400, "statuses_count": 12796, "description": "Student Government President of Georgia Perimeter College, Alpharetta. President of @GPCforHillary. Member of Hillary for America's Georgia Leadership Council.", "friends_count": 9838, "location": "Atlanta, GA", "profile_link_color": "3B94D9", "profile_image_url": "http://pbs.twimg.com/profile_images/656774368224129024/RhDs7D5Z_normal.jpg", "following": null, "geo_enabled": true, "profile_banner_url": "https://pbs.twimg.com/profile_banners/2811455407/1444871126", "profile_background_image_url": "http://pbs.twimg.com/profile_background_images/656780536329863170/LRjayrZg.jpg", "screen_name": "AdamSmith_USA", "lang": "en", "profile_background_tile": false, "favourites_count": 11889, "name": "Adam Smith", "notifications": null, "url": "https://t.co/4dCGYh17cg", "created_at": "Mon Sep 15 14:31:44 +0000 2014", "contributors_enabled": false, "time_zone": "Eastern Time (US & Canada)", "protected": false, "default_profile": false, "is_translator": false}, "geo": null, "in_reply_to_user_id_str": null, "possibly_sensitive": false, "lang": "und", "created_at": "Wed Oct 21 17:49:48 +0000 2015", "in_reply_to_status_id_str": null, "place": null, "metadata": {"iso_language_code": "und", "result_type": "recent"}}, "source": "<a href=\"http://twitter.com\" rel=\"nofollow\">Twitter Web Client</a>", "in_reply_to_screen_name": null, "in_reply_to_user_id": null, "retweet_count": 0, "id_str": "656909595760312320", "favorited": false, "user": {"follow_request_sent": null, "has_extended_profile": false, "profile_use_background_image": false, "default_profile_image": false, "id": 3406500304, "profile_background_image_url_https": "https://abs.twimg.com/images/themes/theme1/bg.png", "verified": false, "profile_text_color": "000000", "profile_image_url_https": "https://pbs.twimg.com/profile_images/655753958678491136/1BG5_-Od_normal.jpg", "profile_sidebar_fill_color": "000000", "entities": {"description": {"urls": []}}, "followers_count": 142, "profile_sidebar_border_color": "000000", "id_str": "3406500304", "profile_background_color": "000000", "listed_count": 9, "is_translation_enabled": false, "utc_offset": null, "statuses_count": 1986, "description": "Hillary 2016 #WomenForHillary", "friends_count": 258, "location": "", "profile_link_color": "9266CC", "profile_image_url": "http://pbs.twimg.com/profile_images/655753958678491136/1BG5_-Od_normal.jpg", "following": null, "geo_enabled": false, "profile_banner_url": "https://pbs.twimg.com/profile_banners/3406500304/1440469911", "profile_background_image_url": "http://abs.twimg.com/images/themes/theme1/bg.png", "screen_name": "liviapolise", "lang": "en", "profile_background_tile": false, "favourites_count": 936, "name": "Livia Polise", "notifications": null, "url": null, "created_at": "Fri Aug 07 01:10:47 +0000 2015", "contributors_enabled": false, "time_zone": null, "protected": false, "default_profile": false, "is_translator": false}, "geo": null, "in_reply_to_user_id_str": null, "possibly_sensitive": false, "lang": "und", "created_at": "Wed Oct 21 19:07:07 +0000 2015", "quoted_status_id_str": "656890140921589761", "in_reply_to_status_id_str": null, "place": null, "metadata": {"iso_language_code": "und", "result_type": "recent"}}