{"contributors": null, "truncated": false, "text": "#Bernie Calls for restoring prescription drug discounts for seniors\n #Election2016 #Bernie2016 #Hillary2016 https://t.co/zY99QmdMXK", "is_quote_status": false, "in_reply_to_status_id": null, "id": 656912977203998720, "favorite_count": 0, "source": "<a href=\"http://ifttt.com\" rel=\"nofollow\">IFTTT</a>", "retweeted": false, "coordinates": null, "entities": {"symbols": [], "user_mentions": [], "hashtags": [{"indices": [0, 7], "text": "Bernie"}, {"indices": [69, 82], "text": "Election2016"}, {"indices": [83, 94], "text": "Bernie2016"}, {"indices": [95, 107], "text": "Hillary2016"}], "urls": [], "media": [{"expanded_url": "http://twitter.com/BernieVerse/status/656912977203998720/photo/1", "display_url": "pic.twitter.com/zY99QmdMXK", "url": "https://t.co/zY99QmdMXK", "media_url_https": "https://pbs.twimg.com/media/CR3S30TXIAcr60o.png", "id_str": "656912977040449543", "sizes": {"large": {"h": 300, "resize": "fit", "w": 600}, "small": {"h": 170, "resize": "fit", "w": 340}, "medium": {"h": 300, "resize": "fit", "w": 600}, "thumb": {"h": 150, "resize": "crop", "w": 150}}, "indices": [108, 131], "type": "photo", "id": 656912977040449543, "media_url": "http://pbs.twimg.com/media/CR3S30TXIAcr60o.png"}]}, "in_reply_to_screen_name": null, "in_reply_to_user_id": null, "retweet_count": 0, "id_str": "656912977203998720", "favorited": false, "user": {"follow_request_sent": null, "has_extended_profile": false, "profile_use_background_image": true, "default_profile_image": false, "id": 3291645948, "profile_background_image_url_https": "https://abs.twimg.com/images/themes/theme15/bg.png", "verified": false, "profile_text_color": "333333", "profile_image_url_https": "https://pbs.twimg.com/profile_images/629874814354755584/dC0bAtUz_normal.png", "profile_sidebar_fill_color": "C0DFEC", "entities": {"url": {"urls": [{"url": "http://t.co/dYXy7Ih1Ai", "indices": [0, 22], "expanded_url": "http://BernieVerse.Com", "display_url": "BernieVerse.Com"}]}, "description": {"urls": []}}, "followers_count": 1694, "profile_sidebar_border_color": "A8C7F7", "id_str": "3291645948", "profile_background_color": "022330", "listed_count": 58, "is_translation_enabled": false, "utc_offset": -14400, "statuses_count": 7391, "description": "Re/Tweets are a reflection of what I observe from people / groups who #FeelTheBern for #Bernie2016  Thank you for FOLLOWing @BernieVerse", "friends_count": 2000, "location": "Burlington, VT", "profile_link_color": "0084B4", "profile_image_url": "http://pbs.twimg.com/profile_images/629874814354755584/dC0bAtUz_normal.png", "following": null, "geo_enabled": true, "profile_banner_url": "https://pbs.twimg.com/profile_banners/3291645948/1439386945", "profile_background_image_url": "http://abs.twimg.com/images/themes/theme15/bg.png", "screen_name": "BernieVerse", "lang": "en", "profile_background_tile": false, "favourites_count": 775, "name": "Bernie Universe", "notifications": null, "url": "http://t.co/dYXy7Ih1Ai", "created_at": "Sat Jul 25 03:10:29 +0000 2015", "contributors_enabled": false, "time_zone": "Eastern Time (US & Canada)", "protected": false, "default_profile": false, "is_translator": false}, "geo": null, "in_reply_to_user_id_str": null, "possibly_sensitive": false, "lang": "en", "created_at": "Wed Oct 21 19:20:33 +0000 2015", "in_reply_to_status_id_str": null, "place": null, "metadata": {"iso_language_code": "en", "result_type": "recent"}}