{"contributors": null, "truncated": false, "text": "RT @VickyBrush: #OhHillNo! \ud83d\ude21 #NoVotes4Hillary #HillaryEmail #NoHillaryClinton #HillaryClinton #hillarylies https://t.co/WwxFD8mGJ9", "is_quote_status": true, "in_reply_to_status_id": null, "id": 656909145501642752, "favorite_count": 0, "source": "<a href=\"http://twitter.com\" rel=\"nofollow\">Twitter Web Client</a>", "retweeted": false, "coordinates": null, "entities": {"symbols": [], "user_mentions": [{"id": 54159671, "indices": [3, 14], "id_str": "54159671", "screen_name": "VickyBrush", "name": "Vicky Brush"}], "hashtags": [{"indices": [16, 25], "text": "OhHillNo"}, {"indices": [29, 45], "text": "NoVotes4Hillary"}, {"indices": [46, 59], "text": "HillaryEmail"}, {"indices": [60, 77], "text": "NoHillaryClinton"}, {"indices": [78, 93], "text": "HillaryClinton"}, {"indices": [94, 106], "text": "hillarylies"}], "urls": [{"url": "https://t.co/WwxFD8mGJ9", "indices": [107, 130], "expanded_url": "https://twitter.com/Shane_Brasgalla/status/656890168368984064", "display_url": "twitter.com/Shane_Brasgall\u2026"}]}, "in_reply_to_screen_name": null, "in_reply_to_user_id": null, "retweet_count": 4, "id_str": "656909145501642752", "favorited": false, "retweeted_status": {"contributors": null, "truncated": false, "text": "#OhHillNo! \ud83d\ude21 #NoVotes4Hillary #HillaryEmail #NoHillaryClinton #HillaryClinton #hillarylies https://t.co/WwxFD8mGJ9", "is_quote_status": true, "in_reply_to_status_id": null, "id": 656906739292356608, "favorite_count": 4, "entities": {"symbols": [], "user_mentions": [], "hashtags": [{"indices": [0, 9], "text": "OhHillNo"}, {"indices": [13, 29], "text": "NoVotes4Hillary"}, {"indices": [30, 43], "text": "HillaryEmail"}, {"indices": [44, 61], "text": "NoHillaryClinton"}, {"indices": [62, 77], "text": "HillaryClinton"}, {"indices": [78, 90], "text": "hillarylies"}], "urls": [{"url": "https://t.co/WwxFD8mGJ9", "indices": [91, 114], "expanded_url": "https://twitter.com/Shane_Brasgalla/status/656890168368984064", "display_url": "twitter.com/Shane_Brasgall\u2026"}]}, "quoted_status_id": 656890168368984064, "retweeted": false, "coordinates": null, "quoted_status": {"contributors": null, "truncated": false, "text": "Hillary Clinton wants to ABOLISH Your 2nd Amendment right!\nDont let it happen\nProtect Your Rights!\n#VoteTRUMP2016\ud83d\udc18\ud83c\uddfa\ud83c\uddf8\nhttps://t.co/0b9AdYa11p", "is_quote_status": false, "in_reply_to_status_id": null, "id": 656890168368984064, "favorite_count": 6, "source": "<a href=\"http://twitter.com/download/android\" rel=\"nofollow\">Twitter for Android</a>", "retweeted": false, "coordinates": null, "entities": {"symbols": [], "user_mentions": [], "hashtags": [{"indices": [99, 113], "text": "VoteTRUMP2016"}], "urls": [{"url": "https://t.co/0b9AdYa11p", "indices": [117, 140], "expanded_url": "http://townhall.com/tipsheet/mattvespa/2015/10/02/clinton-supreme-court-is-wrong-on-the-second-amendment-n2059865", "display_url": "townhall.com/tipsheet/mattv\u2026"}]}, "in_reply_to_screen_name": null, "in_reply_to_user_id": null, "retweet_count": 6, "id_str": "656890168368984064", "favorited": false, "geo": null, "in_reply_to_user_id_str": null, "possibly_sensitive": false, "lang": "en", "created_at": "Wed Oct 21 17:49:55 +0000 2015", "in_reply_to_status_id_str": null, "place": null, "metadata": {"iso_language_code": "und", "result_type": "recent"}}, "source": "<a href=\"http://twitter.com\" rel=\"nofollow\">Twitter Web Client</a>", "in_reply_to_screen_name": null, "in_reply_to_user_id": null, "retweet_count": 4, "id_str": "656906739292356608", "favorited": false, "user": {"follow_request_sent": null, "has_extended_profile": true, "profile_use_background_image": true, "default_profile_image": false, "id": 54159671, "profile_background_image_url_https": "https://pbs.twimg.com/profile_background_images/629216335113748480/owflO5l9.jpg", "verified": false, "profile_text_color": "000000", "profile_image_url_https": "https://pbs.twimg.com/profile_images/629217547049529344/Ug-E4yH1_normal.jpg", "profile_sidebar_fill_color": "000000", "entities": {"description": {"urls": []}}, "followers_count": 3353, "profile_sidebar_border_color": "000000", "id_str": "54159671", "profile_background_color": "000000", "listed_count": 50, "is_translation_enabled": false, "utc_offset": -25200, "statuses_count": 13844, "description": "FOLLOW ME IF YOU ARE FOR @realdonaldtrump - Mom, Virgo, animal lover, perfectionist, hard working, fun; and crazy about Yo-Wild frozen yogurt. Preferably peach.", "friends_count": 999, "location": "Originally from San Jose, CA", "profile_link_color": "9266CC", "profile_image_url": "http://pbs.twimg.com/profile_images/629217547049529344/Ug-E4yH1_normal.jpg", "following": null, "geo_enabled": false, "profile_banner_url": "https://pbs.twimg.com/profile_banners/54159671/1445016933", "profile_background_image_url": "http://pbs.twimg.com/profile_background_images/629216335113748480/owflO5l9.jpg", "screen_name": "VickyBrush", "lang": "en", "profile_background_tile": false, "favourites_count": 12719, "name": "Vicky Brush", "notifications": null, "url": null, "created_at": "Mon Jul 06 09:01:53 +0000 2009", "contributors_enabled": false, "time_zone": "Pacific Time (US & Canada)", "protected": false, "default_profile": false, "is_translator": false}, "geo": null, "in_reply_to_user_id_str": null, "possibly_sensitive": false, "lang": "und", "created_at": "Wed Oct 21 18:55:46 +0000 2015", "quoted_status_id_str": "656890168368984064", "in_reply_to_status_id_str": null, "place": null, "metadata": {"iso_language_code": "und", "result_type": "recent"}}, "user": {"follow_request_sent": null, "has_extended_profile": false, "profile_use_background_image": true, "default_profile_image": false, "id": 499218109, "profile_background_image_url_https": "https://abs.twimg.com/images/themes/theme1/bg.png", "verified": false, "profile_text_color": "333333", "profile_image_url_https": "https://pbs.twimg.com/profile_images/454869358343225344/l9sbBxUX_normal.jpeg", "profile_sidebar_fill_color": "DDEEF6", "entities": {"description": {"urls": []}}, "followers_count": 359, "profile_sidebar_border_color": "C0DEED", "id_str": "499218109", "profile_background_color": "C0DEED", "listed_count": 23, "is_translation_enabled": false, "utc_offset": -25200, "statuses_count": 7875, "description": "Patriot to the core.  Live to Ride, Ride to Live, fight for America and it's constitution #2A #MolonLabe #RedNationRising #IstandwithIsrael.  I am a CHRISTIAN", "friends_count": 139, "location": "Las Vegas, Nevada", "profile_link_color": "0084B4", "profile_image_url": "http://pbs.twimg.com/profile_images/454869358343225344/l9sbBxUX_normal.jpeg", "following": null, "geo_enabled": false, "profile_banner_url": "https://pbs.twimg.com/profile_banners/499218109/1436586688", "profile_background_image_url": "http://abs.twimg.com/images/themes/theme1/bg.png", "screen_name": "wyndanser2", "lang": "en", "profile_background_tile": false, "favourites_count": 341, "name": "Raven", "notifications": null, "url": null, "created_at": "Tue Feb 21 22:12:37 +0000 2012", "contributors_enabled": false, "time_zone": "Pacific Time (US & Canada)", "protected": false, "default_profile": true, "is_translator": false}, "geo": null, "in_reply_to_user_id_str": null, "possibly_sensitive": false, "lang": "und", "created_at": "Wed Oct 21 19:05:19 +0000 2015", "in_reply_to_status_id_str": null, "place": null, "metadata": {"iso_language_code": "und", "result_type": "recent"}}