{"contributors": null, "truncated": false, "text": "RT @VT4Bernie: RT BernieVerse: #Bernie Wants to abolish for-profit prisons\n #Election2016 #Bernie2016 #Hillary2016 https://t.co/DZdtbpSqDl", "is_quote_status": false, "in_reply_to_status_id": null, "id": 656904680941973504, "favorite_count": 0, "source": "<a href=\"http://twitter.com/download/android\" rel=\"nofollow\">Twitter for Android</a>", "retweeted": false, "coordinates": null, "entities": {"symbols": [], "user_mentions": [{"id": 3426526972, "indices": [3, 13], "id_str": "3426526972", "screen_name": "VT4Bernie", "name": "Vermont 4 Bernie"}], "hashtags": [{"indices": [31, 38], "text": "Bernie"}, {"indices": [76, 89], "text": "Election2016"}, {"indices": [90, 101], "text": "Bernie2016"}, {"indices": [102, 114], "text": "Hillary2016"}], "urls": [], "media": [{"source_user_id": 3291645948, "source_status_id_str": "656887109505163265", "expanded_url": "http://twitter.com/BernieVerse/status/656887109505163265/photo/1", "display_url": "pic.twitter.com/DZdtbpSqDl", "url": "https://t.co/DZdtbpSqDl", "media_url_https": "https://pbs.twimg.com/media/CR27WHoWcAEB_qu.png", "source_user_id_str": "3291645948", "source_status_id": 656887109505163265, "id_str": "656887109345767425", "sizes": {"large": {"h": 300, "resize": "fit", "w": 600}, "small": {"h": 170, "resize": "fit", "w": 340}, "medium": {"h": 300, "resize": "fit", "w": 600}, "thumb": {"h": 150, "resize": "crop", "w": 150}}, "indices": [115, 138], "type": "photo", "id": 656887109345767425, "media_url": "http://pbs.twimg.com/media/CR27WHoWcAEB_qu.png"}]}, "in_reply_to_screen_name": null, "in_reply_to_user_id": null, "retweet_count": 1, "id_str": "656904680941973504", "favorited": false, "retweeted_status": {"contributors": null, "truncated": false, "text": "RT BernieVerse: #Bernie Wants to abolish for-profit prisons\n #Election2016 #Bernie2016 #Hillary2016 https://t.co/DZdtbpSqDl", "is_quote_status": false, "in_reply_to_status_id": null, "id": 656904543486267392, "favorite_count": 1, "source": "<a href=\"http://ifttt.com\" rel=\"nofollow\">IFTTT</a>", "retweeted": false, "coordinates": null, "entities": {"symbols": [], "user_mentions": [], "hashtags": [{"indices": [16, 23], "text": "Bernie"}, {"indices": [61, 74], "text": "Election2016"}, {"indices": [75, 86], "text": "Bernie2016"}, {"indices": [87, 99], "text": "Hillary2016"}], "urls": [], "media": [{"source_user_id": 3291645948, "source_status_id_str": "656887109505163265", "expanded_url": "http://twitter.com/BernieVerse/status/656887109505163265/photo/1", "display_url": "pic.twitter.com/DZdtbpSqDl", "url": "https://t.co/DZdtbpSqDl", "media_url_https": "https://pbs.twimg.com/media/CR27WHoWcAEB_qu.png", "source_user_id_str": "3291645948", "source_status_id": 656887109505163265, "id_str": "656887109345767425", "sizes": {"large": {"h": 300, "resize": "fit", "w": 600}, "small": {"h": 170, "resize": "fit", "w": 340}, "medium": {"h": 300, "resize": "fit", "w": 600}, "thumb": {"h": 150, "resize": "crop", "w": 150}}, "indices": [100, 123], "type": "photo", "id": 656887109345767425, "media_url": "http://pbs.twimg.com/media/CR27WHoWcAEB_qu.png"}]}, "in_reply_to_screen_name": null, "in_reply_to_user_id": null, "retweet_count": 1, "id_str": "656904543486267392", "favorited": false, "user": {"follow_request_sent": null, "has_extended_profile": false, "profile_use_background_image": true, "default_profile_image": false, "id": 3426526972, "profile_background_image_url_https": "https://pbs.twimg.com/profile_background_images/633281522708140034/xDhtLAWI.jpg", "verified": false, "profile_text_color": "000000", "profile_image_url_https": "https://pbs.twimg.com/profile_images/633272769757577218/0xfBrtrv_normal.jpg", "profile_sidebar_fill_color": "000000", "entities": {"url": {"urls": [{"url": "http://t.co/PVynIvzKUU", "indices": [0, 22], "expanded_url": "http://BernieVerse.com", "display_url": "BernieVerse.com"}]}, "description": {"urls": []}}, "followers_count": 527, "profile_sidebar_border_color": "000000", "id_str": "3426526972", "profile_background_color": "ACDED6", "listed_count": 108, "is_translation_enabled": false, "utc_offset": null, "statuses_count": 8645, "description": "", "friends_count": 1218, "location": "Vermont, USA", "profile_link_color": "038543", "profile_image_url": "http://pbs.twimg.com/profile_images/633272769757577218/0xfBrtrv_normal.jpg", "following": null, "geo_enabled": true, "profile_banner_url": "https://pbs.twimg.com/profile_banners/3426526972/1439819291", "profile_background_image_url": "http://pbs.twimg.com/profile_background_images/633281522708140034/xDhtLAWI.jpg", "screen_name": "VT4Bernie", "lang": "en", "profile_background_tile": false, "favourites_count": 4, "name": "Vermont 4 Bernie", "notifications": null, "url": "http://t.co/PVynIvzKUU", "created_at": "Sun Aug 16 19:00:48 +0000 2015", "contributors_enabled": false, "time_zone": null, "protected": false, "default_profile": false, "is_translator": false}, "geo": null, "in_reply_to_user_id_str": null, "possibly_sensitive": false, "lang": "en", "created_at": "Wed Oct 21 18:47:02 +0000 2015", "in_reply_to_status_id_str": null, "place": null, "metadata": {"iso_language_code": "en", "result_type": "recent"}}, "user": {"follow_request_sent": null, "has_extended_profile": false, "profile_use_background_image": true, "default_profile_image": false, "id": 969753140, "profile_background_image_url_https": "https://abs.twimg.com/images/themes/theme1/bg.png", "verified": false, "profile_text_color": "333333", "profile_image_url_https": "https://pbs.twimg.com/profile_images/442251334923059200/ncs0ws90_normal.jpeg", "profile_sidebar_fill_color": "DDEEF6", "entities": {"description": {"urls": []}}, "followers_count": 392, "profile_sidebar_border_color": "C0DEED", "id_str": "969753140", "profile_background_color": "C0DEED", "listed_count": 25, "is_translation_enabled": false, "utc_offset": -18000, "statuses_count": 5499, "description": "TacticalHumorLover/Aviation Expert Witness/Boeing/McDonnell Douglas Test Pilot/Migrant Aerospace workers of America(founder), Dad of 3 reallygreat kids!", "friends_count": 1967, "location": "Right Here", "profile_link_color": "0084B4", "profile_image_url": "http://pbs.twimg.com/profile_images/442251334923059200/ncs0ws90_normal.jpeg", "following": null, "geo_enabled": false, "profile_background_image_url": "http://abs.twimg.com/images/themes/theme1/bg.png", "screen_name": "jetpowered1", "lang": "en", "profile_background_tile": false, "favourites_count": 5782, "name": "Jetpowered", "notifications": null, "url": null, "created_at": "Sun Nov 25 09:51:58 +0000 2012", "contributors_enabled": false, "time_zone": "Central Time (US & Canada)", "protected": false, "default_profile": true, "is_translator": false}, "geo": null, "in_reply_to_user_id_str": null, "possibly_sensitive": false, "lang": "en", "created_at": "Wed Oct 21 18:47:35 +0000 2015", "in_reply_to_status_id_str": null, "place": null, "metadata": {"iso_language_code": "en", "result_type": "recent"}}