{"contributors": null, "truncated": false, "text": "Remember @HillaryClinton #Hillary2016 y'all!!!! https://t.co/TMcTVqGP2j", "is_quote_status": false, "in_reply_to_status_id": null, "id": 656900252700569600, "favorite_count": 0, "source": "<a href=\"http://twitter.com/download/iphone\" rel=\"nofollow\">Twitter for iPhone</a>", "retweeted": false, "coordinates": null, "entities": {"symbols": [], "user_mentions": [{"id": 1339835893, "indices": [9, 24], "id_str": "1339835893", "screen_name": "HillaryClinton", "name": "Hillary Clinton"}], "hashtags": [{"indices": [25, 37], "text": "Hillary2016"}], "urls": [{"url": "https://t.co/TMcTVqGP2j", "indices": [48, 71], "expanded_url": "http://www.theblaze.com/stories/2015/10/21/they-told-you-that-mother-of-benghazi-hero-leaves-cnn-host-visibly-stunned-after-recalling-what-she-says-govt-told-her/", "display_url": "theblaze.com/stories/2015/1\u2026"}]}, "in_reply_to_screen_name": null, "in_reply_to_user_id": null, "retweet_count": 0, "id_str": "656900252700569600", "favorited": false, "user": {"follow_request_sent": null, "has_extended_profile": false, "profile_use_background_image": true, "default_profile_image": false, "id": 15627801, "profile_background_image_url_https": "https://abs.twimg.com/images/themes/theme14/bg.gif", "verified": false, "profile_text_color": "333333", "profile_image_url_https": "https://pbs.twimg.com/profile_images/615523985292267520/88L6EwJI_normal.jpg", "profile_sidebar_fill_color": "EFEFEF", "entities": {"url": {"urls": [{"url": "http://t.co/Wo4GrrLefq", "indices": [0, 22], "expanded_url": "http://TDubbblog.wordpress.com", "display_url": "TDubbblog.wordpress.com"}]}, "description": {"urls": []}}, "followers_count": 1172, "profile_sidebar_border_color": "EEEEEE", "id_str": "15627801", "profile_background_color": "131516", "listed_count": 30, "is_translation_enabled": false, "utc_offset": -18000, "statuses_count": 70044, "description": "People impress me with their stupidity.", "friends_count": 1401, "location": "Mississippi", "profile_link_color": "009999", "profile_image_url": "http://pbs.twimg.com/profile_images/615523985292267520/88L6EwJI_normal.jpg", "following": null, "geo_enabled": true, "profile_banner_url": "https://pbs.twimg.com/profile_banners/15627801/1350695353", "profile_background_image_url": "http://abs.twimg.com/images/themes/theme14/bg.gif", "screen_name": "TDubb", "lang": "en", "profile_background_tile": true, "favourites_count": 238, "name": "Todd Wilson", "notifications": null, "url": "http://t.co/Wo4GrrLefq", "created_at": "Mon Jul 28 04:27:57 +0000 2008", "contributors_enabled": false, "time_zone": "Central Time (US & Canada)", "protected": false, "default_profile": false, "is_translator": false}, "geo": null, "in_reply_to_user_id_str": null, "possibly_sensitive": false, "lang": "en", "created_at": "Wed Oct 21 18:29:59 +0000 2015", "in_reply_to_status_id_str": null, "place": null, "metadata": {"iso_language_code": "en", "result_type": "recent"}}