{"contributors": null, "truncated": false, "text": "RT @OurLibertyJewel: Who killed 90,000 Blacks last year?   hmmm    #PPSellsBabyParts  #RacismInAmerica  #NAACP106 #Uppers #P2 #Hillary2016 \u2026", "is_quote_status": false, "in_reply_to_status_id": null, "id": 656905771427459072, "favorite_count": 0, "source": "<a href=\"http://twitter.com/download/android\" rel=\"nofollow\">Twitter for Android</a>", "retweeted": false, "coordinates": null, "entities": {"symbols": [], "user_mentions": [{"id": 264888294, "indices": [3, 19], "id_str": "264888294", "screen_name": "OurLibertyJewel", "name": "Party of Jefferson"}], "hashtags": [{"indices": [67, 84], "text": "PPSellsBabyParts"}, {"indices": [86, 102], "text": "RacismInAmerica"}, {"indices": [104, 113], "text": "NAACP106"}, {"indices": [114, 121], "text": "Uppers"}, {"indices": [122, 125], "text": "P2"}, {"indices": [126, 138], "text": "Hillary2016"}], "urls": [], "media": [{"source_user_id": 264888294, "source_status_id_str": "621673726241808384", "expanded_url": "http://twitter.com/OurLibertyJewel/status/621673726241808384/photo/1", "display_url": "pic.twitter.com/rBAERfEyK3", "url": "http://t.co/rBAERfEyK3", "media_url_https": "https://pbs.twimg.com/media/CKCg9a2WgAALgYQ.jpg", "source_user_id_str": "264888294", "source_status_id": 621673726241808384, "id_str": "621673725616881664", "sizes": {"small": {"h": 340, "resize": "fit", "w": 340}, "large": {"h": 600, "resize": "fit", "w": 600}, "medium": {"h": 600, "resize": "fit", "w": 600}, "thumb": {"h": 150, "resize": "crop", "w": 150}}, "indices": [139, 140], "type": "photo", "id": 621673725616881664, "media_url": "http://pbs.twimg.com/media/CKCg9a2WgAALgYQ.jpg"}]}, "in_reply_to_screen_name": null, "in_reply_to_user_id": null, "retweet_count": 33, "id_str": "656905771427459072", "favorited": false, "retweeted_status": {"contributors": null, "truncated": false, "text": "Who killed 90,000 Blacks last year?   hmmm    #PPSellsBabyParts  #RacismInAmerica  #NAACP106 #Uppers #P2 #Hillary2016 http://t.co/rBAERfEyK3", "is_quote_status": false, "in_reply_to_status_id": null, "id": 621673726241808384, "favorite_count": 21, "source": "<a href=\"http://twitter.com\" rel=\"nofollow\">Twitter Web Client</a>", "retweeted": false, "coordinates": null, "entities": {"symbols": [], "user_mentions": [], "hashtags": [{"indices": [46, 63], "text": "PPSellsBabyParts"}, {"indices": [65, 81], "text": "RacismInAmerica"}, {"indices": [83, 92], "text": "NAACP106"}, {"indices": [93, 100], "text": "Uppers"}, {"indices": [101, 104], "text": "P2"}, {"indices": [105, 117], "text": "Hillary2016"}], "urls": [], "media": [{"expanded_url": "http://twitter.com/OurLibertyJewel/status/621673726241808384/photo/1", "display_url": "pic.twitter.com/rBAERfEyK3", "url": "http://t.co/rBAERfEyK3", "media_url_https": "https://pbs.twimg.com/media/CKCg9a2WgAALgYQ.jpg", "id_str": "621673725616881664", "sizes": {"small": {"h": 340, "resize": "fit", "w": 340}, "large": {"h": 600, "resize": "fit", "w": 600}, "medium": {"h": 600, "resize": "fit", "w": 600}, "thumb": {"h": 150, "resize": "crop", "w": 150}}, "indices": [118, 140], "type": "photo", "id": 621673725616881664, "media_url": "http://pbs.twimg.com/media/CKCg9a2WgAALgYQ.jpg"}]}, "in_reply_to_screen_name": null, "in_reply_to_user_id": null, "retweet_count": 33, "id_str": "621673726241808384", "favorited": false, "user": {"follow_request_sent": null, "has_extended_profile": false, "profile_use_background_image": true, "default_profile_image": false, "id": 264888294, "profile_background_image_url_https": "https://pbs.twimg.com/profile_background_images/615898768408473600/v_MzTrTK.png", "verified": false, "profile_text_color": "42181A", "profile_image_url_https": "https://pbs.twimg.com/profile_images/1880715851/aa_normal.jpg", "profile_sidebar_fill_color": "776D64", "entities": {"description": {"urls": []}}, "followers_count": 1526, "profile_sidebar_border_color": "301C13", "id_str": "264888294", "profile_background_color": "40281E", "listed_count": 15, "is_translation_enabled": false, "utc_offset": -14400, "statuses_count": 1258, "description": "\u26a1\ufe0f \u26a1\ufe0f Guard, with Jealous attention the Public Liberty. Suspect everyone who approaches That Jewel  \u26a1\ufe0f \u26a1\ufe0f - Patrick Henry   #tcot   [r]epublican", "friends_count": 1411, "location": "", "profile_link_color": "4A913C", "profile_image_url": "http://pbs.twimg.com/profile_images/1880715851/aa_normal.jpg", "following": null, "geo_enabled": false, "profile_banner_url": "https://pbs.twimg.com/profile_banners/264888294/1437052789", "profile_background_image_url": "http://pbs.twimg.com/profile_background_images/615898768408473600/v_MzTrTK.png", "screen_name": "OurLibertyJewel", "lang": "en", "profile_background_tile": true, "favourites_count": 461, "name": "Party of Jefferson", "notifications": null, "url": null, "created_at": "Sat Mar 12 16:34:13 +0000 2011", "contributors_enabled": false, "time_zone": "Eastern Time (US & Canada)", "protected": false, "default_profile": false, "is_translator": false}, "geo": null, "in_reply_to_user_id_str": null, "possibly_sensitive": false, "lang": "en", "created_at": "Thu Jul 16 13:32:21 +0000 2015", "in_reply_to_status_id_str": null, "place": null, "metadata": {"iso_language_code": "en", "result_type": "recent"}}, "user": {"follow_request_sent": null, "has_extended_profile": false, "profile_use_background_image": true, "default_profile_image": false, "id": 2567316376, "profile_background_image_url_https": "https://abs.twimg.com/images/themes/theme1/bg.png", "verified": false, "profile_text_color": "333333", "profile_image_url_https": "https://pbs.twimg.com/profile_images/471298589734346752/JG3qZVEh_normal.jpeg", "profile_sidebar_fill_color": "DDEEF6", "entities": {"description": {"urls": []}}, "followers_count": 59, "profile_sidebar_border_color": "C0DEED", "id_str": "2567316376", "profile_background_color": "C0DEED", "listed_count": 3, "is_translation_enabled": false, "utc_offset": -18000, "statuses_count": 857, "description": "", "friends_count": 110, "location": "", "profile_link_color": "0084B4", "profile_image_url": "http://pbs.twimg.com/profile_images/471298589734346752/JG3qZVEh_normal.jpeg", "following": null, "geo_enabled": false, "profile_background_image_url": "http://abs.twimg.com/images/themes/theme1/bg.png", "screen_name": "Big_EddieWayne", "lang": "en", "profile_background_tile": false, "favourites_count": 27, "name": "edgar massey", "notifications": null, "url": null, "created_at": "Tue May 27 14:32:45 +0000 2014", "contributors_enabled": false, "time_zone": "Central Time (US & Canada)", "protected": false, "default_profile": true, "is_translator": false}, "geo": null, "in_reply_to_user_id_str": null, "possibly_sensitive": false, "lang": "en", "created_at": "Wed Oct 21 18:51:55 +0000 2015", "in_reply_to_status_id_str": null, "place": null, "metadata": {"iso_language_code": "en", "result_type": "recent"}}