{"contributors": null, "truncated": false, "text": "L\u00e4s @MatsExpressen: Det var den b\u00e4sta nyheten Hillary Clinton kunde f\u00e5:\nhttps://t.co/YyqkGaZyq1\n#ampol #JoeBiden #HillaryClinton", "is_quote_status": false, "in_reply_to_status_id": null, "id": 656901859848929280, "favorite_count": 0, "source": "<a href=\"http://twitter.com/download/iphone\" rel=\"nofollow\">Twitter for iPhone</a>", "retweeted": false, "coordinates": null, "entities": {"symbols": [], "user_mentions": [{"id": 47594818, "indices": [4, 18], "id_str": "47594818", "screen_name": "MatsExpressen", "name": "Mats Larsson"}], "hashtags": [{"indices": [96, 102], "text": "ampol"}, {"indices": [103, 112], "text": "JoeBiden"}, {"indices": [113, 128], "text": "HillaryClinton"}], "urls": [{"url": "https://t.co/YyqkGaZyq1", "indices": [72, 95], "expanded_url": "http://www.expressen.se/kronikorer/mats-larsson/den-basta-nyheten-hillary-clinton-kunde-fa/", "display_url": "expressen.se/kronikorer/mat\u2026"}]}, "in_reply_to_screen_name": null, "in_reply_to_user_id": null, "retweet_count": 0, "id_str": "656901859848929280", "favorited": false, "user": {"follow_request_sent": null, "has_extended_profile": false, "profile_use_background_image": true, "default_profile_image": false, "id": 712015430, "profile_background_image_url_https": "https://abs.twimg.com/images/themes/theme1/bg.png", "verified": false, "profile_text_color": "333333", "profile_image_url_https": "https://pbs.twimg.com/profile_images/2991395357/6d626c4ab2d4d8260e152baedf9f7967_normal.jpeg", "profile_sidebar_fill_color": "DDEEF6", "entities": {"description": {"urls": []}}, "followers_count": 181, "profile_sidebar_border_color": "C0DEED", "id_str": "712015430", "profile_background_color": "C0DEED", "listed_count": 8, "is_translation_enabled": false, "utc_offset": null, "statuses_count": 12195, "description": "Bachelor of Science in International Relations. All tweets reflect only my own personal opinion - RT doesn't necessarily mean endorsement.", "friends_count": 709, "location": "Malm\u00f6, Sweden", "profile_link_color": "0084B4", "profile_image_url": "http://pbs.twimg.com/profile_images/2991395357/6d626c4ab2d4d8260e152baedf9f7967_normal.jpeg", "following": null, "geo_enabled": true, "profile_banner_url": "https://pbs.twimg.com/profile_banners/712015430/1434762388", "profile_background_image_url": "http://abs.twimg.com/images/themes/theme1/bg.png", "screen_name": "danielkarlfrick", "lang": "en", "profile_background_tile": false, "favourites_count": 189, "name": "Daniel Frick", "notifications": null, "url": null, "created_at": "Mon Jul 23 07:53:31 +0000 2012", "contributors_enabled": false, "time_zone": null, "protected": false, "default_profile": true, "is_translator": false}, "geo": null, "in_reply_to_user_id_str": null, "possibly_sensitive": false, "lang": "sv", "created_at": "Wed Oct 21 18:36:22 +0000 2015", "in_reply_to_status_id_str": null, "place": {"full_name": "Malm\u00f6, Sweden", "url": "https://api.twitter.com/1.1/geo/id/6b9fbf597adbeafd.json", "country": "Sverige", "place_type": "city", "bounding_box": {"type": "Polygon", "coordinates": [[[12.7178537, 55.4799811], [13.1519338, 55.4799811], [13.1519338, 55.6797338], [12.7178537, 55.6797338]]]}, "contained_within": [], "country_code": "SE", "attributes": {}, "id": "6b9fbf597adbeafd", "name": "Malm\u00f6"}, "metadata": {"iso_language_code": "sv", "result_type": "recent"}}