{"contributors": null, "truncated": false, "text": "@pierregobet nous sommes maintenant fix\u00e9s avec l'annonce de @JoeBiden #hillary2016", "is_quote_status": false, "in_reply_to_status_id": 656521211523047424, "id": 656907097318236160, "favorite_count": 0, "source": "<a href=\"http://twitter.com/download/iphone\" rel=\"nofollow\">Twitter for iPhone</a>", "retweeted": false, "coordinates": null, "entities": {"symbols": [], "user_mentions": [{"id": 34582672, "indices": [0, 12], "id_str": "34582672", "screen_name": "pierregobet", "name": "Pierre Gobet"}, {"id": 939091, "indices": [60, 69], "id_str": "939091", "screen_name": "JoeBiden", "name": "Joe Biden"}], "hashtags": [{"indices": [70, 82], "text": "hillary2016"}], "urls": []}, "in_reply_to_screen_name": "pierregobet", "in_reply_to_user_id": 34582672, "retweet_count": 0, "id_str": "656907097318236160", "favorited": false, "user": {"follow_request_sent": null, "has_extended_profile": false, "profile_use_background_image": true, "default_profile_image": false, "id": 433612666, "profile_background_image_url_https": "https://abs.twimg.com/images/themes/theme1/bg.png", "verified": false, "profile_text_color": "333333", "profile_image_url_https": "https://pbs.twimg.com/profile_images/612925176964059136/_3-gM0o-_normal.jpg", "profile_sidebar_fill_color": "DDEEF6", "entities": {"description": {"urls": []}}, "followers_count": 220, "profile_sidebar_border_color": "C0DEED", "id_str": "433612666", "profile_background_color": "C0DEED", "listed_count": 20, "is_translation_enabled": false, "utc_offset": -25200, "statuses_count": 364, "description": "Doctorant en droit, chercheur invit\u00e9 \u00e0 HLS, titulaire du brevet d'avocat, membre du bureau des @VertsVD, Vice-pr\u00e9sident TPH, cycliste pour le surplus", "friends_count": 258, "location": "", "profile_link_color": "0084B4", "profile_image_url": "http://pbs.twimg.com/profile_images/612925176964059136/_3-gM0o-_normal.jpg", "following": null, "geo_enabled": false, "profile_banner_url": "https://pbs.twimg.com/profile_banners/433612666/1434369660", "profile_background_image_url": "http://abs.twimg.com/images/themes/theme1/bg.png", "screen_name": "DaRaedler", "lang": "fr", "profile_background_tile": false, "favourites_count": 287, "name": "David Raedler", "notifications": null, "url": null, "created_at": "Sat Dec 10 19:52:00 +0000 2011", "contributors_enabled": false, "time_zone": "Pacific Time (US & Canada)", "protected": false, "default_profile": true, "is_translator": false}, "geo": null, "in_reply_to_user_id_str": "34582672", "lang": "fr", "created_at": "Wed Oct 21 18:57:11 +0000 2015", "in_reply_to_status_id_str": "656521211523047424", "place": null, "metadata": {"iso_language_code": "fr", "result_type": "recent"}}