{"contributors": null, "truncated": false, "text": "RT @txexss: Off-Books #HillaryClinton #Libya Adviser Had Business Interest in Libyan Regime Change #Benghazi #Gadaffi https://t.co/qCEE5NPk\u2026", "is_quote_status": false, "in_reply_to_status_id": null, "id": 656911724499435520, "favorite_count": 0, "source": "<a href=\"http://twitter.com/download/android\" rel=\"nofollow\">Twitter for Android</a>", "retweeted": false, "coordinates": null, "entities": {"symbols": [], "user_mentions": [{"id": 173054632, "indices": [3, 10], "id_str": "173054632", "screen_name": "txexss", "name": "Rene Austin"}, {"id": 15164565, "indices": [139, 140], "id_str": "15164565", "screen_name": "Slate", "name": "Slate"}], "hashtags": [{"indices": [22, 37], "text": "HillaryClinton"}, {"indices": [38, 44], "text": "Libya"}, {"indices": [99, 108], "text": "Benghazi"}, {"indices": [109, 117], "text": "Gadaffi"}], "urls": [{"url": "https://t.co/qCEE5NPkXN", "indices": [118, 140], "expanded_url": "http://www.slate.com/blogs/the_slatest/2015/05/18/hillary_clinton_sidney_blumenthal_libya_unofficial_adviser_represented_business.html?wpsrc=sh_all_dt_tw_top", "display_url": "slate.com/blogs/the_slat\u2026"}]}, "in_reply_to_screen_name": null, "in_reply_to_user_id": null, "retweet_count": 1, "id_str": "656911724499435520", "favorited": false, "retweeted_status": {"contributors": null, "truncated": false, "text": "Off-Books #HillaryClinton #Libya Adviser Had Business Interest in Libyan Regime Change #Benghazi #Gadaffi https://t.co/qCEE5NPkXN via @slate", "is_quote_status": false, "in_reply_to_status_id": null, "id": 656901729145884672, "favorite_count": 1, "source": "<a href=\"http://twitter.com\" rel=\"nofollow\">Twitter Web Client</a>", "retweeted": false, "coordinates": null, "entities": {"symbols": [], "user_mentions": [{"id": 15164565, "indices": [134, 140], "id_str": "15164565", "screen_name": "Slate", "name": "Slate"}], "hashtags": [{"indices": [10, 25], "text": "HillaryClinton"}, {"indices": [26, 32], "text": "Libya"}, {"indices": [87, 96], "text": "Benghazi"}, {"indices": [97, 105], "text": "Gadaffi"}], "urls": [{"url": "https://t.co/qCEE5NPkXN", "indices": [106, 129], "expanded_url": "http://www.slate.com/blogs/the_slatest/2015/05/18/hillary_clinton_sidney_blumenthal_libya_unofficial_adviser_represented_business.html?wpsrc=sh_all_dt_tw_top", "display_url": "slate.com/blogs/the_slat\u2026"}]}, "in_reply_to_screen_name": null, "in_reply_to_user_id": null, "retweet_count": 1, "id_str": "656901729145884672", "favorited": false, "user": {"follow_request_sent": null, "has_extended_profile": false, "profile_use_background_image": true, "default_profile_image": false, "id": 173054632, "profile_background_image_url_https": "https://pbs.twimg.com/profile_background_images/194401864/twitter-layout-pinup12-nt-n.jpg", "verified": false, "profile_text_color": "333333", "profile_image_url_https": "https://pbs.twimg.com/profile_images/1552515176/avatar-sexy-28_normal.jpg", "profile_sidebar_fill_color": "F5EADC", "entities": {"description": {"urls": []}}, "followers_count": 5617, "profile_sidebar_border_color": "EBCEC1", "id_str": "173054632", "profile_background_color": "C0DEED", "listed_count": 149, "is_translation_enabled": false, "utc_offset": -18000, "statuses_count": 15431, "description": "Fun loving #military romance writer tweeting  humor, music, and politics #tcot", "friends_count": 6012, "location": "Between the sheets in Texas ", "profile_link_color": "0084B4", "profile_image_url": "http://pbs.twimg.com/profile_images/1552515176/avatar-sexy-28_normal.jpg", "following": null, "geo_enabled": false, "profile_background_image_url": "http://pbs.twimg.com/profile_background_images/194401864/twitter-layout-pinup12-nt-n.jpg", "screen_name": "txexss", "lang": "en", "profile_background_tile": false, "favourites_count": 620, "name": "Rene Austin", "notifications": null, "url": null, "created_at": "Sat Jul 31 08:42:24 +0000 2010", "contributors_enabled": false, "time_zone": "Central Time (US & Canada)", "protected": false, "default_profile": false, "is_translator": false}, "geo": null, "in_reply_to_user_id_str": null, "possibly_sensitive": false, "lang": "en", "created_at": "Wed Oct 21 18:35:51 +0000 2015", "in_reply_to_status_id_str": null, "place": null, "metadata": {"iso_language_code": "en", "result_type": "recent"}}, "user": {"follow_request_sent": null, "has_extended_profile": false, "profile_use_background_image": true, "default_profile_image": false, "id": 551464774, "profile_background_image_url_https": "https://abs.twimg.com/images/themes/theme1/bg.png", "verified": false, "profile_text_color": "333333", "profile_image_url_https": "https://pbs.twimg.com/profile_images/567859547885154304/y3pPuCtj_normal.jpeg", "profile_sidebar_fill_color": "DDEEF6", "entities": {"description": {"urls": []}}, "followers_count": 41, "profile_sidebar_border_color": "C0DEED", "id_str": "551464774", "profile_background_color": "C0DEED", "listed_count": 0, "is_translation_enabled": false, "utc_offset": -18000, "statuses_count": 2693, "description": "Cashier, Nana, Momma and Wife!", "friends_count": 172, "location": "", "profile_link_color": "0084B4", "profile_image_url": "http://pbs.twimg.com/profile_images/567859547885154304/y3pPuCtj_normal.jpeg", "following": null, "geo_enabled": true, "profile_background_image_url": "http://abs.twimg.com/images/themes/theme1/bg.png", "screen_name": "tonjabell", "lang": "en", "profile_background_tile": false, "favourites_count": 450, "name": "Tonja Bell", "notifications": null, "url": null, "created_at": "Thu Apr 12 01:19:34 +0000 2012", "contributors_enabled": false, "time_zone": "Central Time (US & Canada)", "protected": false, "default_profile": true, "is_translator": false}, "geo": null, "in_reply_to_user_id_str": null, "possibly_sensitive": false, "lang": "en", "created_at": "Wed Oct 21 19:15:34 +0000 2015", "in_reply_to_status_id_str": null, "place": null, "metadata": {"iso_language_code": "en", "result_type": "recent"}}