{"contributors": null, "truncated": false, "text": "RT @TheOneTruth_: Biden: \" We turned down all requests for help in #Benghazi \n\nHillary: \n\n#JoeBiden #DraftBiden #Hillary2016 http://t.co/IJ\u2026", "is_quote_status": false, "in_reply_to_status_id": null, "id": 656902321742458881, "favorite_count": 0, "source": "<a href=\"http://twitter.com/#!/download/ipad\" rel=\"nofollow\">Twitter for iPad</a>", "retweeted": false, "coordinates": null, "entities": {"symbols": [], "user_mentions": [{"id": 1164567182, "indices": [3, 16], "id_str": "1164567182", "screen_name": "TheOneTruth_", "name": "True_Story"}], "hashtags": [{"indices": [67, 76], "text": "Benghazi"}, {"indices": [90, 99], "text": "JoeBiden"}, {"indices": [100, 111], "text": "DraftBiden"}, {"indices": [112, 124], "text": "Hillary2016"}], "urls": [], "media": [{"source_user_id": 1164567182, "source_status_id_str": "651910624335765504", "expanded_url": "http://twitter.com/TheOneTruth_/status/651910624335765504/photo/1", "display_url": "pic.twitter.com/IJusI7BG5M", "url": "http://t.co/IJusI7BG5M", "media_url_https": "https://pbs.twimg.com/media/CQwNQh2UEAAURcR.jpg", "source_user_id_str": "1164567182", "source_status_id": 651910624335765504, "id_str": "651910623677124608", "sizes": {"large": {"h": 349, "resize": "fit", "w": 620}, "small": {"h": 191, "resize": "fit", "w": 340}, "medium": {"h": 337, "resize": "fit", "w": 600}, "thumb": {"h": 150, "resize": "crop", "w": 150}}, "indices": [125, 140], "type": "photo", "id": 651910623677124608, "media_url": "http://pbs.twimg.com/media/CQwNQh2UEAAURcR.jpg"}]}, "in_reply_to_screen_name": null, "in_reply_to_user_id": null, "retweet_count": 2, "id_str": "656902321742458881", "favorited": false, "retweeted_status": {"contributors": null, "truncated": false, "text": "Biden: \" We turned down all requests for help in #Benghazi \n\nHillary: \n\n#JoeBiden #DraftBiden #Hillary2016 http://t.co/IJusI7BG5M", "is_quote_status": false, "in_reply_to_status_id": null, "id": 651910624335765504, "favorite_count": 2, "source": "<a href=\"http://twitter.com\" rel=\"nofollow\">Twitter Web Client</a>", "retweeted": false, "coordinates": null, "entities": {"symbols": [], "user_mentions": [], "hashtags": [{"indices": [49, 58], "text": "Benghazi"}, {"indices": [72, 81], "text": "JoeBiden"}, {"indices": [82, 93], "text": "DraftBiden"}, {"indices": [94, 106], "text": "Hillary2016"}], "urls": [], "media": [{"expanded_url": "http://twitter.com/TheOneTruth_/status/651910624335765504/photo/1", "display_url": "pic.twitter.com/IJusI7BG5M", "url": "http://t.co/IJusI7BG5M", "media_url_https": "https://pbs.twimg.com/media/CQwNQh2UEAAURcR.jpg", "id_str": "651910623677124608", "sizes": {"large": {"h": 349, "resize": "fit", "w": 620}, "small": {"h": 191, "resize": "fit", "w": 340}, "medium": {"h": 337, "resize": "fit", "w": 600}, "thumb": {"h": 150, "resize": "crop", "w": 150}}, "indices": [107, 129], "type": "photo", "id": 651910623677124608, "media_url": "http://pbs.twimg.com/media/CQwNQh2UEAAURcR.jpg"}]}, "in_reply_to_screen_name": null, "in_reply_to_user_id": null, "retweet_count": 2, "id_str": "651910624335765504", "favorited": false, "user": {"follow_request_sent": null, "has_extended_profile": false, "profile_use_background_image": true, "default_profile_image": false, "id": 1164567182, "profile_background_image_url_https": "https://pbs.twimg.com/profile_background_images/550054829385457664/RcmLZG8V.jpeg", "verified": false, "profile_text_color": "333333", "profile_image_url_https": "https://pbs.twimg.com/profile_images/615374623375425536/c0wYn7A4_normal.jpg", "profile_sidebar_fill_color": "EFEFEF", "entities": {"description": {"urls": []}}, "followers_count": 1916, "profile_sidebar_border_color": "000000", "id_str": "1164567182", "profile_background_color": "EDF7F5", "listed_count": 13, "is_translation_enabled": false, "utc_offset": -21600, "statuses_count": 4449, "description": "Do Not Act Like a Fool. I Will Hammer You. Relentlessly. I Promise #Conservative #NeverForget", "friends_count": 1775, "location": "", "profile_link_color": "4A913C", "profile_image_url": "http://pbs.twimg.com/profile_images/615374623375425536/c0wYn7A4_normal.jpg", "following": null, "geo_enabled": false, "profile_banner_url": "https://pbs.twimg.com/profile_banners/1164567182/1444100392", "profile_background_image_url": "http://pbs.twimg.com/profile_background_images/550054829385457664/RcmLZG8V.jpeg", "screen_name": "TheOneTruth_", "lang": "en", "profile_background_tile": true, "favourites_count": 11543, "name": "True_Story", "notifications": null, "url": null, "created_at": "Sun Feb 10 01:14:39 +0000 2013", "contributors_enabled": false, "time_zone": "Chihuahua", "protected": false, "default_profile": false, "is_translator": false}, "geo": null, "in_reply_to_user_id_str": null, "possibly_sensitive": false, "lang": "en", "created_at": "Thu Oct 08 00:02:59 +0000 2015", "in_reply_to_status_id_str": null, "place": null, "metadata": {"iso_language_code": "en", "result_type": "recent"}}, "user": {"follow_request_sent": null, "has_extended_profile": false, "profile_use_background_image": true, "default_profile_image": false, "id": 3730691774, "profile_background_image_url_https": "https://abs.twimg.com/images/themes/theme1/bg.png", "verified": false, "profile_text_color": "333333", "profile_image_url_https": "https://pbs.twimg.com/profile_images/650397533387259904/hvxfsxEY_normal.jpg", "profile_sidebar_fill_color": "DDEEF6", "entities": {"description": {"urls": []}}, "followers_count": 480, "profile_sidebar_border_color": "C0DEED", "id_str": "3730691774", "profile_background_color": "C0DEED", "listed_count": 33, "is_translation_enabled": false, "utc_offset": null, "statuses_count": 6633, "description": "Catholic, Conservative wife and mother .#WakeUpAmerica #Benghazi #DefundPP #UniteBlue #USA4DJT #Trump2016 #God #USA #RedNationMa.", "friends_count": 375, "location": "Ma.", "profile_link_color": "0084B4", "profile_image_url": "http://pbs.twimg.com/profile_images/650397533387259904/hvxfsxEY_normal.jpg", "following": null, "geo_enabled": true, "profile_banner_url": "https://pbs.twimg.com/profile_banners/3730691774/1443901615", "profile_background_image_url": "http://abs.twimg.com/images/themes/theme1/bg.png", "screen_name": "Shamrock1897", "lang": "en", "profile_background_tile": false, "favourites_count": 30, "name": "Arlene", "notifications": null, "url": null, "created_at": "Tue Sep 29 23:18:13 +0000 2015", "contributors_enabled": false, "time_zone": null, "protected": false, "default_profile": true, "is_translator": false}, "geo": null, "in_reply_to_user_id_str": null, "possibly_sensitive": false, "lang": "en", "created_at": "Wed Oct 21 18:38:12 +0000 2015", "in_reply_to_status_id_str": null, "place": null, "metadata": {"iso_language_code": "en", "result_type": "recent"}}