{"contributors": null, "truncated": false, "text": "@HillaryClinton now has a whopping 39% lead over @BernieSanders. \n#Hillary2016", "is_quote_status": false, "in_reply_to_status_id": null, "id": 656905773751009281, "favorite_count": 0, "source": "<a href=\"http://twitter.com/download/android\" rel=\"nofollow\">Twitter for Android</a>", "retweeted": false, "coordinates": null, "entities": {"symbols": [], "user_mentions": [{"id": 1339835893, "indices": [0, 15], "id_str": "1339835893", "screen_name": "HillaryClinton", "name": "Hillary Clinton"}, {"id": 216776631, "indices": [49, 63], "id_str": "216776631", "screen_name": "BernieSanders", "name": "Bernie Sanders"}], "hashtags": [{"indices": [66, 78], "text": "Hillary2016"}], "urls": []}, "in_reply_to_screen_name": "HillaryClinton", "in_reply_to_user_id": 1339835893, "retweet_count": 0, "id_str": "656905773751009281", "favorited": false, "user": {"follow_request_sent": null, "has_extended_profile": true, "profile_use_background_image": false, "default_profile_image": false, "id": 1542484146, "profile_background_image_url_https": "https://abs.twimg.com/images/themes/theme9/bg.gif", "verified": false, "profile_text_color": "000000", "profile_image_url_https": "https://pbs.twimg.com/profile_images/656329438573936640/t00CINIt_normal.jpg", "profile_sidebar_fill_color": "000000", "entities": {"url": {"urls": [{"url": "https://t.co/7dkYAjBGLd", "indices": [0, 23], "expanded_url": "http://jill2016.com", "display_url": "jill2016.com"}]}, "description": {"urls": []}}, "followers_count": 506, "profile_sidebar_border_color": "000000", "id_str": "1542484146", "profile_background_color": "000000", "listed_count": 26, "is_translation_enabled": false, "utc_offset": -25200, "statuses_count": 13496, "description": "Lover of life... and many other things. \n#Hillary2016 #Jill2016 #Chafee2016", "friends_count": 452, "location": "California", "profile_link_color": "ABB8C2", "profile_image_url": "http://pbs.twimg.com/profile_images/656329438573936640/t00CINIt_normal.jpg", "following": null, "geo_enabled": true, "profile_banner_url": "https://pbs.twimg.com/profile_banners/1542484146/1440374534", "profile_background_image_url": "http://abs.twimg.com/images/themes/theme9/bg.gif", "screen_name": "JaymieGonzales7", "lang": "en", "profile_background_tile": false, "favourites_count": 18805, "name": "Jaymie", "notifications": null, "url": "https://t.co/7dkYAjBGLd", "created_at": "Mon Jun 24 04:52:40 +0000 2013", "contributors_enabled": false, "time_zone": "Pacific Time (US & Canada)", "protected": false, "default_profile": false, "is_translator": false}, "geo": null, "in_reply_to_user_id_str": "1339835893", "lang": "en", "created_at": "Wed Oct 21 18:51:55 +0000 2015", "in_reply_to_status_id_str": null, "place": null, "metadata": {"iso_language_code": "en", "result_type": "recent"}}