{"contributors": null, "truncated": false, "text": "RT @stylistkavin: #ImWithHer  https://t.co/YqKO2FXHJl", "is_quote_status": true, "in_reply_to_status_id": null, "id": 656907222681784321, "favorite_count": 0, "source": "<a href=\"http://twitter.com/download/android\" rel=\"nofollow\">Twitter for Android</a>", "retweeted": false, "coordinates": null, "entities": {"symbols": [], "user_mentions": [{"id": 3217694460, "indices": [3, 16], "id_str": "3217694460", "screen_name": "stylistkavin", "name": "Kavin"}], "hashtags": [{"indices": [18, 28], "text": "ImWithHer"}], "urls": [{"url": "https://t.co/YqKO2FXHJl", "indices": [30, 53], "expanded_url": "https://twitter.com/johnpodesta/status/656903558906843136", "display_url": "twitter.com/johnpodesta/st\u2026"}]}, "in_reply_to_screen_name": null, "in_reply_to_user_id": null, "retweet_count": 6, "id_str": "656907222681784321", "favorited": false, "retweeted_status": {"contributors": null, "truncated": false, "text": "#ImWithHer  https://t.co/YqKO2FXHJl", "is_quote_status": true, "in_reply_to_status_id": null, "id": 656903747759575040, "favorite_count": 4, "entities": {"symbols": [], "user_mentions": [], "hashtags": [{"indices": [0, 10], "text": "ImWithHer"}], "urls": [{"url": "https://t.co/YqKO2FXHJl", "indices": [12, 35], "expanded_url": "https://twitter.com/johnpodesta/status/656903558906843136", "display_url": "twitter.com/johnpodesta/st\u2026"}]}, "quoted_status_id": 656903558906843136, "retweeted": false, "coordinates": null, "quoted_status": {"contributors": null, "truncated": false, "text": "Republicans are willing to exploit the deaths of 4 brave Americans to try and take down @HillaryClinton. It's deplorable, and it won't work", "is_quote_status": false, "in_reply_to_status_id": null, "id": 656903558906843136, "favorite_count": 76, "source": "<a href=\"https://about.twitter.com/products/tweetdeck\" rel=\"nofollow\">TweetDeck</a>", "retweeted": false, "coordinates": null, "entities": {"symbols": [], "user_mentions": [{"id": 1339835893, "indices": [88, 103], "id_str": "1339835893", "screen_name": "HillaryClinton", "name": "Hillary Clinton"}], "hashtags": [], "urls": []}, "in_reply_to_screen_name": null, "in_reply_to_user_id": null, "retweet_count": 77, "id_str": "656903558906843136", "favorited": false, "geo": null, "in_reply_to_user_id_str": null, "lang": "en", "created_at": "Wed Oct 21 18:43:07 +0000 2015", "in_reply_to_status_id_str": null, "place": null, "metadata": {"iso_language_code": "und", "result_type": "recent"}}, "source": "<a href=\"http://twitter.com/download/iphone\" rel=\"nofollow\">Twitter for iPhone</a>", "in_reply_to_screen_name": null, "in_reply_to_user_id": null, "retweet_count": 6, "id_str": "656903747759575040", "favorited": false, "user": {"follow_request_sent": null, "has_extended_profile": false, "profile_use_background_image": true, "default_profile_image": false, "id": 3217694460, "profile_background_image_url_https": "https://abs.twimg.com/images/themes/theme1/bg.png", "verified": false, "profile_text_color": "333333", "profile_image_url_https": "https://pbs.twimg.com/profile_images/655398802262593537/aX4p4Tig_normal.jpg", "profile_sidebar_fill_color": "DDEEF6", "entities": {"url": {"urls": [{"url": "https://t.co/6yuYvCYmZ4", "indices": [0, 23], "expanded_url": "http://hillaryclinton.com", "display_url": "hillaryclinton.com"}]}, "description": {"urls": []}}, "followers_count": 1406, "profile_sidebar_border_color": "C0DEED", "id_str": "3217694460", "profile_background_color": "C0DEED", "listed_count": 112, "is_translation_enabled": false, "utc_offset": null, "statuses_count": 27796, "description": "#Hillary2016 #Volunteer #LGBTrights #BLM #UniteBlue #revolutionofLove MY TWEETS ARE MY OWN #notfeelingthebern #nogop #shutdownbenghazicommittee #gowdyforprison", "friends_count": 1044, "location": "Summerlin South, NV", "profile_link_color": "0084B4", "profile_image_url": "http://pbs.twimg.com/profile_images/655398802262593537/aX4p4Tig_normal.jpg", "following": null, "geo_enabled": true, "profile_banner_url": "https://pbs.twimg.com/profile_banners/3217694460/1445486341", "profile_background_image_url": "http://abs.twimg.com/images/themes/theme1/bg.png", "screen_name": "stylistkavin", "lang": "en", "profile_background_tile": false, "favourites_count": 30485, "name": "Kavin", "notifications": null, "url": "https://t.co/6yuYvCYmZ4", "created_at": "Sun May 17 22:44:49 +0000 2015", "contributors_enabled": false, "time_zone": null, "protected": false, "default_profile": true, "is_translator": false}, "geo": null, "in_reply_to_user_id_str": null, "possibly_sensitive": false, "lang": "und", "created_at": "Wed Oct 21 18:43:52 +0000 2015", "quoted_status_id_str": "656903558906843136", "in_reply_to_status_id_str": null, "place": {"full_name": "Nevada, USA", "url": "https://api.twitter.com/1.1/geo/id/d374fb61a20fb74f.json", "country": "United States", "place_type": "admin", "bounding_box": {"type": "Polygon", "coordinates": [[[-120.00574, 35.002086], [-114.039649, 35.002086], [-114.039649, 42.002208], [-120.00574, 42.002208]]]}, "contained_within": [], "country_code": "US", "attributes": {}, "id": "d374fb61a20fb74f", "name": "Nevada"}, "metadata": {"iso_language_code": "und", "result_type": "recent"}}, "user": {"follow_request_sent": null, "has_extended_profile": false, "profile_use_background_image": true, "default_profile_image": false, "id": 75403792, "profile_background_image_url_https": "https://abs.twimg.com/images/themes/theme5/bg.gif", "verified": false, "profile_text_color": "3E4415", "profile_image_url_https": "https://pbs.twimg.com/profile_images/654059105116651525/rQINEsvo_normal.jpg", "profile_sidebar_fill_color": "99CC33", "entities": {"description": {"urls": []}}, "followers_count": 5136, "profile_sidebar_border_color": "000000", "id_str": "75403792", "profile_background_color": "352726", "listed_count": 120, "is_translation_enabled": false, "utc_offset": -14400, "statuses_count": 47232, "description": "Single #VeryLiberal  well armed #organic farmer father #PiSigmaAlpha  #p2 #StraightButNotNarrow", "friends_count": 5174, "location": "USA", "profile_link_color": "4A913C", "profile_image_url": "http://pbs.twimg.com/profile_images/654059105116651525/rQINEsvo_normal.jpg", "following": null, "geo_enabled": true, "profile_banner_url": "https://pbs.twimg.com/profile_banners/75403792/1444701280", "profile_background_image_url": "http://abs.twimg.com/images/themes/theme5/bg.gif", "screen_name": "ginsengity", "lang": "en", "profile_background_tile": false, "favourites_count": 1958, "name": "Wade", "notifications": null, "url": null, "created_at": "Fri Sep 18 22:29:33 +0000 2009", "contributors_enabled": false, "time_zone": "Eastern Time (US & Canada)", "protected": false, "default_profile": false, "is_translator": false}, "geo": null, "in_reply_to_user_id_str": null, "possibly_sensitive": false, "lang": "und", "created_at": "Wed Oct 21 18:57:41 +0000 2015", "in_reply_to_status_id_str": null, "place": null, "metadata": {"iso_language_code": "und", "result_type": "recent"}}