{"contributors": null, "truncated": false, "text": "#JoeBiden announces today that he will not be running for President. #HillaryClinton announces today that she will be popping bottles.", "is_quote_status": false, "in_reply_to_status_id": null, "id": 656901836968824832, "favorite_count": 0, "source": "<a href=\"http://twitter.com\" rel=\"nofollow\">Twitter Web Client</a>", "retweeted": false, "coordinates": null, "entities": {"symbols": [], "user_mentions": [], "hashtags": [{"indices": [0, 9], "text": "JoeBiden"}, {"indices": [69, 84], "text": "HillaryClinton"}], "urls": []}, "in_reply_to_screen_name": null, "in_reply_to_user_id": null, "retweet_count": 0, "id_str": "656901836968824832", "favorited": false, "user": {"follow_request_sent": null, "has_extended_profile": false, "profile_use_background_image": true, "default_profile_image": false, "id": 1447080752, "profile_background_image_url_https": "https://abs.twimg.com/images/themes/theme14/bg.gif", "verified": false, "profile_text_color": "333333", "profile_image_url_https": "https://pbs.twimg.com/profile_images/424422072962387969/25_gi3bN_normal.jpeg", "profile_sidebar_fill_color": "EFEFEF", "entities": {"url": {"urls": [{"url": "https://t.co/ZgKcY0kAvS", "indices": [0, 23], "expanded_url": "https://www.facebook.com/rickdeltashardcase", "display_url": "facebook.com/rickdeltashard\u2026"}]}, "description": {"urls": [{"url": "https://t.co/3ENarzAbQQ", "indices": [61, 84], "expanded_url": "https://www.youtube.com/user/HardCaseShow", "display_url": "youtube.com/user/HardCaseS\u2026"}]}}, "followers_count": 317, "profile_sidebar_border_color": "FFFFFF", "id_str": "1447080752", "profile_background_color": "131516", "listed_count": 7, "is_translation_enabled": false, "utc_offset": -25200, "statuses_count": 2132, "description": "Truth-teller, Journalist, Producer of Rick Delta's Hard Case https://t.co/3ENarzAbQQ", "friends_count": 317, "location": "Los Angeles, CA", "profile_link_color": "009999", "profile_image_url": "http://pbs.twimg.com/profile_images/424422072962387969/25_gi3bN_normal.jpeg", "following": null, "geo_enabled": false, "profile_banner_url": "https://pbs.twimg.com/profile_banners/1447080752/1390025181", "profile_background_image_url": "http://abs.twimg.com/images/themes/theme14/bg.gif", "screen_name": "realrickdelta", "lang": "en", "profile_background_tile": true, "favourites_count": 117, "name": "Hard Case", "notifications": null, "url": "https://t.co/ZgKcY0kAvS", "created_at": "Tue May 21 19:09:44 +0000 2013", "contributors_enabled": false, "time_zone": "Arizona", "protected": false, "default_profile": false, "is_translator": false}, "geo": null, "in_reply_to_user_id_str": null, "lang": "en", "created_at": "Wed Oct 21 18:36:17 +0000 2015", "in_reply_to_status_id_str": null, "place": null, "metadata": {"iso_language_code": "en", "result_type": "recent"}}