{"contributors": null, "truncated": false, "text": "RT @BROTHERPEYTON: #Hillary2016", "is_quote_status": false, "in_reply_to_status_id": null, "id": 656900236389011456, "favorite_count": 0, "source": "<a href=\"http://twitter.com/download/iphone\" rel=\"nofollow\">Twitter for iPhone</a>", "retweeted": false, "coordinates": null, "entities": {"symbols": [], "user_mentions": [{"id": 2369617178, "indices": [3, 17], "id_str": "2369617178", "screen_name": "BROTHERPEYTON", "name": "NOTYEPREHTORB@"}], "hashtags": [{"indices": [19, 31], "text": "Hillary2016"}], "urls": []}, "in_reply_to_screen_name": null, "in_reply_to_user_id": null, "retweet_count": 2, "id_str": "656900236389011456", "favorited": false, "retweeted_status": {"contributors": null, "truncated": false, "text": "#Hillary2016", "is_quote_status": false, "in_reply_to_status_id": null, "id": 656884759583289345, "favorite_count": 7, "source": "<a href=\"http://twitter.com/download/android\" rel=\"nofollow\">Twitter for Android</a>", "retweeted": false, "coordinates": null, "entities": {"symbols": [], "user_mentions": [], "hashtags": [{"indices": [0, 12], "text": "Hillary2016"}], "urls": []}, "in_reply_to_screen_name": null, "in_reply_to_user_id": null, "retweet_count": 2, "id_str": "656884759583289345", "favorited": false, "user": {"follow_request_sent": null, "has_extended_profile": false, "profile_use_background_image": true, "default_profile_image": false, "id": 2369617178, "profile_background_image_url_https": "https://abs.twimg.com/images/themes/theme1/bg.png", "verified": false, "profile_text_color": "333333", "profile_image_url_https": "https://pbs.twimg.com/profile_images/655946558236549120/9Sl3pYJW_normal.jpg", "profile_sidebar_fill_color": "DDEEF6", "entities": {"description": {"urls": []}}, "followers_count": 375, "profile_sidebar_border_color": "C0DEED", "id_str": "2369617178", "profile_background_color": "C0DEED", "listed_count": 0, "is_translation_enabled": false, "utc_offset": null, "statuses_count": 1327, "description": "haha", "friends_count": 238, "location": "Arkansas, USA", "profile_link_color": "0084B4", "profile_image_url": "http://pbs.twimg.com/profile_images/655946558236549120/9Sl3pYJW_normal.jpg", "following": null, "geo_enabled": true, "profile_banner_url": "https://pbs.twimg.com/profile_banners/2369617178/1445224857", "profile_background_image_url": "http://abs.twimg.com/images/themes/theme1/bg.png", "screen_name": "BROTHERPEYTON", "lang": "en", "profile_background_tile": false, "favourites_count": 3979, "name": "NOTYEPREHTORB@", "notifications": null, "url": null, "created_at": "Mon Mar 03 01:16:14 +0000 2014", "contributors_enabled": false, "time_zone": null, "protected": false, "default_profile": true, "is_translator": false}, "geo": null, "in_reply_to_user_id_str": null, "lang": "und", "created_at": "Wed Oct 21 17:28:25 +0000 2015", "in_reply_to_status_id_str": null, "place": {"full_name": "Arkansas, USA", "url": "https://api.twitter.com/1.1/geo/id/e8ad2641c1cb666c.json", "country": "United States", "place_type": "admin", "bounding_box": {"type": "Polygon", "coordinates": [[[-94.61771, 33.004106], [-89.644838, 33.004106], [-89.644838, 36.499767], [-94.61771, 36.499767]]]}, "contained_within": [], "country_code": "US", "attributes": {}, "id": "e8ad2641c1cb666c", "name": "Arkansas"}, "metadata": {"iso_language_code": "und", "result_type": "recent"}}, "user": {"follow_request_sent": null, "has_extended_profile": true, "profile_use_background_image": true, "default_profile_image": false, "id": 2208032329, "profile_background_image_url_https": "https://abs.twimg.com/images/themes/theme1/bg.png", "verified": false, "profile_text_color": "333333", "profile_image_url_https": "https://pbs.twimg.com/profile_images/616734201942048770/iPCGh-gb_normal.jpg", "profile_sidebar_fill_color": "DDEEF6", "entities": {"description": {"urls": []}}, "followers_count": 140, "profile_sidebar_border_color": "C0DEED", "id_str": "2208032329", "profile_background_color": "C0DEED", "listed_count": 1, "is_translation_enabled": false, "utc_offset": null, "statuses_count": 267, "description": "Stay on the broat", "friends_count": 147, "location": "", "profile_link_color": "0084B4", "profile_image_url": "http://pbs.twimg.com/profile_images/616734201942048770/iPCGh-gb_normal.jpg", "following": null, "geo_enabled": false, "profile_banner_url": "https://pbs.twimg.com/profile_banners/2208032329/1440964105", "profile_background_image_url": "http://abs.twimg.com/images/themes/theme1/bg.png", "screen_name": "MAS0Ntm", "lang": "en", "profile_background_tile": false, "favourites_count": 975, "name": "m   a   s   o   n", "notifications": null, "url": null, "created_at": "Fri Nov 22 00:10:53 +0000 2013", "contributors_enabled": false, "time_zone": null, "protected": false, "default_profile": true, "is_translator": false}, "geo": null, "in_reply_to_user_id_str": null, "lang": "und", "created_at": "Wed Oct 21 18:29:55 +0000 2015", "in_reply_to_status_id_str": null, "place": null, "metadata": {"iso_language_code": "und", "result_type": "recent"}}