{"contributors": null, "truncated": false, "text": "RT @Pros4Hillary: It takes all kinds! Dads for Hillary &amp; #HookersForHillary #BeABoob! #Hillary2016  http://t.co/A2E9Q45MMv via @LauraONeill\u2026", "is_quote_status": false, "in_reply_to_status_id": null, "id": 656913890006142976, "favorite_count": 0, "source": "<a href=\"http://twitter.com\" rel=\"nofollow\">Twitter Web Client</a>", "retweeted": false, "coordinates": null, "entities": {"symbols": [], "user_mentions": [{"id": 3302177517, "indices": [3, 16], "id_str": "3302177517", "screen_name": "Pros4Hillary", "name": "Hookers For Hillary"}, {"id": 574239384, "indices": [131, 144], "id_str": "574239384", "screen_name": "LauraONeill36", "name": "Laura O'Neill"}], "hashtags": [{"indices": [61, 79], "text": "HookersForHillary"}, {"indices": [80, 88], "text": "BeABoob"}, {"indices": [90, 102], "text": "Hillary2016"}], "urls": [], "media": [{"source_user_id": 574239384, "source_status_id_str": "637068026043596800", "expanded_url": "http://twitter.com/LauraONeill36/status/637068026043596800/photo/1", "display_url": "pic.twitter.com/A2E9Q45MMv", "url": "http://t.co/A2E9Q45MMv", "media_url_https": "https://pbs.twimg.com/media/CNdR_oaXAAAPrpF.jpg", "source_user_id_str": "574239384", "source_status_id": 637068026043596800, "id_str": "637068025917800448", "sizes": {"small": {"h": 340, "resize": "fit", "w": 340}, "large": {"h": 1024, "resize": "fit", "w": 1024}, "medium": {"h": 600, "resize": "fit", "w": 600}, "thumb": {"h": 150, "resize": "crop", "w": 150}}, "indices": [104, 126], "type": "photo", "id": 637068025917800448, "media_url": "http://pbs.twimg.com/media/CNdR_oaXAAAPrpF.jpg"}]}, "in_reply_to_screen_name": null, "in_reply_to_user_id": null, "retweet_count": 39, "id_str": "656913890006142976", "favorited": false, "retweeted_status": {"contributors": null, "truncated": false, "text": "It takes all kinds! Dads for Hillary &amp; #HookersForHillary #BeABoob! #Hillary2016  http://t.co/A2E9Q45MMv via @LauraONeill36", "is_quote_status": false, "in_reply_to_status_id": null, "id": 637369123492790272, "favorite_count": 40, "source": "<a href=\"http://twitter.com\" rel=\"nofollow\">Twitter Web Client</a>", "retweeted": false, "coordinates": null, "entities": {"symbols": [], "user_mentions": [{"id": 574239384, "indices": [113, 127], "id_str": "574239384", "screen_name": "LauraONeill36", "name": "Laura O'Neill"}], "hashtags": [{"indices": [43, 61], "text": "HookersForHillary"}, {"indices": [62, 70], "text": "BeABoob"}, {"indices": [72, 84], "text": "Hillary2016"}], "urls": [], "media": [{"source_user_id": 574239384, "source_status_id_str": "637068026043596800", "expanded_url": "http://twitter.com/LauraONeill36/status/637068026043596800/photo/1", "display_url": "pic.twitter.com/A2E9Q45MMv", "url": "http://t.co/A2E9Q45MMv", "media_url_https": "https://pbs.twimg.com/media/CNdR_oaXAAAPrpF.jpg", "source_user_id_str": "574239384", "source_status_id": 637068026043596800, "id_str": "637068025917800448", "sizes": {"small": {"h": 340, "resize": "fit", "w": 340}, "large": {"h": 1024, "resize": "fit", "w": 1024}, "medium": {"h": 600, "resize": "fit", "w": 600}, "thumb": {"h": 150, "resize": "crop", "w": 150}}, "indices": [86, 108], "type": "photo", "id": 637068025917800448, "media_url": "http://pbs.twimg.com/media/CNdR_oaXAAAPrpF.jpg"}]}, "in_reply_to_screen_name": null, "in_reply_to_user_id": null, "retweet_count": 39, "id_str": "637369123492790272", "favorited": false, "user": {"follow_request_sent": null, "has_extended_profile": false, "profile_use_background_image": true, "default_profile_image": false, "id": 3302177517, "profile_background_image_url_https": "https://abs.twimg.com/images/themes/theme1/bg.png", "verified": false, "profile_text_color": "333333", "profile_image_url_https": "https://pbs.twimg.com/profile_images/604431055697813505/wqHMWreB_normal.jpg", "profile_sidebar_fill_color": "DDEEF6", "entities": {"url": {"urls": [{"url": "http://t.co/xSjnqTgvRi", "indices": [0, 22], "expanded_url": "http://hookersforhillary.com/", "display_url": "hookersforhillary.com"}]}, "description": {"urls": []}}, "followers_count": 3549, "profile_sidebar_border_color": "C0DEED", "id_str": "3302177517", "profile_background_color": "C0DEED", "listed_count": 7, "is_translation_enabled": false, "utc_offset": null, "statuses_count": 501, "description": "The girls of @DennisHof @BunnyRanch are endorsing @HillaryClinton for President! #HookersForHillary (parody)", "friends_count": 3545, "location": "Carson City, Nevada  ", "profile_link_color": "0084B4", "profile_image_url": "http://pbs.twimg.com/profile_images/604431055697813505/wqHMWreB_normal.jpg", "following": null, "geo_enabled": false, "profile_banner_url": "https://pbs.twimg.com/profile_banners/3302177517/1432850810", "profile_background_image_url": "http://abs.twimg.com/images/themes/theme1/bg.png", "screen_name": "Pros4Hillary", "lang": "en", "profile_background_tile": false, "favourites_count": 2393, "name": "Hookers For Hillary", "notifications": null, "url": "http://t.co/xSjnqTgvRi", "created_at": "Thu May 28 22:04:01 +0000 2015", "contributors_enabled": false, "time_zone": null, "protected": false, "default_profile": true, "is_translator": false}, "geo": null, "in_reply_to_user_id_str": null, "possibly_sensitive": false, "lang": "en", "created_at": "Fri Aug 28 21:00:15 +0000 2015", "in_reply_to_status_id_str": null, "place": null, "metadata": {"iso_language_code": "en", "result_type": "recent"}}, "user": {"follow_request_sent": null, "has_extended_profile": false, "profile_use_background_image": true, "default_profile_image": false, "id": 4011530987, "profile_background_image_url_https": "https://abs.twimg.com/images/themes/theme1/bg.png", "verified": false, "profile_text_color": "333333", "profile_image_url_https": "https://pbs.twimg.com/profile_images/656910734983569412/z1f97wgs_normal.jpg", "profile_sidebar_fill_color": "DDEEF6", "entities": {"description": {"urls": []}}, "followers_count": 21, "profile_sidebar_border_color": "C0DEED", "id_str": "4011530987", "profile_background_color": "C0DEED", "listed_count": 1, "is_translation_enabled": false, "utc_offset": -25200, "statuses_count": 181, "description": "Hillary will say anything to get people to like her. Not just like most girls. Cause Hillary is really old, too.", "friends_count": 184, "location": "On The Campaign Trail ", "profile_link_color": "0084B4", "profile_image_url": "http://pbs.twimg.com/profile_images/656910734983569412/z1f97wgs_normal.jpg", "following": null, "geo_enabled": false, "profile_banner_url": "https://pbs.twimg.com/profile_banners/4011530987/1445454943", "profile_background_image_url": "http://abs.twimg.com/images/themes/theme1/bg.png", "screen_name": "ShellyLiesei", "lang": "en", "profile_background_tile": false, "favourites_count": 178, "name": "Hillary #SheLies", "notifications": null, "url": null, "created_at": "Wed Oct 21 19:09:49 +0000 2015", "contributors_enabled": false, "time_zone": "Pacific Time (US & Canada)", "protected": false, "default_profile": true, "is_translator": false}, "geo": null, "in_reply_to_user_id_str": null, "possibly_sensitive": false, "lang": "en", "created_at": "Wed Oct 21 19:24:10 +0000 2015", "in_reply_to_status_id_str": null, "place": null, "metadata": {"iso_language_code": "en", "result_type": "recent"}}