{"contributors": null, "truncated": false, "text": "@peterdaou on @CNN right now talking about #Biden @HillaryClinton and #HillaryMen #Hillary2016", "is_quote_status": false, "in_reply_to_status_id": null, "id": 656910096757198848, "favorite_count": 0, "source": "<a href=\"http://twitter.com/download/iphone\" rel=\"nofollow\">Twitter for iPhone</a>", "retweeted": false, "coordinates": null, "entities": {"symbols": [], "user_mentions": [{"id": 18464266, "indices": [0, 10], "id_str": "18464266", "screen_name": "peterdaou", "name": "Peter Daou"}, {"id": 759251, "indices": [14, 18], "id_str": "759251", "screen_name": "CNN", "name": "CNN"}, {"id": 1339835893, "indices": [50, 65], "id_str": "1339835893", "screen_name": "HillaryClinton", "name": "Hillary Clinton"}], "hashtags": [{"indices": [43, 49], "text": "Biden"}, {"indices": [70, 81], "text": "HillaryMen"}, {"indices": [82, 94], "text": "Hillary2016"}], "urls": []}, "in_reply_to_screen_name": "peterdaou", "in_reply_to_user_id": 18464266, "retweet_count": 0, "id_str": "656910096757198848", "favorited": false, "user": {"follow_request_sent": null, "has_extended_profile": false, "profile_use_background_image": true, "default_profile_image": false, "id": 43491114, "profile_background_image_url_https": "https://abs.twimg.com/images/themes/theme1/bg.png", "verified": false, "profile_text_color": "333333", "profile_image_url_https": "https://pbs.twimg.com/profile_images/239450825/profile_pic_normal.jpg", "profile_sidebar_fill_color": "DDEEF6", "entities": {"description": {"urls": []}}, "followers_count": 391, "profile_sidebar_border_color": "C0DEED", "id_str": "43491114", "profile_background_color": "C0DEED", "listed_count": 9, "is_translation_enabled": false, "utc_offset": -14400, "statuses_count": 3883, "description": "", "friends_count": 798, "location": "", "profile_link_color": "0084B4", "profile_image_url": "http://pbs.twimg.com/profile_images/239450825/profile_pic_normal.jpg", "following": null, "geo_enabled": true, "profile_background_image_url": "http://abs.twimg.com/images/themes/theme1/bg.png", "screen_name": "ahmirrashid", "lang": "en", "profile_background_tile": false, "favourites_count": 7, "name": "Ahmir Rashid", "notifications": null, "url": null, "created_at": "Sat May 30 06:05:55 +0000 2009", "contributors_enabled": false, "time_zone": "Eastern Time (US & Canada)", "protected": false, "default_profile": true, "is_translator": false}, "geo": null, "in_reply_to_user_id_str": "18464266", "lang": "en", "created_at": "Wed Oct 21 19:09:06 +0000 2015", "in_reply_to_status_id_str": null, "place": null, "metadata": {"iso_language_code": "en", "result_type": "recent"}}