{"contributors": null, "truncated": false, "text": "RT @Lettera43: Joe #Biden rinuncia alla nomination democratica per la Casa Bianca. Uno sfidante in meno per #HillaryClinton.\n\nhttps://t.co/\u2026", "is_quote_status": false, "in_reply_to_status_id": null, "id": 656905749638049792, "favorite_count": 0, "source": "<a href=\"http://twitter.com\" rel=\"nofollow\">Twitter Web Client</a>", "retweeted": false, "coordinates": null, "entities": {"symbols": [], "user_mentions": [{"id": 200028163, "indices": [3, 13], "id_str": "200028163", "screen_name": "Lettera43", "name": "Lettera43"}], "hashtags": [{"indices": [19, 25], "text": "Biden"}, {"indices": [108, 123], "text": "HillaryClinton"}], "urls": [{"url": "https://t.co/Rqqk45Mxvy", "indices": [126, 140], "expanded_url": "http://l43.it/1Lo5gEV", "display_url": "l43.it/1Lo5gEV"}]}, "in_reply_to_screen_name": null, "in_reply_to_user_id": null, "retweet_count": 2, "id_str": "656905749638049792", "favorited": false, "retweeted_status": {"contributors": null, "truncated": false, "text": "Joe #Biden rinuncia alla nomination democratica per la Casa Bianca. Uno sfidante in meno per #HillaryClinton.\n\nhttps://t.co/Rqqk45Mxvy", "is_quote_status": false, "in_reply_to_status_id": null, "id": 656902256223195136, "favorite_count": 1, "source": "<a href=\"http://twitter.com\" rel=\"nofollow\">Twitter Web Client</a>", "retweeted": false, "coordinates": null, "entities": {"symbols": [], "user_mentions": [], "hashtags": [{"indices": [4, 10], "text": "Biden"}, {"indices": [93, 108], "text": "HillaryClinton"}], "urls": [{"url": "https://t.co/Rqqk45Mxvy", "indices": [111, 134], "expanded_url": "http://l43.it/1Lo5gEV", "display_url": "l43.it/1Lo5gEV"}]}, "in_reply_to_screen_name": null, "in_reply_to_user_id": null, "retweet_count": 2, "id_str": "656902256223195136", "favorited": false, "user": {"follow_request_sent": null, "has_extended_profile": false, "profile_use_background_image": true, "default_profile_image": false, "id": 200028163, "profile_background_image_url_https": "https://pbs.twimg.com/profile_background_images/477127110/L43-TW-testata-s.png", "verified": false, "profile_text_color": "333333", "profile_image_url_https": "https://pbs.twimg.com/profile_images/1139889784/Unknown-1_normal.jpeg", "profile_sidebar_fill_color": "EFEFEF", "entities": {"url": {"urls": [{"url": "http://t.co/LfinRoMbK1", "indices": [0, 22], "expanded_url": "http://www.lettera43.it/", "display_url": "lettera43.it"}]}, "description": {"urls": []}}, "followers_count": 73949, "profile_sidebar_border_color": "BF2030", "id_str": "200028163", "profile_background_color": "2D2F2E", "listed_count": 1335, "is_translation_enabled": false, "utc_offset": null, "statuses_count": 80363, "description": "Quotidiano Online Indipendente", "friends_count": 1755, "location": "Italia", "profile_link_color": "BF2030", "profile_image_url": "http://pbs.twimg.com/profile_images/1139889784/Unknown-1_normal.jpeg", "following": null, "geo_enabled": true, "profile_banner_url": "https://pbs.twimg.com/profile_banners/200028163/1426091205", "profile_background_image_url": "http://pbs.twimg.com/profile_background_images/477127110/L43-TW-testata-s.png", "screen_name": "Lettera43", "lang": "it", "profile_background_tile": false, "favourites_count": 279, "name": "Lettera43", "notifications": null, "url": "http://t.co/LfinRoMbK1", "created_at": "Fri Oct 08 08:22:06 +0000 2010", "contributors_enabled": false, "time_zone": null, "protected": false, "default_profile": false, "is_translator": false}, "geo": null, "in_reply_to_user_id_str": null, "possibly_sensitive": false, "lang": "it", "created_at": "Wed Oct 21 18:37:57 +0000 2015", "in_reply_to_status_id_str": null, "place": null, "metadata": {"iso_language_code": "it", "result_type": "recent"}}, "user": {"follow_request_sent": null, "has_extended_profile": false, "profile_use_background_image": true, "default_profile_image": false, "id": 210821811, "profile_background_image_url_https": "https://pbs.twimg.com/profile_background_images/576033618662809600/7EYJQsHk.jpeg", "verified": false, "profile_text_color": "4BB7DF", "profile_image_url_https": "https://pbs.twimg.com/profile_images/648196475667611651/FH3VsvKG_normal.jpg", "profile_sidebar_fill_color": "191F22", "entities": {"description": {"urls": []}}, "followers_count": 656, "profile_sidebar_border_color": "4BB7DF", "id_str": "210821811", "profile_background_color": "C0DEED", "listed_count": 18, "is_translation_enabled": false, "utc_offset": 7200, "statuses_count": 2292, "description": "Scrivo cose su @repubblicait e non  solo. Prometeo, in direzione ostinata e contraria", "friends_count": 1625, "location": " Lipari, Sydney, Napoli, Roma", "profile_link_color": "0084B4", "profile_image_url": "http://pbs.twimg.com/profile_images/648196475667611651/FH3VsvKG_normal.jpg", "following": null, "geo_enabled": true, "profile_banner_url": "https://pbs.twimg.com/profile_banners/210821811/1426170780", "profile_background_image_url": "http://pbs.twimg.com/profile_background_images/576033618662809600/7EYJQsHk.jpeg", "screen_name": "RositaRijtano", "lang": "it", "profile_background_tile": false, "favourites_count": 583, "name": "Rosita Rijtano", "notifications": null, "url": null, "created_at": "Mon Nov 01 14:08:13 +0000 2010", "contributors_enabled": false, "time_zone": "Belgrade", "protected": false, "default_profile": false, "is_translator": false}, "geo": null, "in_reply_to_user_id_str": null, "possibly_sensitive": false, "lang": "it", "created_at": "Wed Oct 21 18:51:50 +0000 2015", "in_reply_to_status_id_str": null, "place": null, "metadata": {"iso_language_code": "it", "result_type": "recent"}}