{"contributors": null, "truncated": false, "text": "haha! well, they'll get their wish #Hillary2016 @EricBoehlert @tomwatson @peterdaou  https://t.co/OHCLYvomBP", "is_quote_status": true, "in_reply_to_status_id": null, "id": 656913879344291840, "favorite_count": 0, "entities": {"symbols": [], "user_mentions": [{"id": 34643610, "indices": [48, 61], "id_str": "34643610", "screen_name": "EricBoehlert", "name": "Eric Boehlert"}, {"id": 1049171, "indices": [62, 72], "id_str": "1049171", "screen_name": "tomwatson", "name": "Tom Watson"}, {"id": 18464266, "indices": [73, 83], "id_str": "18464266", "screen_name": "peterdaou", "name": "Peter Daou"}], "hashtags": [{"indices": [35, 47], "text": "Hillary2016"}], "urls": [{"url": "https://t.co/OHCLYvomBP", "indices": [85, 108], "expanded_url": "https://twitter.com/iswanTheHill/status/656912015060041729", "display_url": "twitter.com/iswanTheHill/s\u2026"}]}, "quoted_status_id": 656912015060041729, "retweeted": false, "coordinates": null, "quoted_status": {"contributors": null, "truncated": false, "text": "GOP: We\u2019d rather face Clinton: https://t.co/zUQByUMxAC", "is_quote_status": false, "in_reply_to_status_id": null, "id": 656912015060041729, "favorite_count": 0, "source": "<a href=\"https://about.twitter.com/products/tweetdeck\" rel=\"nofollow\">TweetDeck</a>", "retweeted": false, "coordinates": null, "entities": {"symbols": [], "user_mentions": [], "hashtags": [], "urls": [{"url": "https://t.co/zUQByUMxAC", "indices": [31, 54], "expanded_url": "http://thehill.com/blogs/ballot-box/presidential-races/257628-gop-wed-rather-face-clinton", "display_url": "thehill.com/blogs/ballot-b\u2026"}]}, "in_reply_to_screen_name": null, "in_reply_to_user_id": null, "retweet_count": 3, "id_str": "656912015060041729", "favorited": false, "user": {"follow_request_sent": null, "has_extended_profile": false, "profile_use_background_image": true, "default_profile_image": false, "id": 23967935, "profile_background_image_url_https": "https://abs.twimg.com/images/themes/theme1/bg.png", "verified": false, "profile_text_color": "333333", "profile_image_url_https": "https://pbs.twimg.com/profile_images/781044802/s578383889_1466041_3385880_normal.jpg", "profile_sidebar_fill_color": "DDEEF6", "entities": {"description": {"urls": []}}, "followers_count": 2710, "profile_sidebar_border_color": "C0DEED", "id_str": "23967935", "profile_background_color": "C0DEED", "listed_count": 183, "is_translation_enabled": false, "utc_offset": -18000, "statuses_count": 10908, "description": "Managing Editor at The Hill. Vikings, Twins, Wizards, Jets and QPR supporter. Semi-regular at The Pug. Owner\n of Gilbert. I tweet about all of that stuff.", "friends_count": 470, "location": "Washington, D.C.", "profile_link_color": "0084B4", "profile_image_url": "http://pbs.twimg.com/profile_images/781044802/s578383889_1466041_3385880_normal.jpg", "following": null, "geo_enabled": true, "profile_background_image_url": "http://abs.twimg.com/images/themes/theme1/bg.png", "screen_name": "iswanTheHill", "lang": "en", "profile_background_tile": false, "favourites_count": 109, "name": "Ian Swanson", "notifications": null, "url": null, "created_at": "Thu Mar 12 15:31:15 +0000 2009", "contributors_enabled": false, "time_zone": "Quito", "protected": false, "default_profile": true, "is_translator": false}, "geo": null, "in_reply_to_user_id_str": null, "possibly_sensitive": false, "lang": "en", "created_at": "Wed Oct 21 19:16:43 +0000 2015", "in_reply_to_status_id_str": null, "place": null, "metadata": {"iso_language_code": "en", "result_type": "recent"}}, "source": "<a href=\"http://twitter.com\" rel=\"nofollow\">Twitter Web Client</a>", "in_reply_to_screen_name": null, "in_reply_to_user_id": null, "retweet_count": 0, "id_str": "656913879344291840", "favorited": false, "user": {"follow_request_sent": null, "has_extended_profile": true, "profile_use_background_image": true, "default_profile_image": false, "id": 448469153, "profile_background_image_url_https": "https://abs.twimg.com/images/themes/theme1/bg.png", "verified": false, "profile_text_color": "333333", "profile_image_url_https": "https://pbs.twimg.com/profile_images/656183201774313473/OW7VnMKW_normal.jpg", "profile_sidebar_fill_color": "DDEEF6", "entities": {"url": {"urls": [{"url": "https://t.co/hvHmb1FDLE", "indices": [0, 23], "expanded_url": "http://philly.com", "display_url": "philly.com"}]}, "description": {"urls": []}}, "followers_count": 56, "profile_sidebar_border_color": "C0DEED", "id_str": "448469153", "profile_background_color": "C0DEED", "listed_count": 1, "is_translation_enabled": false, "utc_offset": -18000, "statuses_count": 397, "description": "Rutgers Giants Islanders Phillies 44 Hillary2016 Paula Mickelson Rafa Kos Big Bang Theory Rachel Maddow Tavares OBJ Nola Hanx San Diego Middlesex #HillaryMen", "friends_count": 738, "location": "Philadelphia, PA", "profile_link_color": "0084B4", "profile_image_url": "http://pbs.twimg.com/profile_images/656183201774313473/OW7VnMKW_normal.jpg", "following": null, "geo_enabled": false, "profile_banner_url": "https://pbs.twimg.com/profile_banners/448469153/1445281267", "profile_background_image_url": "http://abs.twimg.com/images/themes/theme1/bg.png", "screen_name": "gmp2020", "lang": "en", "profile_background_tile": false, "favourites_count": 117, "name": "GM Potosky", "notifications": null, "url": "https://t.co/hvHmb1FDLE", "created_at": "Wed Dec 28 01:35:29 +0000 2011", "contributors_enabled": false, "time_zone": "Central Time (US & Canada)", "protected": false, "default_profile": true, "is_translator": false}, "geo": null, "in_reply_to_user_id_str": null, "possibly_sensitive": false, "lang": "en", "created_at": "Wed Oct 21 19:24:08 +0000 2015", "quoted_status_id_str": "656912015060041729", "in_reply_to_status_id_str": null, "place": null, "metadata": {"iso_language_code": "en", "result_type": "recent"}}