{"contributors": null, "truncated": false, "text": "RT @JC7109: It's ALL your fault...\n\n#wakeupAmerica #tcot #uniteblue  #tgdn #hillary2016 https://t.co/D9HbEBKmr2", "is_quote_status": false, "in_reply_to_status_id": null, "id": 656900744902258689, "favorite_count": 0, "source": "<a href=\"http://twitter.com/download/android\" rel=\"nofollow\">Twitter for Android</a>", "retweeted": false, "coordinates": null, "entities": {"symbols": [], "user_mentions": [{"id": 116545753, "indices": [3, 10], "id_str": "116545753", "screen_name": "JC7109", "name": "J."}], "hashtags": [{"indices": [36, 50], "text": "wakeupAmerica"}, {"indices": [51, 56], "text": "tcot"}, {"indices": [57, 67], "text": "uniteblue"}, {"indices": [69, 74], "text": "tgdn"}, {"indices": [75, 87], "text": "hillary2016"}], "urls": [], "media": [{"source_user_id": 116545753, "source_status_id_str": "656890014714961920", "expanded_url": "http://twitter.com/JC7109/status/656890014714961920/photo/1", "display_url": "pic.twitter.com/D9HbEBKmr2", "url": "https://t.co/D9HbEBKmr2", "media_url_https": "https://pbs.twimg.com/media/CR296YLUEAAwYxc.jpg", "source_user_id_str": "116545753", "source_status_id": 656890014714961920, "id_str": "656889931285925888", "sizes": {"large": {"h": 357, "resize": "fit", "w": 600}, "small": {"h": 202, "resize": "fit", "w": 340}, "medium": {"h": 357, "resize": "fit", "w": 600}, "thumb": {"h": 150, "resize": "crop", "w": 150}}, "indices": [88, 111], "type": "photo", "id": 656889931285925888, "media_url": "http://pbs.twimg.com/media/CR296YLUEAAwYxc.jpg"}]}, "in_reply_to_screen_name": null, "in_reply_to_user_id": null, "retweet_count": 4, "id_str": "656900744902258689", "favorited": false, "retweeted_status": {"contributors": null, "truncated": false, "text": "It's ALL your fault...\n\n#wakeupAmerica #tcot #uniteblue  #tgdn #hillary2016 https://t.co/D9HbEBKmr2", "is_quote_status": false, "in_reply_to_status_id": null, "id": 656890014714961920, "favorite_count": 2, "source": "<a href=\"https://about.twitter.com/products/tweetdeck\" rel=\"nofollow\">TweetDeck</a>", "retweeted": false, "coordinates": null, "entities": {"symbols": [], "user_mentions": [], "hashtags": [{"indices": [24, 38], "text": "wakeupAmerica"}, {"indices": [39, 44], "text": "tcot"}, {"indices": [45, 55], "text": "uniteblue"}, {"indices": [57, 62], "text": "tgdn"}, {"indices": [63, 75], "text": "hillary2016"}], "urls": [], "media": [{"expanded_url": "http://twitter.com/JC7109/status/656890014714961920/photo/1", "display_url": "pic.twitter.com/D9HbEBKmr2", "url": "https://t.co/D9HbEBKmr2", "media_url_https": "https://pbs.twimg.com/media/CR296YLUEAAwYxc.jpg", "id_str": "656889931285925888", "sizes": {"large": {"h": 357, "resize": "fit", "w": 600}, "small": {"h": 202, "resize": "fit", "w": 340}, "medium": {"h": 357, "resize": "fit", "w": 600}, "thumb": {"h": 150, "resize": "crop", "w": 150}}, "indices": [76, 99], "type": "photo", "id": 656889931285925888, "media_url": "http://pbs.twimg.com/media/CR296YLUEAAwYxc.jpg"}]}, "in_reply_to_screen_name": null, "in_reply_to_user_id": null, "retweet_count": 4, "id_str": "656890014714961920", "favorited": false, "user": {"follow_request_sent": null, "has_extended_profile": false, "profile_use_background_image": true, "default_profile_image": false, "id": 116545753, "profile_background_image_url_https": "https://abs.twimg.com/images/themes/theme16/bg.gif", "verified": false, "profile_text_color": "333333", "profile_image_url_https": "https://pbs.twimg.com/profile_images/649249698931449856/6Lpy61ie_normal.jpg", "profile_sidebar_fill_color": "DDFFCC", "entities": {"description": {"urls": []}}, "followers_count": 10577, "profile_sidebar_border_color": "BDDCAD", "id_str": "116545753", "profile_background_color": "9AE4E8", "listed_count": 132, "is_translation_enabled": false, "utc_offset": -14400, "statuses_count": 1822, "description": "An Unenrolled Conservative who knows that the country is heading for destruction under Leftist leadership & the gullible fools who enable them", "friends_count": 10379, "location": "", "profile_link_color": "0084B4", "profile_image_url": "http://pbs.twimg.com/profile_images/649249698931449856/6Lpy61ie_normal.jpg", "following": null, "geo_enabled": false, "profile_banner_url": "https://pbs.twimg.com/profile_banners/116545753/1429579470", "profile_background_image_url": "http://abs.twimg.com/images/themes/theme16/bg.gif", "screen_name": "JC7109", "lang": "en", "profile_background_tile": false, "favourites_count": 13849, "name": "J.", "notifications": null, "url": null, "created_at": "Mon Feb 22 21:20:31 +0000 2010", "contributors_enabled": false, "time_zone": "Eastern Time (US & Canada)", "protected": false, "default_profile": false, "is_translator": false}, "geo": null, "in_reply_to_user_id_str": null, "possibly_sensitive": false, "lang": "en", "created_at": "Wed Oct 21 17:49:18 +0000 2015", "in_reply_to_status_id_str": null, "place": null, "metadata": {"iso_language_code": "en", "result_type": "recent"}}, "user": {"follow_request_sent": null, "has_extended_profile": false, "profile_use_background_image": true, "default_profile_image": false, "id": 1080475808, "profile_background_image_url_https": "https://abs.twimg.com/images/themes/theme1/bg.png", "verified": false, "profile_text_color": "333333", "profile_image_url_https": "https://pbs.twimg.com/profile_images/645659056112332800/dk6Xs29P_normal.jpg", "profile_sidebar_fill_color": "DDEEF6", "entities": {"description": {"urls": []}}, "followers_count": 378, "profile_sidebar_border_color": "C0DEED", "id_str": "1080475808", "profile_background_color": "C0DEED", "listed_count": 23, "is_translation_enabled": false, "utc_offset": null, "statuses_count": 15435, "description": "Wiccan. NRA Lifetime member. 2A supporter. Follower of the US Constitution.", "friends_count": 141, "location": "DE.", "profile_link_color": "0084B4", "profile_image_url": "http://pbs.twimg.com/profile_images/645659056112332800/dk6Xs29P_normal.jpg", "following": null, "geo_enabled": false, "profile_banner_url": "https://pbs.twimg.com/profile_banners/1080475808/1442772011", "profile_background_image_url": "http://abs.twimg.com/images/themes/theme1/bg.png", "screen_name": "WitchyWoman722", "lang": "en", "profile_background_tile": false, "favourites_count": 26739, "name": "Lucil", "notifications": null, "url": null, "created_at": "Fri Jan 11 18:05:19 +0000 2013", "contributors_enabled": false, "time_zone": null, "protected": false, "default_profile": true, "is_translator": false}, "geo": null, "in_reply_to_user_id_str": null, "possibly_sensitive": false, "lang": "en", "created_at": "Wed Oct 21 18:31:56 +0000 2015", "in_reply_to_status_id_str": null, "place": null, "metadata": {"iso_language_code": "en", "result_type": "recent"}}