{"contributors": null, "truncated": false, "text": "Only hope now, is that the FBI investigation leads to \"espionage law\" violations  #HillaryClinton #indictment.\n#CCOT #TCOT #GOP #TeaParty", "is_quote_status": false, "in_reply_to_status_id": null, "id": 656900081933684736, "favorite_count": 0, "source": "<a href=\"http://twitter.com\" rel=\"nofollow\">Twitter Web Client</a>", "retweeted": false, "coordinates": null, "entities": {"symbols": [], "user_mentions": [], "hashtags": [{"indices": [82, 97], "text": "HillaryClinton"}, {"indices": [98, 109], "text": "indictment"}, {"indices": [111, 116], "text": "CCOT"}, {"indices": [117, 122], "text": "TCOT"}, {"indices": [123, 127], "text": "GOP"}, {"indices": [128, 137], "text": "TeaParty"}], "urls": []}, "in_reply_to_screen_name": null, "in_reply_to_user_id": null, "retweet_count": 0, "id_str": "656900081933684736", "favorited": false, "user": {"follow_request_sent": null, "has_extended_profile": false, "profile_use_background_image": true, "default_profile_image": false, "id": 82257426, "profile_background_image_url_https": "https://pbs.twimg.com/profile_background_images/599565775620284417/6do8Dr-X.jpg", "verified": false, "profile_text_color": "8F350B", "profile_image_url_https": "https://pbs.twimg.com/profile_images/630012097041051650/9ZK1Dw2R_normal.jpg", "profile_sidebar_fill_color": "D99611", "entities": {"url": {"urls": [{"url": "http://t.co/1WoECaUB21", "indices": [0, 22], "expanded_url": "http://www.ipscone.com/forums/blog.php", "display_url": "ipscone.com/forums/blog.php"}]}, "description": {"urls": []}}, "followers_count": 1028, "profile_sidebar_border_color": "A8C7F7", "id_str": "82257426", "profile_background_color": "000000", "listed_count": 24, "is_translation_enabled": false, "utc_offset": -25200, "statuses_count": 5884, "description": "USMC 1963-1967, thorn in the side of liberals to present. No time to be PC.  America is in trouble.  Follow the Voice of Conservative Speech. #ipscone", "friends_count": 1358, "location": "Washington, USA", "profile_link_color": "829435", "profile_image_url": "http://pbs.twimg.com/profile_images/630012097041051650/9ZK1Dw2R_normal.jpg", "following": null, "geo_enabled": false, "profile_banner_url": "https://pbs.twimg.com/profile_banners/82257426/1431783005", "profile_background_image_url": "http://pbs.twimg.com/profile_background_images/599565775620284417/6do8Dr-X.jpg", "screen_name": "ipscone", "lang": "en", "profile_background_tile": false, "favourites_count": 150, "name": "Mike Davis", "notifications": null, "url": "http://t.co/1WoECaUB21", "created_at": "Wed Oct 14 02:40:26 +0000 2009", "contributors_enabled": false, "time_zone": "Pacific Time (US & Canada)", "protected": false, "default_profile": false, "is_translator": false}, "geo": null, "in_reply_to_user_id_str": null, "lang": "en", "created_at": "Wed Oct 21 18:29:18 +0000 2015", "in_reply_to_status_id_str": null, "place": null, "metadata": {"iso_language_code": "en", "result_type": "recent"}}