{"contributors": null, "truncated": false, "text": "RT @Jonathanky74: Why Hillary Will Likely Win the White House https://t.co/HirlM7McV6 via NRO #uniteblue #hillary2016", "is_quote_status": false, "in_reply_to_status_id": null, "id": 656912958396563456, "favorite_count": 0, "source": "<a href=\"http://twitter.com/download/iphone\" rel=\"nofollow\">Twitter for iPhone</a>", "retweeted": false, "coordinates": null, "entities": {"symbols": [], "user_mentions": [{"id": 33545336, "indices": [3, 16], "id_str": "33545336", "screen_name": "Jonathanky74", "name": "Jonathan"}], "hashtags": [{"indices": [94, 104], "text": "uniteblue"}, {"indices": [105, 117], "text": "hillary2016"}], "urls": [{"url": "https://t.co/HirlM7McV6", "indices": [62, 85], "expanded_url": "http://natl.re/rPYplj", "display_url": "natl.re/rPYplj"}]}, "in_reply_to_screen_name": null, "in_reply_to_user_id": null, "retweet_count": 1, "id_str": "656912958396563456", "favorited": false, "retweeted_status": {"contributors": null, "truncated": false, "text": "Why Hillary Will Likely Win the White House https://t.co/HirlM7McV6 via NRO #uniteblue #hillary2016", "is_quote_status": false, "in_reply_to_status_id": null, "id": 656912615051014144, "favorite_count": 2, "source": "<a href=\"http://twitter.com/download/iphone\" rel=\"nofollow\">Twitter for iPhone</a>", "retweeted": false, "coordinates": null, "entities": {"symbols": [], "user_mentions": [], "hashtags": [{"indices": [76, 86], "text": "uniteblue"}, {"indices": [87, 99], "text": "hillary2016"}], "urls": [{"url": "https://t.co/HirlM7McV6", "indices": [44, 67], "expanded_url": "http://natl.re/rPYplj", "display_url": "natl.re/rPYplj"}]}, "in_reply_to_screen_name": null, "in_reply_to_user_id": null, "retweet_count": 1, "id_str": "656912615051014144", "favorited": false, "user": {"follow_request_sent": null, "has_extended_profile": false, "profile_use_background_image": false, "default_profile_image": false, "id": 33545336, "profile_background_image_url_https": "https://abs.twimg.com/images/themes/theme15/bg.png", "verified": false, "profile_text_color": "000000", "profile_image_url_https": "https://pbs.twimg.com/profile_images/649150608021299200/vkegJ-gH_normal.jpg", "profile_sidebar_fill_color": "000000", "entities": {"description": {"urls": []}}, "followers_count": 899, "profile_sidebar_border_color": "000000", "id_str": "33545336", "profile_background_color": "000000", "listed_count": 44, "is_translation_enabled": false, "utc_offset": -14400, "statuses_count": 7115, "description": "Kentuckian, Taurus, University Of Kentucky Basketball & Football Fan, Big Brother fan, Dolly Parton Fanatic, Liberal, Love The Beach And Mountains. #Hillary2016", "friends_count": 1283, "location": "kentucky", "profile_link_color": "0000CD", "profile_image_url": "http://pbs.twimg.com/profile_images/649150608021299200/vkegJ-gH_normal.jpg", "following": null, "geo_enabled": true, "profile_banner_url": "https://pbs.twimg.com/profile_banners/33545336/1443735210", "profile_background_image_url": "http://abs.twimg.com/images/themes/theme15/bg.png", "screen_name": "Jonathanky74", "lang": "en", "profile_background_tile": false, "favourites_count": 5134, "name": "Jonathan", "notifications": null, "url": null, "created_at": "Mon Apr 20 15:17:10 +0000 2009", "contributors_enabled": false, "time_zone": "Eastern Time (US & Canada)", "protected": false, "default_profile": false, "is_translator": false}, "geo": null, "in_reply_to_user_id_str": null, "possibly_sensitive": false, "lang": "en", "created_at": "Wed Oct 21 19:19:06 +0000 2015", "in_reply_to_status_id_str": null, "place": null, "metadata": {"iso_language_code": "en", "result_type": "recent"}}, "user": {"follow_request_sent": null, "has_extended_profile": false, "profile_use_background_image": false, "default_profile_image": false, "id": 16146535, "profile_background_image_url_https": "https://pbs.twimg.com/profile_background_images/67838658/ed6ylm.png", "verified": false, "profile_text_color": "333333", "profile_image_url_https": "https://pbs.twimg.com/profile_images/3181944285/b8607a0e7a5947003bf66e170eeb9479_normal.png", "profile_sidebar_fill_color": "DDEEF6", "entities": {"url": {"urls": [{"url": "http://t.co/iu3mUioGWA", "indices": [0, 22], "expanded_url": "http://page.is/marcy-mcgowan", "display_url": "page.is/marcy-mcgowan"}]}, "description": {"urls": []}}, "followers_count": 20429, "profile_sidebar_border_color": "C0DEED", "id_str": "16146535", "profile_background_color": "12B4FF", "listed_count": 771, "is_translation_enabled": false, "utc_offset": -14400, "statuses_count": 605296, "description": "I love summer - Obama/Biden #UniteBlue Democrat Politics Hate TeaPartyIdiots #UniteBlue #p2 #Hillary2016", "friends_count": 22448, "location": "Delaware", "profile_link_color": "0084B4", "profile_image_url": "http://pbs.twimg.com/profile_images/3181944285/b8607a0e7a5947003bf66e170eeb9479_normal.png", "following": null, "geo_enabled": true, "profile_background_image_url": "http://pbs.twimg.com/profile_background_images/67838658/ed6ylm.png", "screen_name": "marcylauren", "lang": "en", "profile_background_tile": true, "favourites_count": 1504, "name": "Marcy McGowan", "notifications": null, "url": "http://t.co/iu3mUioGWA", "created_at": "Fri Sep 05 17:38:17 +0000 2008", "contributors_enabled": false, "time_zone": "Eastern Time (US & Canada)", "protected": false, "default_profile": false, "is_translator": false}, "geo": null, "in_reply_to_user_id_str": null, "possibly_sensitive": false, "lang": "en", "created_at": "Wed Oct 21 19:20:28 +0000 2015", "in_reply_to_status_id_str": null, "place": null, "metadata": {"iso_language_code": "en", "result_type": "recent"}}