{"contributors": null, "truncated": false, "text": "@DailyCaller that means nothing. Let's hear what liar #HillaryClinton has to say.", "is_quote_status": false, "in_reply_to_status_id": 656904040132026376, "id": 656905334527651840, "favorite_count": 2, "source": "<a href=\"http://twitter.com/download/android\" rel=\"nofollow\">Twitter for Android</a>", "retweeted": false, "coordinates": null, "entities": {"symbols": [], "user_mentions": [{"id": 39308549, "indices": [0, 12], "id_str": "39308549", "screen_name": "DailyCaller", "name": "The Daily Caller"}], "hashtags": [{"indices": [54, 69], "text": "HillaryClinton"}], "urls": []}, "in_reply_to_screen_name": "DailyCaller", "in_reply_to_user_id": 39308549, "retweet_count": 0, "id_str": "656905334527651840", "favorited": false, "user": {"follow_request_sent": null, "has_extended_profile": true, "profile_use_background_image": false, "default_profile_image": false, "id": 23534613, "profile_background_image_url_https": "https://abs.twimg.com/images/themes/theme4/bg.gif", "verified": false, "profile_text_color": "000000", "profile_image_url_https": "https://pbs.twimg.com/profile_images/534407760582963200/5mE7Ki1i_normal.jpeg", "profile_sidebar_fill_color": "000000", "entities": {"url": {"urls": [{"url": "http://t.co/XqGVa9AbNi", "indices": [0, 22], "expanded_url": "http://www.facebook.com/?ref=home#!/T.Mac.Delaney", "display_url": "facebook.com/?ref=home#!/T.\u2026"}]}, "description": {"urls": []}}, "followers_count": 302, "profile_sidebar_border_color": "000000", "id_str": "23534613", "profile_background_color": "000000", "listed_count": 8, "is_translation_enabled": false, "utc_offset": -18000, "statuses_count": 4699, "description": "Aka T-Mac Comedy/Joke writer", "friends_count": 532, "location": "New Orleans", "profile_link_color": "89C9FA", "profile_image_url": "http://pbs.twimg.com/profile_images/534407760582963200/5mE7Ki1i_normal.jpeg", "following": null, "geo_enabled": false, "profile_banner_url": "https://pbs.twimg.com/profile_banners/23534613/1412881381", "profile_background_image_url": "http://abs.twimg.com/images/themes/theme4/bg.gif", "screen_name": "TMacWalsh", "lang": "en", "profile_background_tile": false, "favourites_count": 1593, "name": "Terry McC Walsh", "notifications": null, "url": "http://t.co/XqGVa9AbNi", "created_at": "Tue Mar 10 01:04:02 +0000 2009", "contributors_enabled": false, "time_zone": "Central Time (US & Canada)", "protected": false, "default_profile": false, "is_translator": false}, "geo": null, "in_reply_to_user_id_str": "39308549", "lang": "en", "created_at": "Wed Oct 21 18:50:11 +0000 2015", "in_reply_to_status_id_str": "656904040132026376", "place": null, "metadata": {"iso_language_code": "en", "result_type": "recent"}}