{"contributors": null, "truncated": false, "text": "Wake Up, Democratic Party: You're In Serious Trouble #UnitedBlue #MorningJoe #Hillary2016 https://t.co/sa05cDA335", "is_quote_status": false, "in_reply_to_status_id": null, "id": 656906325243338753, "favorite_count": 0, "source": "<a href=\"http://twitter.com/download/iphone\" rel=\"nofollow\">Twitter for iPhone</a>", "retweeted": false, "coordinates": null, "entities": {"symbols": [], "user_mentions": [], "hashtags": [{"indices": [53, 64], "text": "UnitedBlue"}, {"indices": [65, 76], "text": "MorningJoe"}, {"indices": [77, 89], "text": "Hillary2016"}], "urls": [{"url": "https://t.co/sa05cDA335", "indices": [90, 113], "expanded_url": "http://crooksandliars.com/2015/10/wake-democratic-party-youre-serious", "display_url": "crooksandliars.com/2015/10/wake-d\u2026"}]}, "in_reply_to_screen_name": null, "in_reply_to_user_id": null, "retweet_count": 0, "id_str": "656906325243338753", "favorited": false, "user": {"follow_request_sent": null, "has_extended_profile": false, "profile_use_background_image": false, "default_profile_image": false, "id": 519728191, "profile_background_image_url_https": "https://abs.twimg.com/images/themes/theme1/bg.png", "verified": false, "profile_text_color": "000000", "profile_image_url_https": "https://pbs.twimg.com/profile_images/648989269151735808/fYkm8YE8_normal.png", "profile_sidebar_fill_color": "000000", "entities": {"description": {"urls": [{"url": "http://t.co/xdhYM8QhAA", "indices": [94, 116], "expanded_url": "http://UniteBlue.org/user/Williekbink", "display_url": "UniteBlue.org/user/Williekbi\u2026"}]}}, "followers_count": 3522, "profile_sidebar_border_color": "000000", "id_str": "519728191", "profile_background_color": "000000", "listed_count": 62, "is_translation_enabled": false, "utc_offset": -25200, "statuses_count": 50452, "description": "We are Anonymous. We are legion. We do not forgive. We do not forget. Expect us. #UnitedBlue  http://t.co/xdhYM8QhAA", "friends_count": 3237, "location": "Right behind you ", "profile_link_color": "3B94D9", "profile_image_url": "http://pbs.twimg.com/profile_images/648989269151735808/fYkm8YE8_normal.png", "following": null, "geo_enabled": false, "profile_banner_url": "https://pbs.twimg.com/profile_banners/519728191/1438817379", "profile_background_image_url": "http://abs.twimg.com/images/themes/theme1/bg.png", "screen_name": "JSavoly", "lang": "en", "profile_background_tile": false, "favourites_count": 25, "name": "Jasper", "notifications": null, "url": null, "created_at": "Fri Mar 09 18:55:38 +0000 2012", "contributors_enabled": false, "time_zone": "Pacific Time (US & Canada)", "protected": false, "default_profile": false, "is_translator": false}, "geo": null, "in_reply_to_user_id_str": null, "possibly_sensitive": false, "lang": "en", "created_at": "Wed Oct 21 18:54:07 +0000 2015", "in_reply_to_status_id_str": null, "place": null, "metadata": {"iso_language_code": "en", "result_type": "recent"}}