{"contributors": null, "truncated": false, "text": "#hillary2016\n\nCan anyone still think she should be a thing but locked up? https://t.co/VCNhT0EjiP", "is_quote_status": false, "in_reply_to_status_id": null, "id": 656901963179794432, "favorite_count": 3, "source": "<a href=\"http://www.facebook.com/twitter\" rel=\"nofollow\">Facebook</a>", "retweeted": false, "coordinates": null, "entities": {"symbols": [], "user_mentions": [], "hashtags": [{"indices": [0, 12], "text": "hillary2016"}], "urls": [{"url": "https://t.co/VCNhT0EjiP", "indices": [74, 97], "expanded_url": "http://fb.me/7E9LFtCtC", "display_url": "fb.me/7E9LFtCtC"}]}, "in_reply_to_screen_name": null, "in_reply_to_user_id": null, "retweet_count": 0, "id_str": "656901963179794432", "favorited": false, "user": {"follow_request_sent": null, "has_extended_profile": false, "profile_use_background_image": true, "default_profile_image": false, "id": 415956327, "profile_background_image_url_https": "https://pbs.twimg.com/profile_background_images/378800000108700713/a039bd3c3e8058d402f1b3cf51b8af85.jpeg", "verified": false, "profile_text_color": "333333", "profile_image_url_https": "https://pbs.twimg.com/profile_images/3157702111/79483f00321f851066473bfc521c488a_normal.jpeg", "profile_sidebar_fill_color": "DDEEF6", "entities": {"url": {"urls": [{"url": "http://t.co/Vr8ozTeovL", "indices": [0, 22], "expanded_url": "http://www.personalshootinginstruction.com", "display_url": "personalshootinginstruction.com"}]}, "description": {"urls": []}}, "followers_count": 367, "profile_sidebar_border_color": "FFFFFF", "id_str": "415956327", "profile_background_color": "C0DEED", "listed_count": 23, "is_translation_enabled": false, "utc_offset": -10800, "statuses_count": 11434, "description": "Band teacher, firearms instructor, all around good guy!", "friends_count": 525, "location": "Central MA", "profile_link_color": "0084B4", "profile_image_url": "http://pbs.twimg.com/profile_images/3157702111/79483f00321f851066473bfc521c488a_normal.jpeg", "following": null, "geo_enabled": false, "profile_banner_url": "https://pbs.twimg.com/profile_banners/415956327/1430698509", "profile_background_image_url": "http://pbs.twimg.com/profile_background_images/378800000108700713/a039bd3c3e8058d402f1b3cf51b8af85.jpeg", "screen_name": "charlierfcook", "lang": "en", "profile_background_tile": true, "favourites_count": 133, "name": "Charlie Cook", "notifications": null, "url": "http://t.co/Vr8ozTeovL", "created_at": "Sat Nov 19 01:41:17 +0000 2011", "contributors_enabled": false, "time_zone": "Atlantic Time (Canada)", "protected": false, "default_profile": false, "is_translator": false}, "geo": null, "in_reply_to_user_id_str": null, "possibly_sensitive": false, "lang": "en", "created_at": "Wed Oct 21 18:36:47 +0000 2015", "in_reply_to_status_id_str": null, "place": null, "metadata": {"iso_language_code": "en", "result_type": "recent"}}