{"contributors": null, "truncated": false, "text": "Great article by @RameshPonnuru on GOP's weak policy response to #Hillary2016 liberalism https://t.co/NqlyvGpkJs", "is_quote_status": false, "in_reply_to_status_id": null, "id": 656903748271271936, "favorite_count": 0, "source": "<a href=\"http://twitter.com/download/iphone\" rel=\"nofollow\">Twitter for iPhone</a>", "retweeted": false, "coordinates": null, "entities": {"symbols": [], "user_mentions": [{"id": 305189255, "indices": [17, 31], "id_str": "305189255", "screen_name": "RameshPonnuru", "name": "Ramesh Ponnuru"}], "hashtags": [{"indices": [65, 77], "text": "Hillary2016"}], "urls": [{"url": "https://t.co/NqlyvGpkJs", "indices": [89, 112], "expanded_url": "http://www.nationalreview.com/article/425863/hillary-clinton-2016-election-winner", "display_url": "nationalreview.com/article/425863\u2026"}]}, "in_reply_to_screen_name": null, "in_reply_to_user_id": null, "retweet_count": 0, "id_str": "656903748271271936", "favorited": false, "user": {"follow_request_sent": null, "has_extended_profile": false, "profile_use_background_image": true, "default_profile_image": false, "id": 1861598672, "profile_background_image_url_https": "https://abs.twimg.com/images/themes/theme14/bg.gif", "verified": false, "profile_text_color": "333333", "profile_image_url_https": "https://pbs.twimg.com/profile_images/535856182812868608/fppo6IeH_normal.jpeg", "profile_sidebar_fill_color": "DDEEF6", "entities": {"url": {"urls": [{"url": "http://t.co/v5eV4xdtMf", "indices": [0, 22], "expanded_url": "http://www.forbes.com/sites/abbymccloskey", "display_url": "forbes.com/sites/abbymccl\u2026"}]}, "description": {"urls": []}}, "followers_count": 900, "profile_sidebar_border_color": "FFFFFF", "id_str": "1861598672", "profile_background_color": "E9E1FA", "listed_count": 36, "is_translation_enabled": false, "utc_offset": -10800, "statuses_count": 590, "description": "Economist. @Forbes Contributor. Wife & Mother. Former: @GovernorPerry 2016 Policy Director, Program Director of Economic Policy at @AEI, Senate Staffer", "friends_count": 283, "location": "Dallas TX", "profile_link_color": "DD2E44", "profile_image_url": "http://pbs.twimg.com/profile_images/535856182812868608/fppo6IeH_normal.jpeg", "following": null, "geo_enabled": false, "profile_banner_url": "https://pbs.twimg.com/profile_banners/1861598672/1416593084", "profile_background_image_url": "http://abs.twimg.com/images/themes/theme14/bg.gif", "screen_name": "McCloskeyAbby", "lang": "en", "profile_background_tile": false, "favourites_count": 59, "name": "Abby McCloskey", "notifications": null, "url": "http://t.co/v5eV4xdtMf", "created_at": "Fri Sep 13 20:06:52 +0000 2013", "contributors_enabled": false, "time_zone": "Atlantic Time (Canada)", "protected": false, "default_profile": false, "is_translator": false}, "geo": null, "in_reply_to_user_id_str": null, "possibly_sensitive": false, "lang": "en", "created_at": "Wed Oct 21 18:43:52 +0000 2015", "in_reply_to_status_id_str": null, "place": null, "metadata": {"iso_language_code": "en", "result_type": "recent"}}