{"contributors": null, "truncated": false, "text": "@MSNBC 9 Bengahzi Hearings??? Republicans have been treating #HillaryClinton and @POTUS as the enemy implying both can't be trusted!", "is_quote_status": false, "in_reply_to_status_id": null, "id": 656910339225866240, "favorite_count": 0, "source": "<a href=\"http://twitter.com\" rel=\"nofollow\">Twitter Web Client</a>", "retweeted": false, "coordinates": null, "entities": {"symbols": [], "user_mentions": [{"id": 2836421, "indices": [0, 6], "id_str": "2836421", "screen_name": "MSNBC", "name": "MSNBC"}, {"id": 1536791610, "indices": [81, 87], "id_str": "1536791610", "screen_name": "POTUS", "name": "President Obama"}], "hashtags": [{"indices": [61, 76], "text": "HillaryClinton"}], "urls": []}, "in_reply_to_screen_name": "MSNBC", "in_reply_to_user_id": 2836421, "retweet_count": 0, "id_str": "656910339225866240", "favorited": false, "user": {"follow_request_sent": null, "has_extended_profile": false, "profile_use_background_image": false, "default_profile_image": false, "id": 51593556, "profile_background_image_url_https": "https://abs.twimg.com/images/themes/theme4/bg.gif", "verified": false, "profile_text_color": "000000", "profile_image_url_https": "https://pbs.twimg.com/profile_images/530550083063148544/0SJ19RG6_normal.png", "profile_sidebar_fill_color": "000000", "entities": {"description": {"urls": []}}, "followers_count": 2820, "profile_sidebar_border_color": "000000", "id_str": "51593556", "profile_background_color": "000000", "listed_count": 73, "is_translation_enabled": false, "utc_offset": -18000, "statuses_count": 36447, "description": "Terribly Political Nerd #UniteBlue Together In Truth we can make a Wonderful World If you follow me Independent I Think For Myself  Deep Liberal! Flintstone Too", "friends_count": 2729, "location": "Columbia, TN", "profile_link_color": "FFCC4D", "profile_image_url": "http://pbs.twimg.com/profile_images/530550083063148544/0SJ19RG6_normal.png", "following": null, "geo_enabled": true, "profile_background_image_url": "http://abs.twimg.com/images/themes/theme4/bg.gif", "screen_name": "glogirl92", "lang": "en", "profile_background_tile": false, "favourites_count": 214, "name": "Gloria Ruffin", "notifications": null, "url": null, "created_at": "Sat Jun 27 23:45:40 +0000 2009", "contributors_enabled": false, "time_zone": "Central Time (US & Canada)", "protected": false, "default_profile": false, "is_translator": false}, "geo": null, "in_reply_to_user_id_str": "2836421", "lang": "en", "created_at": "Wed Oct 21 19:10:04 +0000 2015", "in_reply_to_status_id_str": null, "place": {"full_name": "Tennessee, USA", "url": "https://api.twitter.com/1.1/geo/id/7f7d58e5229c6b6c.json", "country": "United States", "place_type": "admin", "bounding_box": {"type": "Polygon", "coordinates": [[[-90.310298, 34.982924], [-81.646901, 34.982924], [-81.646901, 36.678119], [-90.310298, 36.678119]]]}, "contained_within": [], "country_code": "US", "attributes": {}, "id": "7f7d58e5229c6b6c", "name": "Tennessee"}, "metadata": {"iso_language_code": "en", "result_type": "recent"}}