{"contributors": null, "truncated": false, "text": "Connect to Congress: @RepByrne weighs in on @RepPaulRyan in House Speaker race, #HillaryClinton, #Benghazi &amp; more https://t.co/R8wQmUz2JB", "is_quote_status": false, "in_reply_to_status_id": null, "id": 656909841466859520, "favorite_count": 1, "source": "<a href=\"https://about.twitter.com/products/tweetdeck\" rel=\"nofollow\">TweetDeck</a>", "retweeted": false, "coordinates": null, "entities": {"symbols": [], "user_mentions": [{"id": 2253968388, "indices": [21, 30], "id_str": "2253968388", "screen_name": "RepByrne", "name": "Rep. Bradley Byrne"}, {"id": 18916432, "indices": [44, 56], "id_str": "18916432", "screen_name": "RepPaulRyan", "name": "Paul Ryan"}], "hashtags": [{"indices": [80, 95], "text": "HillaryClinton"}, {"indices": [97, 106], "text": "Benghazi"}], "urls": [{"url": "https://t.co/R8wQmUz2JB", "indices": [118, 141], "expanded_url": "http://bit.ly/1No6aSu", "display_url": "bit.ly/1No6aSu"}]}, "in_reply_to_screen_name": null, "in_reply_to_user_id": null, "retweet_count": 4, "id_str": "656909841466859520", "favorited": false, "user": {"follow_request_sent": null, "has_extended_profile": false, "profile_use_background_image": true, "default_profile_image": false, "id": 13265132, "profile_background_image_url_https": "https://pbs.twimg.com/profile_background_images/560839283041251329/pE2fKtVD.png", "verified": false, "profile_text_color": "333333", "profile_image_url_https": "https://pbs.twimg.com/profile_images/568251151188250624/VbyTkJUs_normal.jpeg", "profile_sidebar_fill_color": "DDFFCC", "entities": {"url": {"urls": [{"url": "http://t.co/cyhI8RFQ14", "indices": [0, 22], "expanded_url": "http://www.abc3340.com", "display_url": "abc3340.com"}]}, "description": {"urls": []}}, "followers_count": 97706, "profile_sidebar_border_color": "000000", "id_str": "13265132", "profile_background_color": "000000", "listed_count": 1048, "is_translation_enabled": false, "utc_offset": -18000, "statuses_count": 66720, "description": "Breaking news, weather, sports and information for the Birmingham, Tuscaloosa, and Anniston Alabama areas from the ABC 33/40 News newsroom", "friends_count": 470, "location": "Birmingham, Alabama", "profile_link_color": "0084B4", "profile_image_url": "http://pbs.twimg.com/profile_images/568251151188250624/VbyTkJUs_normal.jpeg", "following": null, "geo_enabled": false, "profile_banner_url": "https://pbs.twimg.com/profile_banners/13265132/1424311811", "profile_background_image_url": "http://pbs.twimg.com/profile_background_images/560839283041251329/pE2fKtVD.png", "screen_name": "abc3340", "lang": "en", "profile_background_tile": false, "favourites_count": 3001, "name": "ABC 33/40 News", "notifications": null, "url": "http://t.co/cyhI8RFQ14", "created_at": "Fri Feb 08 21:37:55 +0000 2008", "contributors_enabled": false, "time_zone": "Central Time (US & Canada)", "protected": false, "default_profile": false, "is_translator": false}, "geo": null, "in_reply_to_user_id_str": null, "possibly_sensitive": false, "lang": "en", "created_at": "Wed Oct 21 19:08:05 +0000 2015", "in_reply_to_status_id_str": null, "place": null, "metadata": {"iso_language_code": "en", "result_type": "recent"}}