{"contributors": null, "truncated": false, "text": "#HillaryClinton should have been impeached in 2012. Obama and @SpeakerBoehner made deal instead. #WashingtonCartel  https://t.co/lXw7pq7E0v", "is_quote_status": true, "in_reply_to_status_id": null, "id": 656911455413923840, "favorite_count": 0, "entities": {"symbols": [], "user_mentions": [{"id": 7713202, "indices": [62, 77], "id_str": "7713202", "screen_name": "SpeakerBoehner", "name": "Speaker John Boehner"}], "hashtags": [{"indices": [0, 15], "text": "HillaryClinton"}, {"indices": [97, 114], "text": "WashingtonCartel"}], "urls": [{"url": "https://t.co/lXw7pq7E0v", "indices": [116, 139], "expanded_url": "https://twitter.com/sirtatters/status/555487339594924032", "display_url": "twitter.com/sirtatters/sta\u2026"}]}, "quoted_status_id": 555487339594924032, "retweeted": false, "coordinates": null, "quoted_status": {"contributors": null, "truncated": false, "text": "@crc213 @LaRp68 \n#Hillary also knows her ZeroFootPrint changed ROE in #BENGHAZI &amp; bypassed Congress putting UN in charge at AFRICOM", "is_quote_status": false, "in_reply_to_status_id": 555484943904948224, "id": 555487339594924032, "favorite_count": 2, "source": "<a href=\"http://twitter.com/download/iphone\" rel=\"nofollow\">Twitter for iPhone</a>", "retweeted": false, "coordinates": null, "entities": {"symbols": [], "user_mentions": [{"id": 876464412, "indices": [0, 7], "id_str": "876464412", "screen_name": "crc213", "name": "crc213"}, {"id": 297461983, "indices": [8, 15], "id_str": "297461983", "screen_name": "Larp68", "name": "Sandy"}], "hashtags": [{"indices": [17, 25], "text": "Hillary"}, {"indices": [70, 79], "text": "BENGHAZI"}], "urls": []}, "in_reply_to_screen_name": "crc213", "in_reply_to_user_id": 876464412, "retweet_count": 2, "id_str": "555487339594924032", "favorited": false, "user": {"follow_request_sent": null, "has_extended_profile": false, "profile_use_background_image": true, "default_profile_image": false, "id": 898620354, "profile_background_image_url_https": "https://abs.twimg.com/images/themes/theme1/bg.png", "verified": false, "profile_text_color": "333333", "profile_image_url_https": "https://pbs.twimg.com/profile_images/378800000425521689/b93e668a65e5b03e351ac7221a8c3147_normal.png", "profile_sidebar_fill_color": "DDEEF6", "entities": {"url": {"urls": [{"url": "http://t.co/p5Dpjl95YY", "indices": [0, 22], "expanded_url": "http://truepatriotsforamerica.com/", "display_url": "truepatriotsforamerica.com"}]}, "description": {"urls": []}}, "followers_count": 13353, "profile_sidebar_border_color": "C0DEED", "id_str": "898620354", "profile_background_color": "C0DEED", "listed_count": 282, "is_translation_enabled": false, "utc_offset": -25200, "statuses_count": 85826, "description": "MY #BENGHAZI BLOG 140 CHARACTERS AT A TIME Proud Member of #PJNET ! #TCOT #OiP", "friends_count": 13328, "location": "", "profile_link_color": "0084B4", "profile_image_url": "http://pbs.twimg.com/profile_images/378800000425521689/b93e668a65e5b03e351ac7221a8c3147_normal.png", "following": null, "geo_enabled": false, "profile_banner_url": "https://pbs.twimg.com/profile_banners/898620354/1413146539", "profile_background_image_url": "http://abs.twimg.com/images/themes/theme1/bg.png", "screen_name": "sirtatters", "lang": "en", "profile_background_tile": false, "favourites_count": 28656, "name": "randomthots", "notifications": null, "url": "http://t.co/p5Dpjl95YY", "created_at": "Mon Oct 22 23:04:06 +0000 2012", "contributors_enabled": false, "time_zone": "Arizona", "protected": false, "default_profile": true, "is_translator": false}, "geo": null, "in_reply_to_user_id_str": "876464412", "lang": "en", "created_at": "Wed Jan 14 22:11:16 +0000 2015", "in_reply_to_status_id_str": "555484943904948224", "place": null, "metadata": {"iso_language_code": "en", "result_type": "recent"}}, "source": "<a href=\"http://twitter.com/download/android\" rel=\"nofollow\">Twitter for Android</a>", "in_reply_to_screen_name": null, "in_reply_to_user_id": null, "retweet_count": 3, "id_str": "656911455413923840", "favorited": false, "user": {"follow_request_sent": null, "has_extended_profile": false, "profile_use_background_image": false, "default_profile_image": false, "id": 297461983, "profile_background_image_url_https": "https://pbs.twimg.com/profile_background_images/813804482/ba0f9741b3fe83c73cba0c7163afd333.jpeg", "verified": false, "profile_text_color": "663B12", "profile_image_url_https": "https://pbs.twimg.com/profile_images/585905314643316736/LCyIVd6m_normal.jpg", "profile_sidebar_fill_color": "DAECF4", "entities": {"description": {"urls": []}}, "followers_count": 2259, "profile_sidebar_border_color": "FFFFFF", "id_str": "297461983", "profile_background_color": "C6E2EE", "listed_count": 50, "is_translation_enabled": false, "utc_offset": -18000, "statuses_count": 30093, "description": "", "friends_count": 1970, "location": "", "profile_link_color": "1F98C7", "profile_image_url": "http://pbs.twimg.com/profile_images/585905314643316736/LCyIVd6m_normal.jpg", "following": null, "geo_enabled": false, "profile_banner_url": "https://pbs.twimg.com/profile_banners/297461983/1428526961", "profile_background_image_url": "http://pbs.twimg.com/profile_background_images/813804482/ba0f9741b3fe83c73cba0c7163afd333.jpeg", "screen_name": "Larp68", "lang": "en", "profile_background_tile": false, "favourites_count": 9630, "name": "Sandy", "notifications": null, "url": null, "created_at": "Thu May 12 15:12:31 +0000 2011", "contributors_enabled": false, "time_zone": "Central Time (US & Canada)", "protected": false, "default_profile": false, "is_translator": false}, "geo": null, "in_reply_to_user_id_str": null, "possibly_sensitive": false, "lang": "en", "created_at": "Wed Oct 21 19:14:30 +0000 2015", "quoted_status_id_str": "555487339594924032", "in_reply_to_status_id_str": null, "place": null, "metadata": {"iso_language_code": "en", "result_type": "recent"}}