{"contributors": null, "truncated": false, "text": "#FoxNews #RedNationRising\n#JoeBiden was never THE candidate; only a hammer #Obama (STILL) holds over #Hillary2016... https://t.co/4AyPb0W1cs", "is_quote_status": false, "in_reply_to_status_id": null, "id": 656901584329179136, "favorite_count": 5, "source": "<a href=\"http://twitter.com\" rel=\"nofollow\">Twitter Web Client</a>", "retweeted": false, "coordinates": null, "entities": {"symbols": [], "user_mentions": [], "hashtags": [{"indices": [0, 8], "text": "FoxNews"}, {"indices": [9, 25], "text": "RedNationRising"}, {"indices": [26, 35], "text": "JoeBiden"}, {"indices": [75, 81], "text": "Obama"}, {"indices": [101, 113], "text": "Hillary2016"}], "urls": [], "media": [{"expanded_url": "http://twitter.com/GlobalPacificWm/status/656901584329179136/photo/1", "display_url": "pic.twitter.com/4AyPb0W1cs", "url": "https://t.co/4AyPb0W1cs", "media_url_https": "https://pbs.twimg.com/media/CR3IgpGUAAEMEHM.jpg", "id_str": "656901583779659777", "sizes": {"small": {"h": 126, "resize": "fit", "w": 340}, "large": {"h": 291, "resize": "fit", "w": 780}, "medium": {"h": 223, "resize": "fit", "w": 600}, "thumb": {"h": 150, "resize": "crop", "w": 150}}, "indices": [117, 140], "type": "photo", "id": 656901583779659777, "media_url": "http://pbs.twimg.com/media/CR3IgpGUAAEMEHM.jpg"}]}, "in_reply_to_screen_name": null, "in_reply_to_user_id": null, "retweet_count": 1, "id_str": "656901584329179136", "favorited": false, "user": {"follow_request_sent": null, "has_extended_profile": false, "profile_use_background_image": true, "default_profile_image": false, "id": 913138123, "profile_background_image_url_https": "https://pbs.twimg.com/profile_background_images/722342949/cbfeca8477121aaa7e9340687233d6ef.jpeg", "verified": false, "profile_text_color": "333333", "profile_image_url_https": "https://pbs.twimg.com/profile_images/378800000178558529/b03f47ce4430676bcfb06a05e81ccb03_normal.jpeg", "profile_sidebar_fill_color": "DDEEF6", "entities": {"url": {"urls": [{"url": "http://t.co/9IkeikebNY", "indices": [0, 22], "expanded_url": "http://page.is/william-morris", "display_url": "page.is/william-morris"}]}, "description": {"urls": []}}, "followers_count": 22849, "profile_sidebar_border_color": "FFFFFF", "id_str": "913138123", "profile_background_color": "1A1B1F", "listed_count": 248, "is_translation_enabled": false, "utc_offset": -25200, "statuses_count": 10118, "description": "The More Numerous The Laws, The More Corrupt The Government -Tacitus  USMC / Vietnam MAG-16 1970 #RedNationRising #SeeingRedYet", "friends_count": 8611, "location": "Pacific Northwest", "profile_link_color": "2FC2EF", "profile_image_url": "http://pbs.twimg.com/profile_images/378800000178558529/b03f47ce4430676bcfb06a05e81ccb03_normal.jpeg", "following": null, "geo_enabled": false, "profile_banner_url": "https://pbs.twimg.com/profile_banners/913138123/1403581328", "profile_background_image_url": "http://pbs.twimg.com/profile_background_images/722342949/cbfeca8477121aaa7e9340687233d6ef.jpeg", "screen_name": "GlobalPacificWm", "lang": "en", "profile_background_tile": false, "favourites_count": 2723, "name": "William Morris", "notifications": null, "url": "http://t.co/9IkeikebNY", "created_at": "Mon Oct 29 19:58:23 +0000 2012", "contributors_enabled": false, "time_zone": "Pacific Time (US & Canada)", "protected": false, "default_profile": false, "is_translator": false}, "geo": null, "in_reply_to_user_id_str": null, "possibly_sensitive": false, "lang": "en", "created_at": "Wed Oct 21 18:35:17 +0000 2015", "in_reply_to_status_id_str": null, "place": null, "metadata": {"iso_language_code": "en", "result_type": "recent"}}