{"contributors": null, "truncated": false, "text": "RT @peddoc63: #HillaryClinton is a LIAR and a CROOK\ud83d\ude21 #UniteBlue #PJNET #tcot https://t.co/qgIt9BmZvV", "is_quote_status": false, "in_reply_to_status_id": null, "id": 656907156004937728, "favorite_count": 0, "source": "<a href=\"http://twitter.com\" rel=\"nofollow\">Twitter Web Client</a>", "retweeted": false, "coordinates": null, "entities": {"symbols": [], "user_mentions": [{"id": 1379288282, "indices": [3, 12], "id_str": "1379288282", "screen_name": "peddoc63", "name": "Feisty\u2600\ufe0fFloridian"}], "hashtags": [{"indices": [14, 29], "text": "HillaryClinton"}, {"indices": [53, 63], "text": "UniteBlue"}, {"indices": [64, 70], "text": "PJNET"}, {"indices": [71, 76], "text": "tcot"}], "urls": [], "media": [{"source_user_id": 1379288282, "source_status_id_str": "656823680341835776", "expanded_url": "http://twitter.com/peddoc63/status/656823680341835776/photo/1", "display_url": "pic.twitter.com/qgIt9BmZvV", "url": "https://t.co/qgIt9BmZvV", "media_url_https": "https://pbs.twimg.com/media/CR2Bp23WUAA0iUL.jpg", "source_user_id_str": "1379288282", "source_status_id": 656823680341835776, "id_str": "656823676768243712", "sizes": {"large": {"h": 419, "resize": "fit", "w": 640}, "small": {"h": 222, "resize": "fit", "w": 340}, "medium": {"h": 392, "resize": "fit", "w": 600}, "thumb": {"h": 150, "resize": "crop", "w": 150}}, "indices": [77, 100], "type": "photo", "id": 656823676768243712, "media_url": "http://pbs.twimg.com/media/CR2Bp23WUAA0iUL.jpg"}]}, "in_reply_to_screen_name": null, "in_reply_to_user_id": null, "retweet_count": 260, "id_str": "656907156004937728", "favorited": false, "retweeted_status": {"contributors": null, "truncated": false, "text": "#HillaryClinton is a LIAR and a CROOK\ud83d\ude21 #UniteBlue #PJNET #tcot https://t.co/qgIt9BmZvV", "is_quote_status": false, "in_reply_to_status_id": null, "id": 656823680341835776, "favorite_count": 149, "source": "<a href=\"http://twitter.com/download/iphone\" rel=\"nofollow\">Twitter for iPhone</a>", "retweeted": false, "coordinates": null, "entities": {"symbols": [], "user_mentions": [], "hashtags": [{"indices": [0, 15], "text": "HillaryClinton"}, {"indices": [39, 49], "text": "UniteBlue"}, {"indices": [50, 56], "text": "PJNET"}, {"indices": [57, 62], "text": "tcot"}], "urls": [], "media": [{"expanded_url": "http://twitter.com/peddoc63/status/656823680341835776/photo/1", "display_url": "pic.twitter.com/qgIt9BmZvV", "url": "https://t.co/qgIt9BmZvV", "media_url_https": "https://pbs.twimg.com/media/CR2Bp23WUAA0iUL.jpg", "id_str": "656823676768243712", "sizes": {"large": {"h": 419, "resize": "fit", "w": 640}, "small": {"h": 222, "resize": "fit", "w": 340}, "medium": {"h": 392, "resize": "fit", "w": 600}, "thumb": {"h": 150, "resize": "crop", "w": 150}}, "indices": [63, 86], "type": "photo", "id": 656823676768243712, "media_url": "http://pbs.twimg.com/media/CR2Bp23WUAA0iUL.jpg"}]}, "in_reply_to_screen_name": null, "in_reply_to_user_id": null, "retweet_count": 260, "id_str": "656823680341835776", "favorited": false, "user": {"follow_request_sent": null, "has_extended_profile": false, "profile_use_background_image": true, "default_profile_image": false, "id": 1379288282, "profile_background_image_url_https": "https://abs.twimg.com/images/themes/theme1/bg.png", "verified": false, "profile_text_color": "333333", "profile_image_url_https": "https://pbs.twimg.com/profile_images/656930764190318593/wb7m78KH_normal.jpg", "profile_sidebar_fill_color": "DDEEF6", "entities": {"description": {"urls": []}}, "followers_count": 83421, "profile_sidebar_border_color": "C0DEED", "id_str": "1379288282", "profile_background_color": "C0DEED", "listed_count": 970, "is_translation_enabled": false, "utc_offset": -14400, "statuses_count": 59120, "description": "Doctor & daughter of legal immigrants living American Dream! Followed by: Sheriff Clarke, Allen West, James Woods, Ted Cruz, Hannity, Bolling, Pavlich, Kilmeade", "friends_count": 28568, "location": "", "profile_link_color": "0084B4", "profile_image_url": "http://pbs.twimg.com/profile_images/656930764190318593/wb7m78KH_normal.jpg", "following": null, "geo_enabled": false, "profile_banner_url": "https://pbs.twimg.com/profile_banners/1379288282/1445459474", "profile_background_image_url": "http://abs.twimg.com/images/themes/theme1/bg.png", "screen_name": "peddoc63", "lang": "en", "profile_background_tile": false, "favourites_count": 180792, "name": "Feisty\u2600\ufe0fFloridian", "notifications": null, "url": null, "created_at": "Thu Apr 25 11:50:33 +0000 2013", "contributors_enabled": false, "time_zone": "Eastern Time (US & Canada)", "protected": false, "default_profile": true, "is_translator": false}, "geo": null, "in_reply_to_user_id_str": null, "possibly_sensitive": false, "lang": "en", "created_at": "Wed Oct 21 13:25:43 +0000 2015", "in_reply_to_status_id_str": null, "place": null, "metadata": {"iso_language_code": "en", "result_type": "recent"}}, "user": {"follow_request_sent": null, "has_extended_profile": false, "profile_use_background_image": true, "default_profile_image": false, "id": 539516578, "profile_background_image_url_https": "https://abs.twimg.com/images/themes/theme1/bg.png", "verified": false, "profile_text_color": "333333", "profile_image_url_https": "https://pbs.twimg.com/profile_images/378800000492411084/78072d44aab33d37bc2b3cd0f9a11bb3_normal.jpeg", "profile_sidebar_fill_color": "DDEEF6", "entities": {"description": {"urls": []}}, "followers_count": 1017, "profile_sidebar_border_color": "C0DEED", "id_str": "539516578", "profile_background_color": "C0DEED", "listed_count": 15, "is_translation_enabled": false, "utc_offset": null, "statuses_count": 11179, "description": "Small Business Owner Medical Billing & Software Design                 Descendant of Witherspoon 1776  #TeaParty", "friends_count": 1510, "location": "Pennsylvania ", "profile_link_color": "0084B4", "profile_image_url": "http://pbs.twimg.com/profile_images/378800000492411084/78072d44aab33d37bc2b3cd0f9a11bb3_normal.jpeg", "following": null, "geo_enabled": true, "profile_banner_url": "https://pbs.twimg.com/profile_banners/539516578/1379855410", "profile_background_image_url": "http://abs.twimg.com/images/themes/theme1/bg.png", "screen_name": "CritchlowPaul", "lang": "en", "profile_background_tile": false, "favourites_count": 368, "name": "Paul C", "notifications": null, "url": null, "created_at": "Thu Mar 29 00:32:43 +0000 2012", "contributors_enabled": false, "time_zone": null, "protected": false, "default_profile": true, "is_translator": false}, "geo": null, "in_reply_to_user_id_str": null, "possibly_sensitive": false, "lang": "en", "created_at": "Wed Oct 21 18:57:25 +0000 2015", "in_reply_to_status_id_str": null, "place": null, "metadata": {"iso_language_code": "en", "result_type": "recent"}}