{"contributors": null, "truncated": false, "text": "Rep Cummings: falsifying #Documents to damage #HillaryClinton \"is this the #Peoples business? https://t.co/dLP0Me4U4t via @dailykos @mtvnews", "is_quote_status": false, "in_reply_to_status_id": null, "id": 656901062046195717, "favorite_count": 0, "source": "<a href=\"http://twitter.com\" rel=\"nofollow\">Twitter Web Client</a>", "retweeted": false, "coordinates": null, "entities": {"symbols": [], "user_mentions": [{"id": 20818801, "indices": [122, 131], "id_str": "20818801", "screen_name": "dailykos", "name": "Daily Kos"}, {"id": 40076725, "indices": [132, 140], "id_str": "40076725", "screen_name": "MTVNews", "name": "MTV News"}], "hashtags": [{"indices": [25, 35], "text": "Documents"}, {"indices": [46, 61], "text": "HillaryClinton"}, {"indices": [75, 83], "text": "Peoples"}], "urls": [{"url": "https://t.co/dLP0Me4U4t", "indices": [94, 117], "expanded_url": "http://www.dailykos.com/story/2015/10/18/1434647/-Rep-Cummings-Gowdy-altered-documents-in-order-to-make-false-allegations-against-Clinton", "display_url": "dailykos.com/story/2015/10/\u2026"}]}, "in_reply_to_screen_name": null, "in_reply_to_user_id": null, "retweet_count": 1, "id_str": "656901062046195717", "favorited": false, "user": {"follow_request_sent": null, "has_extended_profile": true, "profile_use_background_image": true, "default_profile_image": false, "id": 25709512, "profile_background_image_url_https": "https://pbs.twimg.com/profile_background_images/575877714/c08cfbqlxygp7xladrx0.jpeg", "verified": false, "profile_text_color": "333333", "profile_image_url_https": "https://pbs.twimg.com/profile_images/378800000560041770/88e9bdb16d3048fdca42cf261af29dee_normal.png", "profile_sidebar_fill_color": "DDEEF6", "entities": {"url": {"urls": [{"url": "http://t.co/kkMYbSaa6s", "indices": [0, 22], "expanded_url": "http://facebook.com/mdswvguy25526", "display_url": "facebook.com/mdswvguy25526"}]}, "description": {"urls": []}}, "followers_count": 1771, "profile_sidebar_border_color": "C0DEED", "id_str": "25709512", "profile_background_color": "C0DEED", "listed_count": 95, "is_translation_enabled": false, "utc_offset": -14400, "statuses_count": 47628, "description": "50, in a 27 Year Gay, Now Married. Live in WV. Living LIFE! Power ADVOCATE: 55Plus, LGBT, DISABLED & Equality 4 ALL & BernieSandersPresident#2016", "friends_count": 872, "location": "Hurricane, WV", "profile_link_color": "9266CC", "profile_image_url": "http://pbs.twimg.com/profile_images/378800000560041770/88e9bdb16d3048fdca42cf261af29dee_normal.png", "following": null, "geo_enabled": true, "profile_banner_url": "https://pbs.twimg.com/profile_banners/25709512/1438227149", "profile_background_image_url": "http://pbs.twimg.com/profile_background_images/575877714/c08cfbqlxygp7xladrx0.jpeg", "screen_name": "mdswvguy", "lang": "en", "profile_background_tile": false, "favourites_count": 9906, "name": "Michael D Schmidt", "notifications": null, "url": "http://t.co/kkMYbSaa6s", "created_at": "Sat Mar 21 18:40:44 +0000 2009", "contributors_enabled": false, "time_zone": "Eastern Time (US & Canada)", "protected": false, "default_profile": false, "is_translator": false}, "geo": null, "in_reply_to_user_id_str": null, "possibly_sensitive": false, "lang": "en", "created_at": "Wed Oct 21 18:33:12 +0000 2015", "in_reply_to_status_id_str": null, "place": null, "metadata": {"iso_language_code": "en", "result_type": "recent"}}