{"contributors": null, "truncated": false, "text": "RT @CarolCNN: Mother of Benghazi victim Sean Smith wants answers from #HillaryClinton.  https://t.co/LbNuDfFTMt", "is_quote_status": false, "in_reply_to_status_id": null, "id": 656913314279239681, "favorite_count": 0, "source": "<a href=\"http://twitter.com/download/android\" rel=\"nofollow\">Twitter for Android</a>", "retweeted": false, "coordinates": null, "entities": {"symbols": [], "user_mentions": [{"id": 126629610, "indices": [3, 12], "id_str": "126629610", "screen_name": "CarolCNN", "name": "Carol Costello"}], "hashtags": [{"indices": [70, 85], "text": "HillaryClinton"}], "urls": [{"url": "https://t.co/LbNuDfFTMt", "indices": [88, 111], "expanded_url": "http://cnn.it/1PGPhos", "display_url": "cnn.it/1PGPhos"}]}, "in_reply_to_screen_name": null, "in_reply_to_user_id": null, "retweet_count": 9, "id_str": "656913314279239681", "favorited": false, "retweeted_status": {"contributors": null, "truncated": false, "text": "Mother of Benghazi victim Sean Smith wants answers from #HillaryClinton.  https://t.co/LbNuDfFTMt", "is_quote_status": false, "in_reply_to_status_id": null, "id": 656878361369690113, "favorite_count": 9, "source": "<a href=\"http://snappytv.com\" rel=\"nofollow\">SnappyTV.com</a>", "retweeted": false, "coordinates": null, "entities": {"symbols": [], "user_mentions": [], "hashtags": [{"indices": [56, 71], "text": "HillaryClinton"}], "urls": [{"url": "https://t.co/LbNuDfFTMt", "indices": [74, 97], "expanded_url": "http://cnn.it/1PGPhos", "display_url": "cnn.it/1PGPhos"}]}, "in_reply_to_screen_name": null, "in_reply_to_user_id": null, "retweet_count": 9, "id_str": "656878361369690113", "favorited": false, "user": {"follow_request_sent": null, "has_extended_profile": false, "profile_use_background_image": true, "default_profile_image": false, "id": 126629610, "profile_background_image_url_https": "https://pbs.twimg.com/profile_background_images/797474783/98c2d39cd24880f4893da020c043bb6a.jpeg", "verified": true, "profile_text_color": "333333", "profile_image_url_https": "https://pbs.twimg.com/profile_images/537609849219977216/-CGIIun1_normal.jpeg", "profile_sidebar_fill_color": "DDEEF6", "entities": {"url": {"urls": [{"url": "http://t.co/hNY94Yrod7", "indices": [0, 22], "expanded_url": "http://www.facebook.com/carolCNN", "display_url": "facebook.com/carolCNN"}]}, "description": {"urls": []}}, "followers_count": 28306, "profile_sidebar_border_color": "FFFFFF", "id_str": "126629610", "profile_background_color": "C0DEED", "listed_count": 678, "is_translation_enabled": false, "utc_offset": null, "statuses_count": 14687, "description": "Die-hard @tigers @lions fan, #runner, and #CNN anchor.  \nWatch me on @CNNnewsroom 9aET and 10aET. RT are not endorsements.", "friends_count": 1143, "location": "", "profile_link_color": "0084B4", "profile_image_url": "http://pbs.twimg.com/profile_images/537609849219977216/-CGIIun1_normal.jpeg", "following": null, "geo_enabled": true, "profile_banner_url": "https://pbs.twimg.com/profile_banners/126629610/1424688541", "profile_background_image_url": "http://pbs.twimg.com/profile_background_images/797474783/98c2d39cd24880f4893da020c043bb6a.jpeg", "screen_name": "CarolCNN", "lang": "en", "profile_background_tile": false, "favourites_count": 942, "name": "Carol Costello", "notifications": null, "url": "http://t.co/hNY94Yrod7", "created_at": "Fri Mar 26 13:47:11 +0000 2010", "contributors_enabled": false, "time_zone": null, "protected": false, "default_profile": false, "is_translator": false}, "geo": null, "in_reply_to_user_id_str": null, "possibly_sensitive": false, "lang": "en", "created_at": "Wed Oct 21 17:03:00 +0000 2015", "in_reply_to_status_id_str": null, "place": null, "metadata": {"iso_language_code": "en", "result_type": "recent"}}, "user": {"follow_request_sent": null, "has_extended_profile": false, "profile_use_background_image": true, "default_profile_image": false, "id": 2283733698, "profile_background_image_url_https": "https://abs.twimg.com/images/themes/theme9/bg.gif", "verified": false, "profile_text_color": "666666", "profile_image_url_https": "https://pbs.twimg.com/profile_images/421305237421301760/OhGweia-_normal.jpeg", "profile_sidebar_fill_color": "252429", "entities": {"url": {"urls": [{"url": "http://t.co/jHqQYad8cA", "indices": [0, 22], "expanded_url": "http://www.rebelmouse.com/constalky/", "display_url": "rebelmouse.com/constalky/"}]}, "description": {"urls": []}}, "followers_count": 3499, "profile_sidebar_border_color": "181A1E", "id_str": "2283733698", "profile_background_color": "1A1B1F", "listed_count": 76, "is_translation_enabled": false, "utc_offset": -10800, "statuses_count": 17060, "description": "Former publisher who loves God and Country & an unabashful conservative #RedNationRising #PJNET #RenewUS #Christian #WakeUpAmerica #CCOT #TCOT #TGDN #TeaPary", "friends_count": 3401, "location": "", "profile_link_color": "2FC2EF", "profile_image_url": "http://pbs.twimg.com/profile_images/421305237421301760/OhGweia-_normal.jpeg", "following": null, "geo_enabled": true, "profile_banner_url": "https://pbs.twimg.com/profile_banners/2283733698/1419732319", "profile_background_image_url": "http://abs.twimg.com/images/themes/theme9/bg.gif", "screen_name": "ConsTalky", "lang": "en", "profile_background_tile": false, "favourites_count": 11825, "name": "Conservator", "notifications": null, "url": "http://t.co/jHqQYad8cA", "created_at": "Thu Jan 09 15:28:01 +0000 2014", "contributors_enabled": false, "time_zone": "Atlantic Time (Canada)", "protected": false, "default_profile": false, "is_translator": false}, "geo": null, "in_reply_to_user_id_str": null, "possibly_sensitive": false, "lang": "en", "created_at": "Wed Oct 21 19:21:53 +0000 2015", "in_reply_to_status_id_str": null, "place": null, "metadata": {"iso_language_code": "en", "result_type": "recent"}}