{"contributors": null, "truncated": false, "text": "Well, we know what she will do when the phone rings at 3am. #Hillary2016 https://t.co/soG0VWDhNK", "is_quote_status": false, "in_reply_to_status_id": null, "id": 656912522415484929, "favorite_count": 0, "source": "<a href=\"http://twitter.com/download/iphone\" rel=\"nofollow\">Twitter for iPhone</a>", "retweeted": false, "coordinates": null, "entities": {"symbols": [], "user_mentions": [], "hashtags": [{"indices": [60, 72], "text": "Hillary2016"}], "urls": [], "media": [{"expanded_url": "http://twitter.com/mikeinsimi/status/656912522415484929/photo/1", "display_url": "pic.twitter.com/soG0VWDhNK", "url": "https://t.co/soG0VWDhNK", "media_url_https": "https://pbs.twimg.com/media/CR3SdOeUcAE_F6s.jpg", "id_str": "656912520209264641", "sizes": {"large": {"h": 300, "resize": "fit", "w": 270}, "small": {"h": 300, "resize": "fit", "w": 270}, "medium": {"h": 300, "resize": "fit", "w": 270}, "thumb": {"h": 150, "resize": "crop", "w": 150}}, "indices": [73, 96], "type": "photo", "id": 656912520209264641, "media_url": "http://pbs.twimg.com/media/CR3SdOeUcAE_F6s.jpg"}]}, "in_reply_to_screen_name": null, "in_reply_to_user_id": null, "retweet_count": 0, "id_str": "656912522415484929", "favorited": false, "user": {"follow_request_sent": null, "has_extended_profile": false, "profile_use_background_image": true, "default_profile_image": false, "id": 2796887644, "profile_background_image_url_https": "https://abs.twimg.com/images/themes/theme1/bg.png", "verified": false, "profile_text_color": "333333", "profile_image_url_https": "https://pbs.twimg.com/profile_images/517133967682596866/KjoByciI_normal.jpeg", "profile_sidebar_fill_color": "DDEEF6", "entities": {"description": {"urls": []}}, "followers_count": 253, "profile_sidebar_border_color": "C0DEED", "id_str": "2796887644", "profile_background_color": "C0DEED", "listed_count": 4, "is_translation_enabled": false, "utc_offset": null, "statuses_count": 1209, "description": "Only two things are infinite, the universe and human stupidity, and I'm not sure about the former. Albert Einstein", "friends_count": 400, "location": "Dem People's Republic of CA", "profile_link_color": "0084B4", "profile_image_url": "http://pbs.twimg.com/profile_images/517133967682596866/KjoByciI_normal.jpeg", "following": null, "geo_enabled": false, "profile_banner_url": "https://pbs.twimg.com/profile_banners/2796887644/1412129320", "profile_background_image_url": "http://abs.twimg.com/images/themes/theme1/bg.png", "screen_name": "mikeinsimi", "lang": "en", "profile_background_tile": false, "favourites_count": 36, "name": "UncleMike", "notifications": null, "url": null, "created_at": "Wed Oct 01 01:14:33 +0000 2014", "contributors_enabled": false, "time_zone": null, "protected": false, "default_profile": true, "is_translator": false}, "geo": null, "in_reply_to_user_id_str": null, "possibly_sensitive": false, "lang": "en", "created_at": "Wed Oct 21 19:18:44 +0000 2015", "in_reply_to_status_id_str": null, "place": null, "metadata": {"iso_language_code": "en", "result_type": "recent"}}