{"contributors": null, "truncated": false, "text": "RT @chasbottom: @lalapuj @Boazziz @WestJournalism Hanging upside down in the closet with her wings folded would be my guess. #HillaryClinton", "is_quote_status": false, "in_reply_to_status_id": null, "id": 656910556935385088, "favorite_count": 0, "source": "<a href=\"http://twitter.com/download/iphone\" rel=\"nofollow\">Twitter for iPhone</a>", "retweeted": false, "coordinates": null, "entities": {"symbols": [], "user_mentions": [{"id": 1492105801, "indices": [3, 14], "id_str": "1492105801", "screen_name": "chasbottom", "name": "Milo\u2122"}, {"id": 807998719, "indices": [16, 24], "id_str": "807998719", "screen_name": "lalapuj", "name": "Lalapuj"}, {"id": 277501298, "indices": [25, 33], "id_str": "277501298", "screen_name": "Boazziz", "name": "\ufb31\u05d5\u05e2\u05d6\u05d9\u05d6"}, {"id": 46520074, "indices": [34, 49], "id_str": "46520074", "screen_name": "WestJournalism", "name": "Western Journalism"}], "hashtags": [{"indices": [125, 140], "text": "HillaryClinton"}], "urls": []}, "in_reply_to_screen_name": null, "in_reply_to_user_id": null, "retweet_count": 1, "id_str": "656910556935385088", "favorited": false, "retweeted_status": {"contributors": null, "truncated": false, "text": "@lalapuj @Boazziz @WestJournalism Hanging upside down in the closet with her wings folded would be my guess. #HillaryClinton", "is_quote_status": false, "in_reply_to_status_id": 656820906849914881, "id": 656826342583857152, "favorite_count": 1, "source": "<a href=\"http://twitter.com\" rel=\"nofollow\">Twitter Web Client</a>", "retweeted": false, "coordinates": null, "entities": {"symbols": [], "user_mentions": [{"id": 807998719, "indices": [0, 8], "id_str": "807998719", "screen_name": "lalapuj", "name": "Lalapuj"}, {"id": 277501298, "indices": [9, 17], "id_str": "277501298", "screen_name": "Boazziz", "name": "\ufb31\u05d5\u05e2\u05d6\u05d9\u05d6"}, {"id": 46520074, "indices": [18, 33], "id_str": "46520074", "screen_name": "WestJournalism", "name": "Western Journalism"}], "hashtags": [{"indices": [109, 124], "text": "HillaryClinton"}], "urls": []}, "in_reply_to_screen_name": "lalapuj", "in_reply_to_user_id": 807998719, "retweet_count": 1, "id_str": "656826342583857152", "favorited": false, "user": {"follow_request_sent": null, "has_extended_profile": false, "profile_use_background_image": true, "default_profile_image": false, "id": 1492105801, "profile_background_image_url_https": "https://pbs.twimg.com/profile_background_images/378800000053482920/47b5d5263e582ae7ad7ae930128fc86a.jpeg", "verified": false, "profile_text_color": "39BD91", "profile_image_url_https": "https://pbs.twimg.com/profile_images/513291658448748545/CK3Mpq9t_normal.jpeg", "profile_sidebar_fill_color": "0E0D02", "entities": {"description": {"urls": []}}, "followers_count": 882, "profile_sidebar_border_color": "FFFFFF", "id_str": "1492105801", "profile_background_color": "0E0D02", "listed_count": 11, "is_translation_enabled": false, "utc_offset": -14400, "statuses_count": 11077, "description": "Hydrologic/Hydraulic Engineering  Consultant.....\r\nThe problem with communication is the illusion that it has taken place", "friends_count": 1767, "location": "Illinois", "profile_link_color": "895429", "profile_image_url": "http://pbs.twimg.com/profile_images/513291658448748545/CK3Mpq9t_normal.jpeg", "following": null, "geo_enabled": true, "profile_banner_url": "https://pbs.twimg.com/profile_banners/1492105801/1412064071", "profile_background_image_url": "http://pbs.twimg.com/profile_background_images/378800000053482920/47b5d5263e582ae7ad7ae930128fc86a.jpeg", "screen_name": "chasbottom", "lang": "en", "profile_background_tile": true, "favourites_count": 1247, "name": "Milo\u2122", "notifications": null, "url": null, "created_at": "Sat Jun 08 05:53:08 +0000 2013", "contributors_enabled": false, "time_zone": "Eastern Time (US & Canada)", "protected": false, "default_profile": false, "is_translator": false}, "geo": null, "in_reply_to_user_id_str": "807998719", "lang": "en", "created_at": "Wed Oct 21 13:36:17 +0000 2015", "in_reply_to_status_id_str": "656820906849914881", "place": {"full_name": "Illinois, USA", "url": "https://api.twitter.com/1.1/geo/id/f54a2170ff4b15f7.json", "country": "United States", "place_type": "admin", "bounding_box": {"type": "Polygon", "coordinates": [[[-91.51308, 36.970298], [-87.019935, 36.970298], [-87.019935, 42.508303], [-91.51308, 42.508303]]]}, "contained_within": [], "country_code": "US", "attributes": {}, "id": "f54a2170ff4b15f7", "name": "Illinois"}, "metadata": {"iso_language_code": "en", "result_type": "recent"}}, "user": {"follow_request_sent": null, "has_extended_profile": false, "profile_use_background_image": true, "default_profile_image": false, "id": 807998719, "profile_background_image_url_https": "https://abs.twimg.com/images/themes/theme1/bg.png", "verified": false, "profile_text_color": "333333", "profile_image_url_https": "https://pbs.twimg.com/profile_images/533742675506495488/6gw6XMq3_normal.jpeg", "profile_sidebar_fill_color": "DDEEF6", "entities": {"description": {"urls": []}}, "followers_count": 2334, "profile_sidebar_border_color": "C0DEED", "id_str": "807998719", "profile_background_color": "C0DEED", "listed_count": 39, "is_translation_enabled": false, "utc_offset": null, "statuses_count": 14230, "description": "Reagan was right Texas Proud,MidWest Conservative Wife,mom,Ad Exec.,military supporter. Everyone is entitiled to opinion except trolls.", "friends_count": 2200, "location": "", "profile_link_color": "0084B4", "profile_image_url": "http://pbs.twimg.com/profile_images/533742675506495488/6gw6XMq3_normal.jpeg", "following": null, "geo_enabled": false, "profile_banner_url": "https://pbs.twimg.com/profile_banners/807998719/1441180999", "profile_background_image_url": "http://abs.twimg.com/images/themes/theme1/bg.png", "screen_name": "lalapuj", "lang": "en", "profile_background_tile": false, "favourites_count": 3484, "name": "Lalapuj", "notifications": null, "url": null, "created_at": "Fri Sep 07 02:05:46 +0000 2012", "contributors_enabled": false, "time_zone": null, "protected": false, "default_profile": true, "is_translator": false}, "geo": null, "in_reply_to_user_id_str": null, "lang": "en", "created_at": "Wed Oct 21 19:10:56 +0000 2015", "in_reply_to_status_id_str": null, "place": null, "metadata": {"iso_language_code": "en", "result_type": "recent"}}