{"contributors": null, "truncated": false, "text": "#Hillary2016 the 3 o'clock phone call came from Benghazi but Hillary ignored it, she doesn't deserve a chance to ignore a call as president", "is_quote_status": false, "in_reply_to_status_id": null, "id": 656903185131417600, "favorite_count": 0, "source": "<a href=\"http://twitter.com/download/android\" rel=\"nofollow\">Twitter for Android</a>", "retweeted": false, "coordinates": null, "entities": {"symbols": [], "user_mentions": [], "hashtags": [{"indices": [0, 12], "text": "Hillary2016"}], "urls": []}, "in_reply_to_screen_name": null, "in_reply_to_user_id": null, "retweet_count": 0, "id_str": "656903185131417600", "favorited": false, "user": {"follow_request_sent": null, "has_extended_profile": false, "profile_use_background_image": false, "default_profile_image": false, "id": 2354921772, "profile_background_image_url_https": "https://abs.twimg.com/images/themes/theme14/bg.gif", "verified": false, "profile_text_color": "000000", "profile_image_url_https": "https://pbs.twimg.com/profile_images/594594410903437312/C10xEJEs_normal.jpg", "profile_sidebar_fill_color": "000000", "entities": {"description": {"urls": [{"url": "http://t.co/NO2RAPDNMO", "indices": [135, 157], "expanded_url": "http://usfreedomarmy.com", "display_url": "usfreedomarmy.com"}]}}, "followers_count": 911, "profile_sidebar_border_color": "000000", "id_str": "2354921772", "profile_background_color": "000000", "listed_count": 8, "is_translation_enabled": false, "utc_offset": null, "statuses_count": 2697, "description": "Army Veteran, Retired Fire Dept. EMT,  Life member of NRA, Member US Freedom Army, Centralist, Follow doesn't mean I endorse opinions \nhttp://t.co/NO2RAPDNMO", "friends_count": 941, "location": "923-895", "profile_link_color": "DD2E44", "profile_image_url": "http://pbs.twimg.com/profile_images/594594410903437312/C10xEJEs_normal.jpg", "following": null, "geo_enabled": true, "profile_banner_url": "https://pbs.twimg.com/profile_banners/2354921772/1407282749", "profile_background_image_url": "http://abs.twimg.com/images/themes/theme14/bg.gif", "screen_name": "kimball_ron", "lang": "en", "profile_background_tile": false, "favourites_count": 883, "name": "Ron Kimball", "notifications": null, "url": null, "created_at": "Fri Feb 21 15:00:37 +0000 2014", "contributors_enabled": false, "time_zone": null, "protected": false, "default_profile": false, "is_translator": false}, "geo": null, "in_reply_to_user_id_str": null, "lang": "en", "created_at": "Wed Oct 21 18:41:38 +0000 2015", "in_reply_to_status_id_str": null, "place": null, "metadata": {"iso_language_code": "en", "result_type": "recent"}}