{"contributors": null, "truncated": false, "text": "Watson Analytics Twitter Analysis - #DonaldTrump vs #HillaryClinton https://t.co/7anTb6rQOy", "is_quote_status": false, "in_reply_to_status_id": null, "id": 656904869035401216, "favorite_count": 0, "source": "<a href=\"http://www.linkedin.com/\" rel=\"nofollow\">LinkedIn</a>", "retweeted": false, "coordinates": null, "entities": {"symbols": [], "user_mentions": [], "hashtags": [{"indices": [36, 48], "text": "DonaldTrump"}, {"indices": [52, 67], "text": "HillaryClinton"}], "urls": [{"url": "https://t.co/7anTb6rQOy", "indices": [68, 91], "expanded_url": "https://lnkd.in/eCpamBU", "display_url": "lnkd.in/eCpamBU"}]}, "in_reply_to_screen_name": null, "in_reply_to_user_id": null, "retweet_count": 0, "id_str": "656904869035401216", "favorited": false, "user": {"follow_request_sent": null, "has_extended_profile": false, "profile_use_background_image": true, "default_profile_image": false, "id": 1013581880, "profile_background_image_url_https": "https://abs.twimg.com/images/themes/theme1/bg.png", "verified": false, "profile_text_color": "333333", "profile_image_url_https": "https://pbs.twimg.com/profile_images/2990936541/a450fc95109e326a3ea7492f248e19f4_normal.jpeg", "profile_sidebar_fill_color": "DDEEF6", "entities": {"url": {"urls": [{"url": "http://t.co/Tt37G57u", "indices": [0, 20], "expanded_url": "http://www-01.ibm.com/software/data/infosphere/data-explorer/", "display_url": "www-01.ibm.com/software/data/\u2026"}]}, "description": {"urls": []}}, "followers_count": 51, "profile_sidebar_border_color": "C0DEED", "id_str": "1013581880", "profile_background_color": "C0DEED", "listed_count": 3, "is_translation_enabled": false, "utc_offset": 3600, "statuses_count": 50, "description": "Specialist Sales Lead for IBM Watson Explorer & IBM Watson Content Analytics in Europe", "friends_count": 105, "location": "London", "profile_link_color": "0084B4", "profile_image_url": "http://pbs.twimg.com/profile_images/2990936541/a450fc95109e326a3ea7492f248e19f4_normal.jpeg", "following": null, "geo_enabled": true, "profile_banner_url": "https://pbs.twimg.com/profile_banners/1013581880/1400925955", "profile_background_image_url": "http://abs.twimg.com/images/themes/theme1/bg.png", "screen_name": "TheDataExplorer", "lang": "en", "profile_background_tile": false, "favourites_count": 0, "name": "Trevor Tucker", "notifications": null, "url": "http://t.co/Tt37G57u", "created_at": "Sat Dec 15 17:05:51 +0000 2012", "contributors_enabled": false, "time_zone": "London", "protected": false, "default_profile": true, "is_translator": false}, "geo": null, "in_reply_to_user_id_str": null, "possibly_sensitive": true, "lang": "en", "created_at": "Wed Oct 21 18:48:20 +0000 2015", "in_reply_to_status_id_str": null, "place": null, "metadata": {"iso_language_code": "en", "result_type": "recent"}}