{"contributors": null, "truncated": false, "text": "RT @michaeljohns: #Obama administration scurries to seal #HillaryClinton #Whitewater indictment:\n\nhttps://t.co/bofAxSLw1T\n\n#Trump2016 #NoHi\u2026", "is_quote_status": false, "in_reply_to_status_id": null, "id": 656900870643159040, "favorite_count": 0, "source": "<a href=\"http://twitter.com/download/iphone\" rel=\"nofollow\">Twitter for iPhone</a>", "retweeted": false, "coordinates": null, "entities": {"symbols": [], "user_mentions": [{"id": 14828860, "indices": [3, 16], "id_str": "14828860", "screen_name": "michaeljohns", "name": "Michael Johns"}], "hashtags": [{"indices": [18, 24], "text": "Obama"}, {"indices": [57, 72], "text": "HillaryClinton"}, {"indices": [73, 84], "text": "Whitewater"}, {"indices": [123, 133], "text": "Trump2016"}, {"indices": [134, 140], "text": "NoHillary"}, {"indices": [139, 140], "text": "TeaParty"}], "urls": [{"url": "https://t.co/bofAxSLw1T", "indices": [98, 121], "expanded_url": "http://goo.gl/shzbl6", "display_url": "goo.gl/shzbl6"}]}, "in_reply_to_screen_name": null, "in_reply_to_user_id": null, "retweet_count": 18, "id_str": "656900870643159040", "favorited": false, "retweeted_status": {"contributors": null, "truncated": false, "text": "#Obama administration scurries to seal #HillaryClinton #Whitewater indictment:\n\nhttps://t.co/bofAxSLw1T\n\n#Trump2016 #NoHillary #TeaParty", "is_quote_status": false, "in_reply_to_status_id": null, "id": 656892723790635008, "favorite_count": 9, "source": "<a href=\"http://twitter.com\" rel=\"nofollow\">Twitter Web Client</a>", "retweeted": false, "coordinates": null, "entities": {"symbols": [], "user_mentions": [], "hashtags": [{"indices": [0, 6], "text": "Obama"}, {"indices": [39, 54], "text": "HillaryClinton"}, {"indices": [55, 66], "text": "Whitewater"}, {"indices": [105, 115], "text": "Trump2016"}, {"indices": [116, 126], "text": "NoHillary"}, {"indices": [127, 136], "text": "TeaParty"}], "urls": [{"url": "https://t.co/bofAxSLw1T", "indices": [80, 103], "expanded_url": "http://goo.gl/shzbl6", "display_url": "goo.gl/shzbl6"}]}, "in_reply_to_screen_name": null, "in_reply_to_user_id": null, "retweet_count": 18, "id_str": "656892723790635008", "favorited": false, "user": {"follow_request_sent": null, "has_extended_profile": true, "profile_use_background_image": true, "default_profile_image": false, "id": 14828860, "profile_background_image_url_https": "https://pbs.twimg.com/profile_background_images/627924002/iadbs7pldv96gyd2ur9k.jpeg", "verified": false, "profile_text_color": "080808", "profile_image_url_https": "https://pbs.twimg.com/profile_images/444465178457808896/FqQbsLfv_normal.jpeg", "profile_sidebar_fill_color": "ADADAD", "entities": {"url": {"urls": [{"url": "http://t.co/72fPjGiiil", "indices": [0, 22], "expanded_url": "http://linkedin.com/in/michaeljohns", "display_url": "linkedin.com/in/michaeljohns"}]}, "description": {"urls": []}}, "followers_count": 97750, "profile_sidebar_border_color": "BDDCAD", "id_str": "14828860", "profile_background_color": "9AE4E8", "listed_count": 1782, "is_translation_enabled": false, "utc_offset": -14400, "statuses_count": 14363, "description": "#Healthcare executive, #TeaParty leader, commentator. Former @WhiteHouse speechwriter and @Heritage policy analyst. @UnivMiami grad. Phone/text: (609) 670-8142.", "friends_count": 73769, "location": "New Jersey, USA", "profile_link_color": "940025", "profile_image_url": "http://pbs.twimg.com/profile_images/444465178457808896/FqQbsLfv_normal.jpeg", "following": null, "geo_enabled": true, "profile_banner_url": "https://pbs.twimg.com/profile_banners/14828860/1394755616", "profile_background_image_url": "http://pbs.twimg.com/profile_background_images/627924002/iadbs7pldv96gyd2ur9k.jpeg", "screen_name": "michaeljohns", "lang": "en", "profile_background_tile": true, "favourites_count": 2480, "name": "Michael Johns", "notifications": null, "url": "http://t.co/72fPjGiiil", "created_at": "Mon May 19 05:06:21 +0000 2008", "contributors_enabled": false, "time_zone": "Eastern Time (US & Canada)", "protected": false, "default_profile": false, "is_translator": false}, "geo": null, "in_reply_to_user_id_str": null, "possibly_sensitive": false, "lang": "en", "created_at": "Wed Oct 21 18:00:04 +0000 2015", "in_reply_to_status_id_str": null, "place": null, "metadata": {"iso_language_code": "en", "result_type": "recent"}}, "user": {"follow_request_sent": null, "has_extended_profile": false, "profile_use_background_image": true, "default_profile_image": false, "id": 3110364996, "profile_background_image_url_https": "https://pbs.twimg.com/profile_background_images/595817218971054080/fetutb8x.jpg", "verified": false, "profile_text_color": "000000", "profile_image_url_https": "https://pbs.twimg.com/profile_images/656980104510238720/WGHrFVOi_normal.jpg", "profile_sidebar_fill_color": "000000", "entities": {"url": {"urls": [{"url": "https://t.co/CdVuQ4X8n6", "indices": [0, 23], "expanded_url": "http://8ch.net/pol/", "display_url": "8ch.net/pol/"}]}, "description": {"urls": []}}, "followers_count": 324, "profile_sidebar_border_color": "000000", "id_str": "3110364996", "profile_background_color": "000000", "listed_count": 1, "is_translation_enabled": false, "utc_offset": -25200, "statuses_count": 350, "description": "Alt-right shitlord thirsty for liberal tears.", "friends_count": 354, "location": "United States", "profile_link_color": "000000", "profile_image_url": "http://pbs.twimg.com/profile_images/656980104510238720/WGHrFVOi_normal.jpg", "following": null, "geo_enabled": false, "profile_banner_url": "https://pbs.twimg.com/profile_banners/3110364996/1432965545", "profile_background_image_url": "http://pbs.twimg.com/profile_background_images/595817218971054080/fetutb8x.jpg", "screen_name": "Reinegen", "lang": "en", "profile_background_tile": true, "favourites_count": 628, "name": "\u2608EINEGEN", "notifications": null, "url": "https://t.co/CdVuQ4X8n6", "created_at": "Fri Mar 27 16:00:05 +0000 2015", "contributors_enabled": false, "time_zone": "Pacific Time (US & Canada)", "protected": false, "default_profile": false, "is_translator": false}, "geo": null, "in_reply_to_user_id_str": null, "possibly_sensitive": false, "lang": "en", "created_at": "Wed Oct 21 18:32:26 +0000 2015", "in_reply_to_status_id_str": null, "place": null, "metadata": {"iso_language_code": "en", "result_type": "recent"}}