{"contributors": null, "truncated": false, "text": "I don't think a #Biden candidacy would've helped #HillaryClinton. For 1 thing, they'd have had to attack each other. https://t.co/rXhZUTl7qo", "is_quote_status": true, "in_reply_to_status_id": null, "id": 656911794586431488, "favorite_count": 0, "entities": {"symbols": [], "user_mentions": [], "hashtags": [{"indices": [16, 22], "text": "Biden"}, {"indices": [49, 64], "text": "HillaryClinton"}], "urls": [{"url": "https://t.co/rXhZUTl7qo", "indices": [117, 140], "expanded_url": "https://twitter.com/MichaelLaRosaDC/status/656910301573550080", "display_url": "twitter.com/MichaelLaRosaD\u2026"}]}, "quoted_status_id": 656910301573550080, "retweeted": false, "coordinates": null, "quoted_status": {"contributors": null, "truncated": false, "text": "Carville says Hillary would have been better off with Biden in the race on @msnbc", "is_quote_status": false, "in_reply_to_status_id": null, "id": 656910301573550080, "favorite_count": 2, "source": "<a href=\"http://twitter.com\" rel=\"nofollow\">Twitter Web Client</a>", "retweeted": false, "coordinates": null, "entities": {"symbols": [], "user_mentions": [{"id": 2836421, "indices": [75, 81], "id_str": "2836421", "screen_name": "MSNBC", "name": "MSNBC"}], "hashtags": [], "urls": []}, "in_reply_to_screen_name": null, "in_reply_to_user_id": null, "retweet_count": 1, "id_str": "656910301573550080", "favorited": false, "user": {"follow_request_sent": null, "has_extended_profile": false, "profile_use_background_image": true, "default_profile_image": false, "id": 269314519, "profile_background_image_url_https": "https://pbs.twimg.com/profile_background_images/220717255/Swimmingpool2.jpg", "verified": false, "profile_text_color": "333333", "profile_image_url_https": "https://pbs.twimg.com/profile_images/525411888398479360/dwKxMgMD_normal.jpeg", "profile_sidebar_fill_color": "DDEEF6", "entities": {"url": {"urls": [{"url": "https://t.co/MU4TE2BVJo", "indices": [0, 23], "expanded_url": "https://instagram.com/michaellarosa/", "display_url": "instagram.com/michaellarosa/"}]}, "description": {"urls": []}}, "followers_count": 3385, "profile_sidebar_border_color": "FFFFFF", "id_str": "269314519", "profile_background_color": "0A1B24", "listed_count": 115, "is_translation_enabled": false, "utc_offset": -18000, "statuses_count": 19966, "description": "@Hardball Producer, Ex Cap Hill Aide, Retired @BIGEAST swimmer, @SetonHall (BA) & @AU_SPA (MA), from Easton,Pa Tweets/Opinions are my own.", "friends_count": 2727, "location": "Washington, DC", "profile_link_color": "0074B3", "profile_image_url": "http://pbs.twimg.com/profile_images/525411888398479360/dwKxMgMD_normal.jpeg", "following": null, "geo_enabled": true, "profile_banner_url": "https://pbs.twimg.com/profile_banners/269314519/1398252024", "profile_background_image_url": "http://pbs.twimg.com/profile_background_images/220717255/Swimmingpool2.jpg", "screen_name": "MichaelLaRosaDC", "lang": "en", "profile_background_tile": true, "favourites_count": 259, "name": "Michael LaRosa", "notifications": null, "url": "https://t.co/MU4TE2BVJo", "created_at": "Sun Mar 20 14:35:56 +0000 2011", "contributors_enabled": false, "time_zone": "Quito", "protected": false, "default_profile": false, "is_translator": false}, "geo": null, "in_reply_to_user_id_str": null, "lang": "en", "created_at": "Wed Oct 21 19:09:55 +0000 2015", "in_reply_to_status_id_str": null, "place": null, "metadata": {"iso_language_code": "en", "result_type": "recent"}}, "source": "<a href=\"http://twitter.com\" rel=\"nofollow\">Twitter Web Client</a>", "in_reply_to_screen_name": null, "in_reply_to_user_id": null, "retweet_count": 0, "id_str": "656911794586431488", "favorited": false, "user": {"follow_request_sent": null, "has_extended_profile": true, "profile_use_background_image": true, "default_profile_image": false, "id": 2463820162, "profile_background_image_url_https": "https://abs.twimg.com/images/themes/theme1/bg.png", "verified": false, "profile_text_color": "333333", "profile_image_url_https": "https://pbs.twimg.com/profile_images/647428381982617600/qqEVvp52_normal.jpg", "profile_sidebar_fill_color": "DDEEF6", "entities": {"url": {"urls": [{"url": "https://t.co/bWOM3PH3Ei", "indices": [0, 23], "expanded_url": "https://matthewraskob.wordpress.com/", "display_url": "matthewraskob.wordpress.com"}]}, "description": {"urls": []}}, "followers_count": 265, "profile_sidebar_border_color": "C0DEED", "id_str": "2463820162", "profile_background_color": "C0DEED", "listed_count": 9, "is_translation_enabled": false, "utc_offset": -14400, "statuses_count": 407, "description": "Policy wonk & New Democrat. Opposed to anti-intellectualism, extremism, & bigotry everywhere. Interested in history, literature, & law. Studying at @DukeU.", "friends_count": 1361, "location": "Madison, WI & Durham, NC ", "profile_link_color": "0084B4", "profile_image_url": "http://pbs.twimg.com/profile_images/647428381982617600/qqEVvp52_normal.jpg", "following": null, "geo_enabled": true, "profile_banner_url": "https://pbs.twimg.com/profile_banners/2463820162/1444536256", "profile_background_image_url": "http://abs.twimg.com/images/themes/theme1/bg.png", "screen_name": "MatthewRaskob", "lang": "en", "profile_background_tile": false, "favourites_count": 4510, "name": "Matthew Raskob", "notifications": null, "url": "https://t.co/bWOM3PH3Ei", "created_at": "Sun Apr 06 02:38:19 +0000 2014", "contributors_enabled": false, "time_zone": "Eastern Time (US & Canada)", "protected": false, "default_profile": true, "is_translator": false}, "geo": null, "in_reply_to_user_id_str": null, "possibly_sensitive": false, "lang": "en", "created_at": "Wed Oct 21 19:15:51 +0000 2015", "quoted_status_id_str": "656910301573550080", "in_reply_to_status_id_str": null, "place": null, "metadata": {"iso_language_code": "en", "result_type": "recent"}}