{"contributors": null, "truncated": false, "text": "RT @usanews21: CIA: Secret source in Hillary Clinton email was no secret https://t.co/DyGQZmeQ3h\n#HillaryClinton #HillaryEmail https://t.co\u2026", "is_quote_status": false, "in_reply_to_status_id": null, "id": 656909962111651840, "favorite_count": 0, "source": "<a href=\"http://twitter.com\" rel=\"nofollow\">Twitter Web Client</a>", "retweeted": false, "coordinates": null, "entities": {"symbols": [], "user_mentions": [{"id": 3266656489, "indices": [3, 13], "id_str": "3266656489", "screen_name": "usanews21", "name": "USA NEWS 21"}], "hashtags": [{"indices": [97, 112], "text": "HillaryClinton"}, {"indices": [113, 126], "text": "HillaryEmail"}], "urls": [{"url": "https://t.co/DyGQZmeQ3h", "indices": [73, 96], "expanded_url": "http://bit.ly/1M3ynki", "display_url": "bit.ly/1M3ynki"}], "media": [{"source_user_id": 3266656489, "source_status_id_str": "656299805795201024", "expanded_url": "http://twitter.com/usanews21/status/656299805795201024/photo/1", "display_url": "pic.twitter.com/7aGiGT4cyj", "url": "https://t.co/7aGiGT4cyj", "media_url_https": "https://pbs.twimg.com/media/CRulMbnVEAA1Z5B.jpg", "source_user_id_str": "3266656489", "source_status_id": 656299805795201024, "id_str": "656299803702267904", "sizes": {"small": {"h": 199, "resize": "fit", "w": 340}, "large": {"h": 378, "resize": "fit", "w": 643}, "medium": {"h": 352, "resize": "fit", "w": 600}, "thumb": {"h": 150, "resize": "crop", "w": 150}}, "indices": [139, 140], "type": "photo", "id": 656299803702267904, "media_url": "http://pbs.twimg.com/media/CRulMbnVEAA1Z5B.jpg"}]}, "in_reply_to_screen_name": null, "in_reply_to_user_id": null, "retweet_count": 3, "id_str": "656909962111651840", "favorited": false, "retweeted_status": {"contributors": null, "truncated": false, "text": "CIA: Secret source in Hillary Clinton email was no secret https://t.co/DyGQZmeQ3h\n#HillaryClinton #HillaryEmail https://t.co/7aGiGT4cyj", "is_quote_status": false, "in_reply_to_status_id": null, "id": 656299805795201024, "favorite_count": 2, "source": "<a href=\"http://twitter.com\" rel=\"nofollow\">Twitter Web Client</a>", "retweeted": false, "coordinates": null, "entities": {"symbols": [], "user_mentions": [], "hashtags": [{"indices": [82, 97], "text": "HillaryClinton"}, {"indices": [98, 111], "text": "HillaryEmail"}], "urls": [{"url": "https://t.co/DyGQZmeQ3h", "indices": [58, 81], "expanded_url": "http://bit.ly/1M3ynki", "display_url": "bit.ly/1M3ynki"}], "media": [{"expanded_url": "http://twitter.com/usanews21/status/656299805795201024/photo/1", "display_url": "pic.twitter.com/7aGiGT4cyj", "url": "https://t.co/7aGiGT4cyj", "media_url_https": "https://pbs.twimg.com/media/CRulMbnVEAA1Z5B.jpg", "id_str": "656299803702267904", "sizes": {"small": {"h": 199, "resize": "fit", "w": 340}, "large": {"h": 378, "resize": "fit", "w": 643}, "medium": {"h": 352, "resize": "fit", "w": 600}, "thumb": {"h": 150, "resize": "crop", "w": 150}}, "indices": [112, 135], "type": "photo", "id": 656299803702267904, "media_url": "http://pbs.twimg.com/media/CRulMbnVEAA1Z5B.jpg"}]}, "in_reply_to_screen_name": null, "in_reply_to_user_id": null, "retweet_count": 3, "id_str": "656299805795201024", "favorited": false, "user": {"follow_request_sent": null, "has_extended_profile": false, "profile_use_background_image": true, "default_profile_image": false, "id": 3266656489, "profile_background_image_url_https": "https://abs.twimg.com/images/themes/theme1/bg.png", "verified": false, "profile_text_color": "333333", "profile_image_url_https": "https://pbs.twimg.com/profile_images/617492332498137088/GVmuJ96p_normal.jpg", "profile_sidebar_fill_color": "DDEEF6", "entities": {"url": {"urls": [{"url": "http://t.co/c5TuuP5LIH", "indices": [0, 22], "expanded_url": "http://www.usanews21.com/", "display_url": "usanews21.com"}]}, "description": {"urls": []}}, "followers_count": 27, "profile_sidebar_border_color": "C0DEED", "id_str": "3266656489", "profile_background_color": "C0DEED", "listed_count": 10, "is_translation_enabled": false, "utc_offset": null, "statuses_count": 1069, "description": "USA NEWS 21-online news source. It provides, entertainment, celebrity gossip, usa news, technology, royals, lifestyle, business, fashion & style and auto news.", "friends_count": 225, "location": "United States", "profile_link_color": "0084B4", "profile_image_url": "http://pbs.twimg.com/profile_images/617492332498137088/GVmuJ96p_normal.jpg", "following": null, "geo_enabled": false, "profile_banner_url": "https://pbs.twimg.com/profile_banners/3266656489/1437104305", "profile_background_image_url": "http://abs.twimg.com/images/themes/theme1/bg.png", "screen_name": "usanews21", "lang": "en-gb", "profile_background_tile": false, "favourites_count": 0, "name": "USA NEWS 21", "notifications": null, "url": "http://t.co/c5TuuP5LIH", "created_at": "Fri Jul 03 01:19:15 +0000 2015", "contributors_enabled": false, "time_zone": null, "protected": false, "default_profile": true, "is_translator": false}, "geo": null, "in_reply_to_user_id_str": null, "possibly_sensitive": false, "lang": "en", "created_at": "Tue Oct 20 02:44:01 +0000 2015", "in_reply_to_status_id_str": null, "place": null, "metadata": {"iso_language_code": "en", "result_type": "recent"}}, "user": {"follow_request_sent": null, "has_extended_profile": false, "profile_use_background_image": true, "default_profile_image": false, "id": 53999460, "profile_background_image_url_https": "https://pbs.twimg.com/profile_background_images/560688218694115329/jXYsPUfI.jpeg", "verified": false, "profile_text_color": "050505", "profile_image_url_https": "https://pbs.twimg.com/profile_images/590248716449095680/9Axv1wKY_normal.png", "profile_sidebar_fill_color": "C2C9B5", "entities": {"description": {"urls": []}}, "followers_count": 5047, "profile_sidebar_border_color": "FFFFFF", "id_str": "53999460", "profile_background_color": "0A0909", "listed_count": 175, "is_translation_enabled": false, "utc_offset": -18000, "statuses_count": 131807, "description": "The Constitution is NOT an instrument 4the govm'nt 2 restrain the people it is an instrument 4the PEOPLE 2restrain the govm'nt\u2013P.Henry #Reagan #Palin #Cruz #2A", "friends_count": 4317, "location": "#RKBA in fly-over", "profile_link_color": "A80C35", "profile_image_url": "http://pbs.twimg.com/profile_images/590248716449095680/9Axv1wKY_normal.png", "following": null, "geo_enabled": false, "profile_banner_url": "https://pbs.twimg.com/profile_banners/53999460/1355987009", "profile_background_image_url": "http://pbs.twimg.com/profile_background_images/560688218694115329/jXYsPUfI.jpeg", "screen_name": "GlockLady", "lang": "en", "profile_background_tile": true, "favourites_count": 8222, "name": "GlockLady CRUZr", "notifications": null, "url": null, "created_at": "Sun Jul 05 20:37:05 +0000 2009", "contributors_enabled": false, "time_zone": "Central Time (US & Canada)", "protected": false, "default_profile": false, "is_translator": false}, "geo": null, "in_reply_to_user_id_str": null, "possibly_sensitive": false, "lang": "en", "created_at": "Wed Oct 21 19:08:34 +0000 2015", "in_reply_to_status_id_str": null, "place": null, "metadata": {"iso_language_code": "en", "result_type": "recent"}}