{"contributors": null, "truncated": false, "text": "RT @Spain4Hillary: \"@HillaryClinton, se\u00f1ora presidenta\". \n\nMujer y liderazgo en @VogueSpain #Hillary2016 http://t.co/eU6kyYxkRY http://t.co\u2026", "is_quote_status": false, "in_reply_to_status_id": null, "id": 656908665845346305, "favorite_count": 0, "source": "<a href=\"http://twitter.com/download/iphone\" rel=\"nofollow\">Twitter for iPhone</a>", "retweeted": false, "coordinates": null, "entities": {"symbols": [], "user_mentions": [{"id": 3342897953, "indices": [3, 17], "id_str": "3342897953", "screen_name": "Spain4Hillary", "name": "Spain for Hillary"}, {"id": 1339835893, "indices": [20, 35], "id_str": "1339835893", "screen_name": "HillaryClinton", "name": "Hillary Clinton"}, {"id": 33906088, "indices": [80, 91], "id_str": "33906088", "screen_name": "VogueSpain", "name": "Vogue Espa\u00f1a"}], "hashtags": [{"indices": [92, 104], "text": "Hillary2016"}], "urls": [{"url": "http://t.co/eU6kyYxkRY", "indices": [105, 127], "expanded_url": "http://www.alanamoceri.com/files/hillaryclinton.pdf", "display_url": "alanamoceri.com/files/hillaryc\u2026"}], "media": [{"source_user_id": 3342897953, "source_status_id_str": "616653776896679936", "expanded_url": "http://twitter.com/Spain4Hillary/status/616653776896679936/photo/1", "display_url": "pic.twitter.com/ys1CJ87XqQ", "url": "http://t.co/ys1CJ87XqQ", "media_url_https": "https://pbs.twimg.com/media/CI7LVw_XAAAKnEn.png", "source_user_id_str": "3342897953", "source_status_id": 616653776896679936, "id_str": "616653773784678400", "sizes": {"large": {"h": 587, "resize": "fit", "w": 798}, "small": {"h": 250, "resize": "fit", "w": 340}, "medium": {"h": 441, "resize": "fit", "w": 600}, "thumb": {"h": 150, "resize": "crop", "w": 150}}, "indices": [139, 140], "type": "photo", "id": 616653773784678400, "media_url": "http://pbs.twimg.com/media/CI7LVw_XAAAKnEn.png"}]}, "in_reply_to_screen_name": null, "in_reply_to_user_id": null, "retweet_count": 12, "id_str": "656908665845346305", "favorited": false, "retweeted_status": {"contributors": null, "truncated": false, "text": "\"@HillaryClinton, se\u00f1ora presidenta\". \n\nMujer y liderazgo en @VogueSpain #Hillary2016 http://t.co/eU6kyYxkRY http://t.co/ys1CJ87XqQ", "is_quote_status": false, "in_reply_to_status_id": 616649314899755008, "id": 616653776896679936, "favorite_count": 8, "source": "<a href=\"http://twitter.com\" rel=\"nofollow\">Twitter Web Client</a>", "retweeted": false, "coordinates": null, "entities": {"symbols": [], "user_mentions": [{"id": 1339835893, "indices": [1, 16], "id_str": "1339835893", "screen_name": "HillaryClinton", "name": "Hillary Clinton"}, {"id": 33906088, "indices": [61, 72], "id_str": "33906088", "screen_name": "VogueSpain", "name": "Vogue Espa\u00f1a"}], "hashtags": [{"indices": [73, 85], "text": "Hillary2016"}], "urls": [{"url": "http://t.co/eU6kyYxkRY", "indices": [86, 108], "expanded_url": "http://www.alanamoceri.com/files/hillaryclinton.pdf", "display_url": "alanamoceri.com/files/hillaryc\u2026"}], "media": [{"expanded_url": "http://twitter.com/Spain4Hillary/status/616653776896679936/photo/1", "display_url": "pic.twitter.com/ys1CJ87XqQ", "url": "http://t.co/ys1CJ87XqQ", "media_url_https": "https://pbs.twimg.com/media/CI7LVw_XAAAKnEn.png", "id_str": "616653773784678400", "sizes": {"large": {"h": 587, "resize": "fit", "w": 798}, "small": {"h": 250, "resize": "fit", "w": 340}, "medium": {"h": 441, "resize": "fit", "w": 600}, "thumb": {"h": 150, "resize": "crop", "w": 150}}, "indices": [109, 131], "type": "photo", "id": 616653773784678400, "media_url": "http://pbs.twimg.com/media/CI7LVw_XAAAKnEn.png"}]}, "in_reply_to_screen_name": "Spain4Hillary", "in_reply_to_user_id": 3342897953, "retweet_count": 12, "id_str": "616653776896679936", "favorited": false, "user": {"follow_request_sent": null, "has_extended_profile": false, "profile_use_background_image": true, "default_profile_image": false, "id": 3342897953, "profile_background_image_url_https": "https://abs.twimg.com/images/themes/theme12/bg.gif", "verified": false, "profile_text_color": "000000", "profile_image_url_https": "https://pbs.twimg.com/profile_images/617618959953739776/50k5Sizy_normal.jpg", "profile_sidebar_fill_color": "000000", "entities": {"url": {"urls": [{"url": "https://t.co/aoXFDjYigO", "indices": [0, 23], "expanded_url": "https://www.facebook.com/spain4hillary", "display_url": "facebook.com/spain4hillary"}]}, "description": {"urls": []}}, "followers_count": 117, "profile_sidebar_border_color": "000000", "id_str": "3342897953", "profile_background_color": "BADFCD", "listed_count": 6, "is_translation_enabled": false, "utc_offset": -25200, "statuses_count": 95, "description": "Supporting @HillaryClinton for President in 2016 from Spain / Apoyando la campa\u00f1a presidencial de @HillaryClinton desde Espa\u00f1a / por @alanamoceri @astridportero", "friends_count": 519, "location": "Espa\u00f1a", "profile_link_color": "3B94D9", "profile_image_url": "http://pbs.twimg.com/profile_images/617618959953739776/50k5Sizy_normal.jpg", "following": null, "geo_enabled": false, "profile_banner_url": "https://pbs.twimg.com/profile_banners/3342897953/1445448000", "profile_background_image_url": "http://abs.twimg.com/images/themes/theme12/bg.gif", "screen_name": "Spain4Hillary", "lang": "es", "profile_background_tile": false, "favourites_count": 3, "name": "Spain for Hillary", "notifications": null, "url": "https://t.co/aoXFDjYigO", "created_at": "Tue Jun 23 17:06:16 +0000 2015", "contributors_enabled": false, "time_zone": "Pacific Time (US & Canada)", "protected": false, "default_profile": false, "is_translator": false}, "geo": null, "in_reply_to_user_id_str": "3342897953", "possibly_sensitive": false, "lang": "es", "created_at": "Thu Jul 02 17:04:51 +0000 2015", "in_reply_to_status_id_str": "616649314899755008", "place": null, "metadata": {"iso_language_code": "es", "result_type": "recent"}}, "user": {"follow_request_sent": null, "has_extended_profile": false, "profile_use_background_image": true, "default_profile_image": false, "id": 2951985671, "profile_background_image_url_https": "https://abs.twimg.com/images/themes/theme1/bg.png", "verified": false, "profile_text_color": "333333", "profile_image_url_https": "https://pbs.twimg.com/profile_images/550207118398455808/gulvVbgT_normal.jpeg", "profile_sidebar_fill_color": "DDEEF6", "entities": {"description": {"urls": []}}, "followers_count": 134, "profile_sidebar_border_color": "C0DEED", "id_str": "2951985671", "profile_background_color": "C0DEED", "listed_count": 30, "is_translation_enabled": false, "utc_offset": 7200, "statuses_count": 434, "description": "Apasionada de los retos aparentemente inalcanzables. Actitud Can Do", "friends_count": 150, "location": "Espa\u00f1a - Madrid", "profile_link_color": "0084B4", "profile_image_url": "http://pbs.twimg.com/profile_images/550207118398455808/gulvVbgT_normal.jpeg", "following": null, "geo_enabled": true, "profile_banner_url": "https://pbs.twimg.com/profile_banners/2951985671/1441830088", "profile_background_image_url": "http://abs.twimg.com/images/themes/theme1/bg.png", "screen_name": "RoSGij", "lang": "es", "profile_background_tile": false, "favourites_count": 689, "name": "Rocio Saenz", "notifications": null, "url": null, "created_at": "Tue Dec 30 22:15:58 +0000 2014", "contributors_enabled": false, "time_zone": "Madrid", "protected": false, "default_profile": true, "is_translator": false}, "geo": null, "in_reply_to_user_id_str": null, "possibly_sensitive": false, "lang": "es", "created_at": "Wed Oct 21 19:03:25 +0000 2015", "in_reply_to_status_id_str": null, "place": null, "metadata": {"iso_language_code": "es", "result_type": "recent"}}