{"contributors": null, "truncated": false, "text": "RT @PunditReview: BREAKING: Democrats stuck with #HillaryClinton", "is_quote_status": false, "in_reply_to_status_id": null, "id": 656905709611798528, "favorite_count": 0, "source": "<a href=\"http://twitter.com/download/iphone\" rel=\"nofollow\">Twitter for iPhone</a>", "retweeted": false, "coordinates": null, "entities": {"symbols": [], "user_mentions": [{"id": 18804231, "indices": [3, 16], "id_str": "18804231", "screen_name": "PunditReview", "name": "Pundit Review"}], "hashtags": [{"indices": [49, 64], "text": "HillaryClinton"}], "urls": []}, "in_reply_to_screen_name": null, "in_reply_to_user_id": null, "retweet_count": 1, "id_str": "656905709611798528", "favorited": false, "retweeted_status": {"contributors": null, "truncated": false, "text": "BREAKING: Democrats stuck with #HillaryClinton", "is_quote_status": false, "in_reply_to_status_id": null, "id": 656866381095391232, "favorite_count": 3, "source": "<a href=\"https://about.twitter.com/products/tweetdeck\" rel=\"nofollow\">TweetDeck</a>", "retweeted": false, "coordinates": null, "entities": {"symbols": [], "user_mentions": [], "hashtags": [{"indices": [31, 46], "text": "HillaryClinton"}], "urls": []}, "in_reply_to_screen_name": null, "in_reply_to_user_id": null, "retweet_count": 1, "id_str": "656866381095391232", "favorited": false, "user": {"follow_request_sent": null, "has_extended_profile": false, "profile_use_background_image": true, "default_profile_image": false, "id": 18804231, "profile_background_image_url_https": "https://pbs.twimg.com/profile_background_images/378800000022268304/8a7ddcc9f17a9acf185b4a71f2796516.gif", "verified": false, "profile_text_color": "333333", "profile_image_url_https": "https://pbs.twimg.com/profile_images/618425648344907776/pwCy1GF3_normal.jpg", "profile_sidebar_fill_color": "DDEEF6", "entities": {"url": {"urls": [{"url": "http://t.co/OBejTSiUqq", "indices": [0, 22], "expanded_url": "http://www.punditreview.com", "display_url": "punditreview.com"}]}, "description": {"urls": []}}, "followers_count": 2564, "profile_sidebar_border_color": "FFFFFF", "id_str": "18804231", "profile_background_color": "C0DEED", "listed_count": 152, "is_translation_enabled": false, "utc_offset": -14400, "statuses_count": 48741, "description": "National Politics and #MApoli, Sports, Investing, #GratefulDead", "friends_count": 1019, "location": "Boston", "profile_link_color": "0084B4", "profile_image_url": "http://pbs.twimg.com/profile_images/618425648344907776/pwCy1GF3_normal.jpg", "following": null, "geo_enabled": true, "profile_banner_url": "https://pbs.twimg.com/profile_banners/18804231/1398197384", "profile_background_image_url": "http://pbs.twimg.com/profile_background_images/378800000022268304/8a7ddcc9f17a9acf185b4a71f2796516.gif", "screen_name": "PunditReview", "lang": "en", "profile_background_tile": true, "favourites_count": 1128, "name": "Pundit Review", "notifications": null, "url": "http://t.co/OBejTSiUqq", "created_at": "Fri Jan 09 15:38:35 +0000 2009", "contributors_enabled": false, "time_zone": "Eastern Time (US & Canada)", "protected": false, "default_profile": false, "is_translator": false}, "geo": null, "in_reply_to_user_id_str": null, "lang": "en", "created_at": "Wed Oct 21 16:15:23 +0000 2015", "in_reply_to_status_id_str": null, "place": null, "metadata": {"iso_language_code": "en", "result_type": "recent"}}, "user": {"follow_request_sent": null, "has_extended_profile": false, "profile_use_background_image": true, "default_profile_image": false, "id": 399703982, "profile_background_image_url_https": "https://abs.twimg.com/images/themes/theme14/bg.gif", "verified": false, "profile_text_color": "333333", "profile_image_url_https": "https://pbs.twimg.com/profile_images/648229680651333632/t82_YJOG_normal.jpg", "profile_sidebar_fill_color": "EFEFEF", "entities": {"description": {"urls": []}}, "followers_count": 5093, "profile_sidebar_border_color": "EEEEEE", "id_str": "399703982", "profile_background_color": "131516", "listed_count": 181, "is_translation_enabled": false, "utc_offset": -14400, "statuses_count": 157064, "description": "I'm an @AnnCoulter single-issue voter. #BlueLivesMatter #MAKEAMERICAGREATAGAIN #NoHillary2016 #StopHillary2016 1/20/17", "friends_count": 5600, "location": "Massachusetts ", "profile_link_color": "009999", "profile_image_url": "http://pbs.twimg.com/profile_images/648229680651333632/t82_YJOG_normal.jpg", "following": null, "geo_enabled": true, "profile_banner_url": "https://pbs.twimg.com/profile_banners/399703982/1428268128", "profile_background_image_url": "http://abs.twimg.com/images/themes/theme14/bg.gif", "screen_name": "JoeDunn8", "lang": "en", "profile_background_tile": true, "favourites_count": 80104, "name": "Joe Dunn", "notifications": null, "url": null, "created_at": "Thu Oct 27 22:25:08 +0000 2011", "contributors_enabled": false, "time_zone": "Eastern Time (US & Canada)", "protected": false, "default_profile": false, "is_translator": false}, "geo": null, "in_reply_to_user_id_str": null, "lang": "en", "created_at": "Wed Oct 21 18:51:40 +0000 2015", "in_reply_to_status_id_str": null, "place": null, "metadata": {"iso_language_code": "en", "result_type": "recent"}}