{"contributors": null, "truncated": false, "text": "Now the big question: who will be back? #Biden #Hillary2016  https://t.co/NiWTT7NPyS", "is_quote_status": true, "in_reply_to_status_id": null, "id": 656901834485997568, "favorite_count": 0, "entities": {"symbols": [], "user_mentions": [], "hashtags": [{"indices": [40, 46], "text": "Biden"}, {"indices": [47, 59], "text": "Hillary2016"}], "urls": [{"url": "https://t.co/NiWTT7NPyS", "indices": [61, 84], "expanded_url": "https://twitter.com/politico/status/656893735733731332", "display_url": "twitter.com/politico/statu\u2026"}]}, "quoted_status_id": 656893735733731332, "retweeted": false, "coordinates": null, "quoted_status": {"contributors": null, "truncated": false, "text": "WATCH: Joe Biden announces that he will not run for the presidency https://t.co/dXDO3Fm8J9 https://t.co/dNn53IsMAy", "is_quote_status": false, "in_reply_to_status_id": null, "id": 656893735733731332, "favorite_count": 21, "source": "<a href=\"http://www.socialflow.com\" rel=\"nofollow\">SocialFlow</a>", "retweeted": false, "coordinates": null, "entities": {"symbols": [], "user_mentions": [], "hashtags": [], "urls": [{"url": "https://t.co/dXDO3Fm8J9", "indices": [67, 90], "expanded_url": "http://politi.co/1LF9EgU", "display_url": "politi.co/1LF9EgU"}], "media": [{"expanded_url": "http://twitter.com/politico/status/656893735733731332/photo/1", "display_url": "pic.twitter.com/dNn53IsMAy", "url": "https://t.co/dNn53IsMAy", "media_url_https": "https://pbs.twimg.com/media/CR3BXxYUYAEoSk5.png", "id_str": "656893734802448385", "sizes": {"small": {"h": 182, "resize": "fit", "w": 340}, "large": {"h": 313, "resize": "fit", "w": 582}, "medium": {"h": 313, "resize": "fit", "w": 582}, "thumb": {"h": 150, "resize": "crop", "w": 150}}, "indices": [91, 114], "type": "photo", "id": 656893734802448385, "media_url": "http://pbs.twimg.com/media/CR3BXxYUYAEoSk5.png"}]}, "in_reply_to_screen_name": null, "in_reply_to_user_id": null, "retweet_count": 46, "id_str": "656893735733731332", "favorited": false, "user": {"follow_request_sent": null, "has_extended_profile": false, "profile_use_background_image": false, "default_profile_image": false, "id": 9300262, "profile_background_image_url_https": "https://pbs.twimg.com/profile_background_images/796212188/bbdc5e3f7842b5b33f418ac5bc9685ee.jpeg", "verified": true, "profile_text_color": "333333", "profile_image_url_https": "https://pbs.twimg.com/profile_images/378800000671090749/bd9d151b66dddabbb58ddc92b81cecb1_normal.jpeg", "profile_sidebar_fill_color": "DDEEF6", "entities": {"url": {"urls": [{"url": "http://t.co/BE5JFAdb46", "indices": [0, 22], "expanded_url": "http://www.politico.com", "display_url": "politico.com"}]}, "description": {"urls": []}}, "followers_count": 1269857, "profile_sidebar_border_color": "FFFFFF", "id_str": "9300262", "profile_background_color": "E6E6E6", "listed_count": 26421, "is_translation_enabled": false, "utc_offset": -14400, "statuses_count": 127974, "description": "Nobody knows politics like POLITICO.", "friends_count": 1015, "location": "Washington, D.C.", "profile_link_color": "DD2E44", "profile_image_url": "http://pbs.twimg.com/profile_images/378800000671090749/bd9d151b66dddabbb58ddc92b81cecb1_normal.jpeg", "following": null, "geo_enabled": false, "profile_banner_url": "https://pbs.twimg.com/profile_banners/9300262/1434995053", "profile_background_image_url": "http://pbs.twimg.com/profile_background_images/796212188/bbdc5e3f7842b5b33f418ac5bc9685ee.jpeg", "screen_name": "politico", "lang": "en", "profile_background_tile": true, "favourites_count": 0, "name": "POLITICO", "notifications": null, "url": "http://t.co/BE5JFAdb46", "created_at": "Mon Oct 08 00:29:38 +0000 2007", "contributors_enabled": false, "time_zone": "Eastern Time (US & Canada)", "protected": false, "default_profile": false, "is_translator": false}, "geo": null, "in_reply_to_user_id_str": null, "possibly_sensitive": false, "lang": "en", "created_at": "Wed Oct 21 18:04:05 +0000 2015", "in_reply_to_status_id_str": null, "place": null, "metadata": {"iso_language_code": "en", "result_type": "recent"}}, "source": "<a href=\"http://twitter.com/download/iphone\" rel=\"nofollow\">Twitter for iPhone</a>", "in_reply_to_screen_name": null, "in_reply_to_user_id": null, "retweet_count": 0, "id_str": "656901834485997568", "favorited": false, "user": {"follow_request_sent": null, "has_extended_profile": true, "profile_use_background_image": true, "default_profile_image": false, "id": 72031461, "profile_background_image_url_https": "https://pbs.twimg.com/profile_background_images/530858404/xd639eaa688b3d8321043d54d1287d76.jpg", "verified": false, "profile_text_color": "CF5736", "profile_image_url_https": "https://pbs.twimg.com/profile_images/610000303392464896/764w3Z4i_normal.jpg", "profile_sidebar_fill_color": "91D0DC", "entities": {"description": {"urls": []}}, "followers_count": 1944, "profile_sidebar_border_color": "7FBDCA", "id_str": "72031461", "profile_background_color": "7FBDC9", "listed_count": 55, "is_translation_enabled": false, "utc_offset": 3600, "statuses_count": 34417, "description": "Irish boy. Senior Content Manager doing social, community & event things. Former CM at @GoogleUK. Expect fashion, art, books, music & life.", "friends_count": 947, "location": "London", "profile_link_color": "4B4F88", "profile_image_url": "http://pbs.twimg.com/profile_images/610000303392464896/764w3Z4i_normal.jpg", "following": null, "geo_enabled": true, "profile_banner_url": "https://pbs.twimg.com/profile_banners/72031461/1426159297", "profile_background_image_url": "http://pbs.twimg.com/profile_background_images/530858404/xd639eaa688b3d8321043d54d1287d76.jpg", "screen_name": "paulj85", "lang": "en", "profile_background_tile": false, "favourites_count": 1228, "name": "Paul James", "notifications": null, "url": null, "created_at": "Sun Sep 06 13:13:28 +0000 2009", "contributors_enabled": false, "time_zone": "London", "protected": false, "default_profile": false, "is_translator": false}, "geo": null, "in_reply_to_user_id_str": null, "possibly_sensitive": false, "lang": "en", "created_at": "Wed Oct 21 18:36:16 +0000 2015", "quoted_status_id_str": "656893735733731332", "in_reply_to_status_id_str": null, "place": null, "metadata": {"iso_language_code": "en", "result_type": "recent"}}