{"contributors": null, "truncated": false, "text": "Hillary Clinton responds to Biden announcement\nHe\u2019s a \"great man\"\n#ImWithHer \n#Hillary2016\nhttps://t.co/PUGA3RSIKn https://t.co/OewwcksHh9", "is_quote_status": false, "in_reply_to_status_id": null, "id": 656906931408347136, "favorite_count": 0, "source": "<a href=\"http://twitter.com\" rel=\"nofollow\">Twitter Web Client</a>", "retweeted": false, "coordinates": null, "entities": {"symbols": [], "user_mentions": [], "hashtags": [{"indices": [66, 76], "text": "ImWithHer"}, {"indices": [78, 90], "text": "Hillary2016"}], "urls": [{"url": "https://t.co/PUGA3RSIKn", "indices": [91, 114], "expanded_url": "http://bit.ly/1GTIMaI", "display_url": "bit.ly/1GTIMaI"}], "media": [{"expanded_url": "http://twitter.com/OBAMA4ME2/status/656906931408347136/photo/1", "display_url": "pic.twitter.com/OewwcksHh9", "url": "https://t.co/OewwcksHh9", "media_url_https": "https://pbs.twimg.com/media/CR3NVrXW0AAhWMQ.jpg", "id_str": "656906892967596032", "sizes": {"small": {"h": 453, "resize": "fit", "w": 340}, "large": {"h": 960, "resize": "fit", "w": 720}, "medium": {"h": 800, "resize": "fit", "w": 600}, "thumb": {"h": 150, "resize": "crop", "w": 150}}, "indices": [115, 138], "type": "photo", "id": 656906892967596032, "media_url": "http://pbs.twimg.com/media/CR3NVrXW0AAhWMQ.jpg"}]}, "in_reply_to_screen_name": null, "in_reply_to_user_id": null, "retweet_count": 0, "id_str": "656906931408347136", "favorited": false, "user": {"follow_request_sent": null, "has_extended_profile": false, "profile_use_background_image": true, "default_profile_image": false, "id": 390103810, "profile_background_image_url_https": "https://pbs.twimg.com/profile_background_images/817710381/8e79324abb9401a0c76ed42fd56803a5.jpeg", "verified": false, "profile_text_color": "333333", "profile_image_url_https": "https://pbs.twimg.com/profile_images/648191465991053312/x7WU2TKk_normal.jpg", "profile_sidebar_fill_color": "DDEEF6", "entities": {"url": {"urls": [{"url": "http://t.co/ikRjbHbdLe", "indices": [0, 22], "expanded_url": "http://www.yesonproposition48.org", "display_url": "yesonproposition48.org"}]}, "description": {"urls": []}}, "followers_count": 7070, "profile_sidebar_border_color": "000000", "id_str": "390103810", "profile_background_color": "C0DEED", "listed_count": 120, "is_translation_enabled": false, "utc_offset": -18000, "statuses_count": 24552, "description": "\u266b\u266a(\u273f\u25e0\u203f\u25e0) iSupportOBAMA, MistressofEnthusiasm Peace&Civil RightsActivist Sponsor Legalize #Marijuana 4 Mississippi\n#Bi48 Regulation Works\nPardon #Cannabis Crimes", "friends_count": 7164, "location": "Hernando, Mississippi", "profile_link_color": "0084B4", "profile_image_url": "http://pbs.twimg.com/profile_images/648191465991053312/x7WU2TKk_normal.jpg", "following": null, "geo_enabled": true, "profile_banner_url": "https://pbs.twimg.com/profile_banners/390103810/1445286687", "profile_background_image_url": "http://pbs.twimg.com/profile_background_images/817710381/8e79324abb9401a0c76ed42fd56803a5.jpeg", "screen_name": "OBAMA4ME2", "lang": "en", "profile_background_tile": true, "favourites_count": 20932, "name": "Mrs. Kelly Jacobs", "notifications": null, "url": "http://t.co/ikRjbHbdLe", "created_at": "Thu Oct 13 13:30:49 +0000 2011", "contributors_enabled": false, "time_zone": "Central Time (US & Canada)", "protected": false, "default_profile": false, "is_translator": false}, "geo": null, "in_reply_to_user_id_str": null, "possibly_sensitive": false, "lang": "en", "created_at": "Wed Oct 21 18:56:31 +0000 2015", "in_reply_to_status_id_str": null, "place": {"full_name": "Mississippi, USA", "url": "https://api.twitter.com/1.1/geo/id/43d2418301bf1a49.json", "country": "United States", "place_type": "admin", "bounding_box": {"type": "Polygon", "coordinates": [[[-91.655009, 30.146096], [-88.097889, 30.146096], [-88.097889, 34.995968], [-91.655009, 34.995968]]]}, "contained_within": [], "country_code": "US", "attributes": {}, "id": "43d2418301bf1a49", "name": "Mississippi"}, "metadata": {"iso_language_code": "en", "result_type": "recent"}}