{"contributors": null, "truncated": false, "text": "RT @WayneEdH: New CNN/ORC Poll: Clinton 56%, Sanders 33% (without Biden).  #HillaryMen  @HillaryClinton  #Hillary2016", "is_quote_status": false, "in_reply_to_status_id": null, "id": 656908605795487744, "favorite_count": 0, "source": "<a href=\"http://twitter.com\" rel=\"nofollow\">Twitter Web Client</a>", "retweeted": false, "coordinates": null, "entities": {"symbols": [], "user_mentions": [{"id": 436314047, "indices": [3, 12], "id_str": "436314047", "screen_name": "WayneEdH", "name": "WayneEdH"}, {"id": 1339835893, "indices": [88, 103], "id_str": "1339835893", "screen_name": "HillaryClinton", "name": "Hillary Clinton"}], "hashtags": [{"indices": [75, 86], "text": "HillaryMen"}, {"indices": [105, 117], "text": "Hillary2016"}], "urls": []}, "in_reply_to_screen_name": null, "in_reply_to_user_id": null, "retweet_count": 17, "id_str": "656908605795487744", "favorited": false, "retweeted_status": {"contributors": null, "truncated": false, "text": "New CNN/ORC Poll: Clinton 56%, Sanders 33% (without Biden).  #HillaryMen  @HillaryClinton  #Hillary2016", "is_quote_status": false, "in_reply_to_status_id": null, "id": 656876570209079296, "favorite_count": 7, "source": "<a href=\"http://twitter.com\" rel=\"nofollow\">Twitter Web Client</a>", "retweeted": false, "coordinates": null, "entities": {"symbols": [], "user_mentions": [{"id": 1339835893, "indices": [74, 89], "id_str": "1339835893", "screen_name": "HillaryClinton", "name": "Hillary Clinton"}], "hashtags": [{"indices": [61, 72], "text": "HillaryMen"}, {"indices": [91, 103], "text": "Hillary2016"}], "urls": []}, "in_reply_to_screen_name": null, "in_reply_to_user_id": null, "retweet_count": 17, "id_str": "656876570209079296", "favorited": false, "user": {"follow_request_sent": null, "has_extended_profile": false, "profile_use_background_image": true, "default_profile_image": false, "id": 436314047, "profile_background_image_url_https": "https://abs.twimg.com/images/themes/theme15/bg.png", "verified": false, "profile_text_color": "333333", "profile_image_url_https": "https://pbs.twimg.com/profile_images/529990379580321793/SyYyAm94_normal.jpeg", "profile_sidebar_fill_color": "C0DFEC", "entities": {"description": {"urls": []}}, "followers_count": 9818, "profile_sidebar_border_color": "A8C7F7", "id_str": "436314047", "profile_background_color": "022330", "listed_count": 209, "is_translation_enabled": false, "utc_offset": -14400, "statuses_count": 50635, "description": "Centered Dem.  Pro Obama, Pro Jobs Act, Pro Obamacare.  Anti GOP obstructionism.  Take back Congress & States in 2016!  I Block RW Trolls!  #UniteBlue", "friends_count": 9757, "location": "USA", "profile_link_color": "0084B4", "profile_image_url": "http://pbs.twimg.com/profile_images/529990379580321793/SyYyAm94_normal.jpeg", "following": null, "geo_enabled": false, "profile_banner_url": "https://pbs.twimg.com/profile_banners/436314047/1445293795", "profile_background_image_url": "http://abs.twimg.com/images/themes/theme15/bg.png", "screen_name": "WayneEdH", "lang": "en", "profile_background_tile": false, "favourites_count": 808, "name": "WayneEdH", "notifications": null, "url": null, "created_at": "Wed Dec 14 01:42:13 +0000 2011", "contributors_enabled": false, "time_zone": "Eastern Time (US & Canada)", "protected": false, "default_profile": false, "is_translator": false}, "geo": null, "in_reply_to_user_id_str": null, "lang": "en", "created_at": "Wed Oct 21 16:55:53 +0000 2015", "in_reply_to_status_id_str": null, "place": null, "metadata": {"iso_language_code": "en", "result_type": "recent"}}, "user": {"follow_request_sent": null, "has_extended_profile": true, "profile_use_background_image": false, "default_profile_image": false, "id": 183753455, "profile_background_image_url_https": "https://pbs.twimg.com/profile_background_images/512443427317743616/LEv84XBH.jpeg", "verified": false, "profile_text_color": "333333", "profile_image_url_https": "https://pbs.twimg.com/profile_images/655218663927193600/qPe8tPO1_normal.jpg", "profile_sidebar_fill_color": "DDEEF6", "entities": {"url": {"urls": [{"url": "https://t.co/xiJArNlCt2", "indices": [0, 23], "expanded_url": "http://Facebook.com/Damon.T.Bethea", "display_url": "Facebook.com/Damon.T.Bethea"}]}, "description": {"urls": []}}, "followers_count": 2290, "profile_sidebar_border_color": "000000", "id_str": "183753455", "profile_background_color": "000099", "listed_count": 86, "is_translation_enabled": false, "utc_offset": -14400, "statuses_count": 77644, "description": "A @HillaryClinton Democrat. Unwavering supporter & defender. HRC: Champion, Advocate, Fighter. Hillary Rodman Clinton: Smart Leadership for the 21st Century", "friends_count": 2185, "location": "Penn Hills, PA ( Pittsburgh ) ", "profile_link_color": "000099", "profile_image_url": "http://pbs.twimg.com/profile_images/655218663927193600/qPe8tPO1_normal.jpg", "following": null, "geo_enabled": true, "profile_banner_url": "https://pbs.twimg.com/profile_banners/183753455/1445477310", "profile_background_image_url": "http://pbs.twimg.com/profile_background_images/512443427317743616/LEv84XBH.jpeg", "screen_name": "damonbethea1", "lang": "en", "profile_background_tile": false, "favourites_count": 59131, "name": "Damon Bethea", "notifications": null, "url": "https://t.co/xiJArNlCt2", "created_at": "Fri Aug 27 20:27:31 +0000 2010", "contributors_enabled": false, "time_zone": "Eastern Time (US & Canada)", "protected": false, "default_profile": false, "is_translator": false}, "geo": null, "in_reply_to_user_id_str": null, "lang": "en", "created_at": "Wed Oct 21 19:03:11 +0000 2015", "in_reply_to_status_id_str": null, "place": null, "metadata": {"iso_language_code": "en", "result_type": "recent"}}