{"contributors": null, "truncated": false, "text": "#Hillary2016 #HillaryClinton https://t.co/8Ard5M6aMW", "is_quote_status": true, "in_reply_to_status_id": null, "id": 656908362404106240, "favorite_count": 0, "entities": {"symbols": [], "user_mentions": [], "hashtags": [{"indices": [0, 12], "text": "Hillary2016"}, {"indices": [13, 28], "text": "HillaryClinton"}], "urls": [{"url": "https://t.co/8Ard5M6aMW", "indices": [29, 52], "expanded_url": "https://twitter.com/realDonaldTrump/status/656883793354182657", "display_url": "twitter.com/realDonaldTrum\u2026"}]}, "quoted_status_id": 656883793354182657, "retweeted": false, "coordinates": null, "quoted_status": {"contributors": null, "truncated": false, "text": "I think Joe Biden made correct decision for him &amp; his family. Personally, I would rather run against Hillary because her record is so bad.", "is_quote_status": false, "in_reply_to_status_id": null, "id": 656883793354182657, "favorite_count": 10205, "source": "<a href=\"http://twitter.com\" rel=\"nofollow\">Twitter Web Client</a>", "retweeted": false, "coordinates": null, "entities": {"symbols": [], "user_mentions": [], "hashtags": [], "urls": []}, "in_reply_to_screen_name": null, "in_reply_to_user_id": null, "retweet_count": 5258, "id_str": "656883793354182657", "favorited": false, "user": {"follow_request_sent": null, "has_extended_profile": false, "profile_use_background_image": true, "default_profile_image": false, "id": 25073877, "profile_background_image_url_https": "https://pbs.twimg.com/profile_background_images/530021613/trump_scotland__43_of_70_cc.jpg", "verified": true, "profile_text_color": "333333", "profile_image_url_https": "https://pbs.twimg.com/profile_images/1980294624/DJT_Headshot_V2_normal.jpg", "profile_sidebar_fill_color": "C5CEC0", "entities": {"url": {"urls": [{"url": "http://t.co/XjVAWwcrmp", "indices": [0, 22], "expanded_url": "http://www.donaldjtrump.com", "display_url": "donaldjtrump.com"}]}, "description": {"urls": [{"url": "http://t.co/XjVAWwcrmp", "indices": [47, 69], "expanded_url": "http://www.donaldjtrump.com", "display_url": "donaldjtrump.com"}, {"url": "http://t.co/3DqVPa3KvF", "indices": [70, 92], "expanded_url": "http://www.youtube.com/DonaldTrump", "display_url": "youtube.com/DonaldTrump"}, {"url": "http://t.co/MBxJXueyTP", "indices": [94, 116], "expanded_url": "http://www.facebook.com/DonaldTrump", "display_url": "facebook.com/DonaldTrump"}]}}, "followers_count": 4638015, "profile_sidebar_border_color": "BDDCAD", "id_str": "25073877", "profile_background_color": "6D5C18", "listed_count": 25460, "is_translation_enabled": true, "utc_offset": -14400, "statuses_count": 28608, "description": "The official Twitter profile for Donald Trump  http://t.co/XjVAWwcrmp\nhttp://t.co/3DqVPa3KvF  http://t.co/MBxJXueyTP", "friends_count": 45, "location": "New York, NY", "profile_link_color": "0D5B73", "profile_image_url": "http://pbs.twimg.com/profile_images/1980294624/DJT_Headshot_V2_normal.jpg", "following": null, "geo_enabled": true, "profile_banner_url": "https://pbs.twimg.com/profile_banners/25073877/1434591786", "profile_background_image_url": "http://pbs.twimg.com/profile_background_images/530021613/trump_scotland__43_of_70_cc.jpg", "screen_name": "realDonaldTrump", "lang": "en", "profile_background_tile": true, "favourites_count": 55, "name": "Donald J. Trump", "notifications": null, "url": "http://t.co/XjVAWwcrmp", "created_at": "Wed Mar 18 13:46:38 +0000 2009", "contributors_enabled": false, "time_zone": "Eastern Time (US & Canada)", "protected": false, "default_profile": false, "is_translator": false}, "geo": null, "in_reply_to_user_id_str": null, "lang": "en", "created_at": "Wed Oct 21 17:24:35 +0000 2015", "in_reply_to_status_id_str": null, "place": null, "metadata": {"iso_language_code": "und", "result_type": "recent"}}, "source": "<a href=\"http://twitter.com\" rel=\"nofollow\">Twitter Web Client</a>", "in_reply_to_screen_name": null, "in_reply_to_user_id": null, "retweet_count": 0, "id_str": "656908362404106240", "favorited": false, "user": {"follow_request_sent": null, "has_extended_profile": false, "profile_use_background_image": true, "default_profile_image": false, "id": 3150416700, "profile_background_image_url_https": "https://abs.twimg.com/images/themes/theme1/bg.png", "verified": false, "profile_text_color": "333333", "profile_image_url_https": "https://pbs.twimg.com/profile_images/605156774312738816/LCG7fgnk_normal.jpg", "profile_sidebar_fill_color": "DDEEF6", "entities": {"description": {"urls": []}}, "followers_count": 51, "profile_sidebar_border_color": "C0DEED", "id_str": "3150416700", "profile_background_color": "C0DEED", "listed_count": 5, "is_translation_enabled": false, "utc_offset": null, "statuses_count": 4072, "description": "#HillaryClinton Wife of impeached  former president and now it is my turn to be president because I have a historic vagina #Hillary2016", "friends_count": 11, "location": "Follow the Money, USA ", "profile_link_color": "0084B4", "profile_image_url": "http://pbs.twimg.com/profile_images/605156774312738816/LCG7fgnk_normal.jpg", "following": null, "geo_enabled": false, "profile_background_image_url": "http://abs.twimg.com/images/themes/theme1/bg.png", "screen_name": "HistoricVagina", "lang": "en", "profile_background_tile": false, "favourites_count": 1907, "name": "Hillary2016", "notifications": null, "url": null, "created_at": "Sat Apr 11 20:11:05 +0000 2015", "contributors_enabled": false, "time_zone": null, "protected": false, "default_profile": true, "is_translator": false}, "geo": null, "in_reply_to_user_id_str": null, "possibly_sensitive": false, "lang": "und", "created_at": "Wed Oct 21 19:02:13 +0000 2015", "quoted_status_id_str": "656883793354182657", "in_reply_to_status_id_str": null, "place": null, "metadata": {"iso_language_code": "und", "result_type": "recent"}}