{"contributors": null, "truncated": false, "text": "RT @Pros4Hillary: #HookersForHillary care more about Boobs than Benghazi #WhatDifferenceDoesItMake http://t.co/LF9wVnRyrh #HillaryLiesMatte\u2026", "is_quote_status": false, "in_reply_to_status_id": null, "id": 656912895129878528, "favorite_count": 0, "source": "<a href=\"http://twitter.com\" rel=\"nofollow\">Twitter Web Client</a>", "retweeted": false, "coordinates": null, "entities": {"symbols": [], "user_mentions": [{"id": 3302177517, "indices": [3, 16], "id_str": "3302177517", "screen_name": "Pros4Hillary", "name": "Hookers For Hillary"}], "hashtags": [{"indices": [18, 36], "text": "HookersForHillary"}, {"indices": [73, 98], "text": "WhatDifferenceDoesItMake"}, {"indices": [122, 140], "text": "HillaryLiesMatter"}, {"indices": [139, 140], "text": "Hillary2016"}], "urls": [], "media": [{"source_user_id": 3302177517, "source_status_id_str": "606955172468781056", "expanded_url": "http://twitter.com/Pros4Hillary/status/606955172468781056/photo/1", "display_url": "pic.twitter.com/LF9wVnRyrh", "url": "http://t.co/LF9wVnRyrh", "media_url_https": "https://pbs.twimg.com/media/CGxWg14WgAA5ABH.jpg", "source_user_id_str": "3302177517", "source_status_id": 606955172468781056, "id_str": "606955172007411712", "sizes": {"large": {"h": 773, "resize": "fit", "w": 1000}, "small": {"h": 262, "resize": "fit", "w": 340}, "medium": {"h": 463, "resize": "fit", "w": 600}, "thumb": {"h": 150, "resize": "crop", "w": 150}}, "indices": [99, 121], "type": "photo", "id": 606955172007411712, "media_url": "http://pbs.twimg.com/media/CGxWg14WgAA5ABH.jpg"}]}, "in_reply_to_screen_name": null, "in_reply_to_user_id": null, "retweet_count": 41, "id_str": "656912895129878528", "favorited": false, "retweeted_status": {"contributors": null, "truncated": false, "text": "#HookersForHillary care more about Boobs than Benghazi #WhatDifferenceDoesItMake http://t.co/LF9wVnRyrh #HillaryLiesMatter #Hillary2016", "is_quote_status": false, "in_reply_to_status_id": null, "id": 646014099550285824, "favorite_count": 41, "source": "<a href=\"http://www.hootsuite.com\" rel=\"nofollow\">Hootsuite</a>", "retweeted": false, "coordinates": null, "entities": {"symbols": [], "user_mentions": [], "hashtags": [{"indices": [0, 18], "text": "HookersForHillary"}, {"indices": [55, 80], "text": "WhatDifferenceDoesItMake"}, {"indices": [104, 122], "text": "HillaryLiesMatter"}, {"indices": [123, 135], "text": "Hillary2016"}], "urls": [], "media": [{"source_user_id": 3302177517, "source_status_id_str": "606955172468781056", "expanded_url": "http://twitter.com/Pros4Hillary/status/606955172468781056/photo/1", "display_url": "pic.twitter.com/LF9wVnRyrh", "url": "http://t.co/LF9wVnRyrh", "media_url_https": "https://pbs.twimg.com/media/CGxWg14WgAA5ABH.jpg", "source_user_id_str": "3302177517", "source_status_id": 606955172468781056, "id_str": "606955172007411712", "sizes": {"large": {"h": 773, "resize": "fit", "w": 1000}, "small": {"h": 262, "resize": "fit", "w": 340}, "medium": {"h": 463, "resize": "fit", "w": 600}, "thumb": {"h": 150, "resize": "crop", "w": 150}}, "indices": [81, 103], "type": "photo", "id": 606955172007411712, "media_url": "http://pbs.twimg.com/media/CGxWg14WgAA5ABH.jpg"}]}, "in_reply_to_screen_name": null, "in_reply_to_user_id": null, "retweet_count": 41, "id_str": "646014099550285824", "favorited": false, "user": {"follow_request_sent": null, "has_extended_profile": false, "profile_use_background_image": true, "default_profile_image": false, "id": 3302177517, "profile_background_image_url_https": "https://abs.twimg.com/images/themes/theme1/bg.png", "verified": false, "profile_text_color": "333333", "profile_image_url_https": "https://pbs.twimg.com/profile_images/604431055697813505/wqHMWreB_normal.jpg", "profile_sidebar_fill_color": "DDEEF6", "entities": {"url": {"urls": [{"url": "http://t.co/xSjnqTgvRi", "indices": [0, 22], "expanded_url": "http://hookersforhillary.com/", "display_url": "hookersforhillary.com"}]}, "description": {"urls": []}}, "followers_count": 3549, "profile_sidebar_border_color": "C0DEED", "id_str": "3302177517", "profile_background_color": "C0DEED", "listed_count": 7, "is_translation_enabled": false, "utc_offset": null, "statuses_count": 501, "description": "The girls of @DennisHof @BunnyRanch are endorsing @HillaryClinton for President! #HookersForHillary (parody)", "friends_count": 3545, "location": "Carson City, Nevada  ", "profile_link_color": "0084B4", "profile_image_url": "http://pbs.twimg.com/profile_images/604431055697813505/wqHMWreB_normal.jpg", "following": null, "geo_enabled": false, "profile_banner_url": "https://pbs.twimg.com/profile_banners/3302177517/1432850810", "profile_background_image_url": "http://abs.twimg.com/images/themes/theme1/bg.png", "screen_name": "Pros4Hillary", "lang": "en", "profile_background_tile": false, "favourites_count": 2393, "name": "Hookers For Hillary", "notifications": null, "url": "http://t.co/xSjnqTgvRi", "created_at": "Thu May 28 22:04:01 +0000 2015", "contributors_enabled": false, "time_zone": null, "protected": false, "default_profile": true, "is_translator": false}, "geo": null, "in_reply_to_user_id_str": null, "possibly_sensitive": false, "lang": "en", "created_at": "Mon Sep 21 17:32:18 +0000 2015", "in_reply_to_status_id_str": null, "place": null, "metadata": {"iso_language_code": "en", "result_type": "recent"}}, "user": {"follow_request_sent": null, "has_extended_profile": false, "profile_use_background_image": true, "default_profile_image": false, "id": 4011530987, "profile_background_image_url_https": "https://abs.twimg.com/images/themes/theme1/bg.png", "verified": false, "profile_text_color": "333333", "profile_image_url_https": "https://pbs.twimg.com/profile_images/656910734983569412/z1f97wgs_normal.jpg", "profile_sidebar_fill_color": "DDEEF6", "entities": {"description": {"urls": []}}, "followers_count": 21, "profile_sidebar_border_color": "C0DEED", "id_str": "4011530987", "profile_background_color": "C0DEED", "listed_count": 1, "is_translation_enabled": false, "utc_offset": -25200, "statuses_count": 181, "description": "Hillary will say anything to get people to like her. Not just like most girls. Cause Hillary is really old, too.", "friends_count": 184, "location": "On The Campaign Trail ", "profile_link_color": "0084B4", "profile_image_url": "http://pbs.twimg.com/profile_images/656910734983569412/z1f97wgs_normal.jpg", "following": null, "geo_enabled": false, "profile_banner_url": "https://pbs.twimg.com/profile_banners/4011530987/1445454943", "profile_background_image_url": "http://abs.twimg.com/images/themes/theme1/bg.png", "screen_name": "ShellyLiesei", "lang": "en", "profile_background_tile": false, "favourites_count": 178, "name": "Hillary #SheLies", "notifications": null, "url": null, "created_at": "Wed Oct 21 19:09:49 +0000 2015", "contributors_enabled": false, "time_zone": "Pacific Time (US & Canada)", "protected": false, "default_profile": true, "is_translator": false}, "geo": null, "in_reply_to_user_id_str": null, "possibly_sensitive": false, "lang": "en", "created_at": "Wed Oct 21 19:20:13 +0000 2015", "in_reply_to_status_id_str": null, "place": null, "metadata": {"iso_language_code": "en", "result_type": "recent"}}