{"contributors": null, "truncated": false, "text": "ONTERESTING #GunSense #Hillary2016 #TeaParty #GunRights #GunOwnership #Benghazi https://t.co/ydczfcfTNQ", "is_quote_status": false, "in_reply_to_status_id": null, "id": 656900088883613696, "favorite_count": 0, "source": "<a href=\"http://twitter.com\" rel=\"nofollow\">Twitter Web Client</a>", "retweeted": false, "coordinates": null, "entities": {"symbols": [], "user_mentions": [], "hashtags": [{"indices": [12, 21], "text": "GunSense"}, {"indices": [22, 34], "text": "Hillary2016"}, {"indices": [35, 44], "text": "TeaParty"}, {"indices": [45, 55], "text": "GunRights"}, {"indices": [56, 69], "text": "GunOwnership"}, {"indices": [70, 79], "text": "Benghazi"}], "urls": [], "media": [{"expanded_url": "http://twitter.com/XManSV/status/656900088883613696/photo/1", "display_url": "pic.twitter.com/ydczfcfTNQ", "url": "https://t.co/ydczfcfTNQ", "media_url_https": "https://pbs.twimg.com/media/CR3HITyUkAAA1-D.jpg", "id_str": "656900066230177792", "sizes": {"large": {"h": 350, "resize": "fit", "w": 560}, "small": {"h": 212, "resize": "fit", "w": 340}, "medium": {"h": 350, "resize": "fit", "w": 560}, "thumb": {"h": 150, "resize": "crop", "w": 150}}, "indices": [80, 103], "type": "photo", "id": 656900066230177792, "media_url": "http://pbs.twimg.com/media/CR3HITyUkAAA1-D.jpg"}]}, "in_reply_to_screen_name": null, "in_reply_to_user_id": null, "retweet_count": 0, "id_str": "656900088883613696", "favorited": false, "user": {"follow_request_sent": null, "has_extended_profile": false, "profile_use_background_image": false, "default_profile_image": false, "id": 792802638, "profile_background_image_url_https": "https://abs.twimg.com/images/themes/theme1/bg.png", "verified": false, "profile_text_color": "000000", "profile_image_url_https": "https://pbs.twimg.com/profile_images/630613614391496704/PA-c1acD_normal.jpg", "profile_sidebar_fill_color": "000000", "entities": {"description": {"urls": []}}, "followers_count": 1677, "profile_sidebar_border_color": "000000", "id_str": "792802638", "profile_background_color": "000000", "listed_count": 52, "is_translation_enabled": false, "utc_offset": -25200, "statuses_count": 26568, "description": "Constitution is not an instrument for government to restrain the people,it is an instrument for the people to restrain government~Patrick Henry\n#2A #gunsense", "friends_count": 2159, "location": "USA", "profile_link_color": "000000", "profile_image_url": "http://pbs.twimg.com/profile_images/630613614391496704/PA-c1acD_normal.jpg", "following": null, "geo_enabled": false, "profile_banner_url": "https://pbs.twimg.com/profile_banners/792802638/1439185160", "profile_background_image_url": "http://abs.twimg.com/images/themes/theme1/bg.png", "screen_name": "XManSV", "lang": "en", "profile_background_tile": false, "favourites_count": 7067, "name": "X-Man \ufe3b\u2566\u2564\u2500", "notifications": null, "url": null, "created_at": "Fri Aug 31 01:43:54 +0000 2012", "contributors_enabled": false, "time_zone": "Pacific Time (US & Canada)", "protected": false, "default_profile": false, "is_translator": false}, "geo": null, "in_reply_to_user_id_str": null, "possibly_sensitive": false, "lang": "en", "created_at": "Wed Oct 21 18:29:20 +0000 2015", "in_reply_to_status_id_str": null, "place": null, "metadata": {"iso_language_code": "en", "result_type": "recent"}}