{"contributors": null, "truncated": false, "text": "https://t.co/OdqIztZwnk\n#2016Election Just in case voters have forgotten why #HillaryClinton is bad for the USA, here is a reminder.", "is_quote_status": false, "in_reply_to_status_id": null, "id": 656907529612496896, "favorite_count": 0, "source": "<a href=\"http://twitter.com/download/android\" rel=\"nofollow\">Twitter for Android</a>", "retweeted": false, "coordinates": null, "entities": {"symbols": [], "user_mentions": [], "hashtags": [{"indices": [24, 37], "text": "2016Election"}, {"indices": [77, 92], "text": "HillaryClinton"}], "urls": [{"url": "https://t.co/OdqIztZwnk", "indices": [0, 23], "expanded_url": "http://mobile.wnd.com/2015/05/here-they-are-hillarys-22-biggest-scandals-ever/", "display_url": "mobile.wnd.com/2015/05/here-t\u2026"}]}, "in_reply_to_screen_name": null, "in_reply_to_user_id": null, "retweet_count": 0, "id_str": "656907529612496896", "favorited": false, "user": {"follow_request_sent": null, "has_extended_profile": false, "profile_use_background_image": true, "default_profile_image": false, "id": 1265831268, "profile_background_image_url_https": "https://abs.twimg.com/images/themes/theme1/bg.png", "verified": false, "profile_text_color": "333333", "profile_image_url_https": "https://pbs.twimg.com/profile_images/646300349842653189/-0g4pE7j_normal.jpg", "profile_sidebar_fill_color": "DDEEF6", "entities": {"description": {"urls": []}}, "followers_count": 105, "profile_sidebar_border_color": "C0DEED", "id_str": "1265831268", "profile_background_color": "C0DEED", "listed_count": 1, "is_translation_enabled": false, "utc_offset": null, "statuses_count": 373, "description": "Utopia only exist on Twitter!", "friends_count": 101, "location": "United States", "profile_link_color": "0084B4", "profile_image_url": "http://pbs.twimg.com/profile_images/646300349842653189/-0g4pE7j_normal.jpg", "following": null, "geo_enabled": true, "profile_banner_url": "https://pbs.twimg.com/profile_banners/1265831268/1367242012", "profile_background_image_url": "http://abs.twimg.com/images/themes/theme1/bg.png", "screen_name": "ASaviskas", "lang": "en", "profile_background_tile": false, "favourites_count": 124, "name": "Saksivas", "notifications": null, "url": null, "created_at": "Thu Mar 14 00:59:41 +0000 2013", "contributors_enabled": false, "time_zone": null, "protected": false, "default_profile": true, "is_translator": false}, "geo": null, "in_reply_to_user_id_str": null, "possibly_sensitive": false, "lang": "en", "created_at": "Wed Oct 21 18:58:54 +0000 2015", "in_reply_to_status_id_str": null, "place": null, "metadata": {"iso_language_code": "en", "result_type": "recent"}}