{"contributors": null, "truncated": false, "text": "@oreillyfactor \"Thank you for not running against our candidate!\"- CNN #Hillary2016", "is_quote_status": false, "in_reply_to_status_id": 656902006095740928, "id": 656902324032569345, "favorite_count": 0, "source": "<a href=\"http://twitter.com\" rel=\"nofollow\">Twitter Web Client</a>", "retweeted": false, "coordinates": null, "entities": {"symbols": [], "user_mentions": [{"id": 23970102, "indices": [0, 14], "id_str": "23970102", "screen_name": "oreillyfactor", "name": "Bill O'Reilly"}], "hashtags": [{"indices": [71, 83], "text": "Hillary2016"}], "urls": []}, "in_reply_to_screen_name": "oreillyfactor", "in_reply_to_user_id": 23970102, "retweet_count": 0, "id_str": "656902324032569345", "favorited": false, "user": {"follow_request_sent": null, "has_extended_profile": false, "profile_use_background_image": false, "default_profile_image": false, "id": 1914979285, "profile_background_image_url_https": "https://abs.twimg.com/images/themes/theme1/bg.png", "verified": false, "profile_text_color": "000000", "profile_image_url_https": "https://pbs.twimg.com/profile_images/378800000520445231/1aff102124152c1b17844e23aaa256ac_normal.png", "profile_sidebar_fill_color": "000000", "entities": {"description": {"urls": []}}, "followers_count": 314, "profile_sidebar_border_color": "000000", "id_str": "1914979285", "profile_background_color": "000000", "listed_count": 16, "is_translation_enabled": false, "utc_offset": null, "statuses_count": 13241, "description": "The only freedom Liberals enjoy is the freedom to take yours away.", "friends_count": 201, "location": "Alberta", "profile_link_color": "DD2E44", "profile_image_url": "http://pbs.twimg.com/profile_images/378800000520445231/1aff102124152c1b17844e23aaa256ac_normal.png", "following": null, "geo_enabled": false, "profile_background_image_url": "http://abs.twimg.com/images/themes/theme1/bg.png", "screen_name": "CWCanadianRight", "lang": "en", "profile_background_tile": false, "favourites_count": 2205, "name": "Christian White", "notifications": null, "url": null, "created_at": "Sat Sep 28 18:28:45 +0000 2013", "contributors_enabled": false, "time_zone": null, "protected": false, "default_profile": false, "is_translator": false}, "geo": null, "in_reply_to_user_id_str": "23970102", "lang": "en", "created_at": "Wed Oct 21 18:38:13 +0000 2015", "in_reply_to_status_id_str": "656902006095740928", "place": null, "metadata": {"iso_language_code": "en", "result_type": "recent"}}