{"contributors": null, "truncated": false, "text": "RT @WayneEdH: New CNN/ORC Poll: Clinton 56%, Sanders 33% (without Biden).  #HillaryMen  @HillaryClinton  #Hillary2016", "is_quote_status": false, "in_reply_to_status_id": null, "id": 656908517065011200, "favorite_count": 0, "source": "<a href=\"http://twitter.com\" rel=\"nofollow\">Twitter Web Client</a>", "retweeted": false, "coordinates": null, "entities": {"symbols": [], "user_mentions": [{"id": 436314047, "indices": [3, 12], "id_str": "436314047", "screen_name": "WayneEdH", "name": "WayneEdH"}, {"id": 1339835893, "indices": [88, 103], "id_str": "1339835893", "screen_name": "HillaryClinton", "name": "Hillary Clinton"}], "hashtags": [{"indices": [75, 86], "text": "HillaryMen"}, {"indices": [105, 117], "text": "Hillary2016"}], "urls": []}, "in_reply_to_screen_name": null, "in_reply_to_user_id": null, "retweet_count": 17, "id_str": "656908517065011200", "favorited": false, "retweeted_status": {"contributors": null, "truncated": false, "text": "New CNN/ORC Poll: Clinton 56%, Sanders 33% (without Biden).  #HillaryMen  @HillaryClinton  #Hillary2016", "is_quote_status": false, "in_reply_to_status_id": null, "id": 656876570209079296, "favorite_count": 7, "source": "<a href=\"http://twitter.com\" rel=\"nofollow\">Twitter Web Client</a>", "retweeted": false, "coordinates": null, "entities": {"symbols": [], "user_mentions": [{"id": 1339835893, "indices": [74, 89], "id_str": "1339835893", "screen_name": "HillaryClinton", "name": "Hillary Clinton"}], "hashtags": [{"indices": [61, 72], "text": "HillaryMen"}, {"indices": [91, 103], "text": "Hillary2016"}], "urls": []}, "in_reply_to_screen_name": null, "in_reply_to_user_id": null, "retweet_count": 17, "id_str": "656876570209079296", "favorited": false, "user": {"follow_request_sent": null, "has_extended_profile": false, "profile_use_background_image": true, "default_profile_image": false, "id": 436314047, "profile_background_image_url_https": "https://abs.twimg.com/images/themes/theme15/bg.png", "verified": false, "profile_text_color": "333333", "profile_image_url_https": "https://pbs.twimg.com/profile_images/529990379580321793/SyYyAm94_normal.jpeg", "profile_sidebar_fill_color": "C0DFEC", "entities": {"description": {"urls": []}}, "followers_count": 9818, "profile_sidebar_border_color": "A8C7F7", "id_str": "436314047", "profile_background_color": "022330", "listed_count": 209, "is_translation_enabled": false, "utc_offset": -14400, "statuses_count": 50635, "description": "Centered Dem.  Pro Obama, Pro Jobs Act, Pro Obamacare.  Anti GOP obstructionism.  Take back Congress & States in 2016!  I Block RW Trolls!  #UniteBlue", "friends_count": 9757, "location": "USA", "profile_link_color": "0084B4", "profile_image_url": "http://pbs.twimg.com/profile_images/529990379580321793/SyYyAm94_normal.jpeg", "following": null, "geo_enabled": false, "profile_banner_url": "https://pbs.twimg.com/profile_banners/436314047/1445293795", "profile_background_image_url": "http://abs.twimg.com/images/themes/theme15/bg.png", "screen_name": "WayneEdH", "lang": "en", "profile_background_tile": false, "favourites_count": 808, "name": "WayneEdH", "notifications": null, "url": null, "created_at": "Wed Dec 14 01:42:13 +0000 2011", "contributors_enabled": false, "time_zone": "Eastern Time (US & Canada)", "protected": false, "default_profile": false, "is_translator": false}, "geo": null, "in_reply_to_user_id_str": null, "lang": "en", "created_at": "Wed Oct 21 16:55:53 +0000 2015", "in_reply_to_status_id_str": null, "place": null, "metadata": {"iso_language_code": "en", "result_type": "recent"}}, "user": {"follow_request_sent": null, "has_extended_profile": false, "profile_use_background_image": true, "default_profile_image": false, "id": 390103810, "profile_background_image_url_https": "https://pbs.twimg.com/profile_background_images/817710381/8e79324abb9401a0c76ed42fd56803a5.jpeg", "verified": false, "profile_text_color": "333333", "profile_image_url_https": "https://pbs.twimg.com/profile_images/648191465991053312/x7WU2TKk_normal.jpg", "profile_sidebar_fill_color": "DDEEF6", "entities": {"url": {"urls": [{"url": "http://t.co/ikRjbHbdLe", "indices": [0, 22], "expanded_url": "http://www.yesonproposition48.org", "display_url": "yesonproposition48.org"}]}, "description": {"urls": []}}, "followers_count": 7070, "profile_sidebar_border_color": "000000", "id_str": "390103810", "profile_background_color": "C0DEED", "listed_count": 120, "is_translation_enabled": false, "utc_offset": -18000, "statuses_count": 24552, "description": "\u266b\u266a(\u273f\u25e0\u203f\u25e0) iSupportOBAMA, MistressofEnthusiasm Peace&Civil RightsActivist Sponsor Legalize #Marijuana 4 Mississippi\n#Bi48 Regulation Works\nPardon #Cannabis Crimes", "friends_count": 7164, "location": "Hernando, Mississippi", "profile_link_color": "0084B4", "profile_image_url": "http://pbs.twimg.com/profile_images/648191465991053312/x7WU2TKk_normal.jpg", "following": null, "geo_enabled": true, "profile_banner_url": "https://pbs.twimg.com/profile_banners/390103810/1445286687", "profile_background_image_url": "http://pbs.twimg.com/profile_background_images/817710381/8e79324abb9401a0c76ed42fd56803a5.jpeg", "screen_name": "OBAMA4ME2", "lang": "en", "profile_background_tile": true, "favourites_count": 20932, "name": "Mrs. Kelly Jacobs", "notifications": null, "url": "http://t.co/ikRjbHbdLe", "created_at": "Thu Oct 13 13:30:49 +0000 2011", "contributors_enabled": false, "time_zone": "Central Time (US & Canada)", "protected": false, "default_profile": false, "is_translator": false}, "geo": null, "in_reply_to_user_id_str": null, "lang": "en", "created_at": "Wed Oct 21 19:02:49 +0000 2015", "in_reply_to_status_id_str": null, "place": null, "metadata": {"iso_language_code": "en", "result_type": "recent"}}