{"contributors": null, "truncated": false, "text": "RT @CallMeMyLady: @Mike_Beacham  #HillaryForPrison2016 !\n#WakeUpAmerica #HillaryClinton", "is_quote_status": false, "in_reply_to_status_id": null, "id": 656902857166331904, "favorite_count": 0, "source": "<a href=\"https://mobile.twitter.com\" rel=\"nofollow\">Mobile Web (M5)</a>", "retweeted": false, "coordinates": null, "entities": {"symbols": [], "user_mentions": [{"id": 3111009699, "indices": [3, 16], "id_str": "3111009699", "screen_name": "CallMeMyLady", "name": "Jane"}, {"id": 829735580, "indices": [18, 31], "id_str": "829735580", "screen_name": "Mike_Beacham", "name": "Mike Beacham"}], "hashtags": [{"indices": [33, 54], "text": "HillaryForPrison2016"}, {"indices": [57, 71], "text": "WakeUpAmerica"}, {"indices": [72, 87], "text": "HillaryClinton"}], "urls": []}, "in_reply_to_screen_name": null, "in_reply_to_user_id": null, "retweet_count": 3, "id_str": "656902857166331904", "favorited": false, "retweeted_status": {"contributors": null, "truncated": false, "text": "@Mike_Beacham  #HillaryForPrison2016 !\n#WakeUpAmerica #HillaryClinton", "is_quote_status": false, "in_reply_to_status_id": 656898627802112000, "id": 656899706459586560, "favorite_count": 2, "source": "<a href=\"http://twitter.com/#!/download/ipad\" rel=\"nofollow\">Twitter for iPad</a>", "retweeted": false, "coordinates": null, "entities": {"symbols": [], "user_mentions": [{"id": 829735580, "indices": [0, 13], "id_str": "829735580", "screen_name": "Mike_Beacham", "name": "Mike Beacham"}], "hashtags": [{"indices": [15, 36], "text": "HillaryForPrison2016"}, {"indices": [39, 53], "text": "WakeUpAmerica"}, {"indices": [54, 69], "text": "HillaryClinton"}], "urls": []}, "in_reply_to_screen_name": "Mike_Beacham", "in_reply_to_user_id": 829735580, "retweet_count": 3, "id_str": "656899706459586560", "favorited": false, "user": {"follow_request_sent": null, "has_extended_profile": false, "profile_use_background_image": true, "default_profile_image": false, "id": 3111009699, "profile_background_image_url_https": "https://abs.twimg.com/images/themes/theme1/bg.png", "verified": false, "profile_text_color": "333333", "profile_image_url_https": "https://pbs.twimg.com/profile_images/600236578074546176/iJndmwVl_normal.jpg", "profile_sidebar_fill_color": "DDEEF6", "entities": {"description": {"urls": []}}, "followers_count": 559, "profile_sidebar_border_color": "C0DEED", "id_str": "3111009699", "profile_background_color": "C0DEED", "listed_count": 15, "is_translation_enabled": false, "utc_offset": null, "statuses_count": 45880, "description": "God Bless America !", "friends_count": 865, "location": "", "profile_link_color": "0084B4", "profile_image_url": "http://pbs.twimg.com/profile_images/600236578074546176/iJndmwVl_normal.jpg", "following": null, "geo_enabled": false, "profile_banner_url": "https://pbs.twimg.com/profile_banners/3111009699/1427244211", "profile_background_image_url": "http://abs.twimg.com/images/themes/theme1/bg.png", "screen_name": "CallMeMyLady", "lang": "en", "profile_background_tile": false, "favourites_count": 3926, "name": "Jane", "notifications": null, "url": null, "created_at": "Tue Mar 24 17:59:38 +0000 2015", "contributors_enabled": false, "time_zone": null, "protected": false, "default_profile": true, "is_translator": false}, "geo": null, "in_reply_to_user_id_str": "829735580", "lang": "und", "created_at": "Wed Oct 21 18:27:49 +0000 2015", "in_reply_to_status_id_str": "656898627802112000", "place": null, "metadata": {"iso_language_code": "und", "result_type": "recent"}}, "user": {"follow_request_sent": null, "has_extended_profile": false, "profile_use_background_image": true, "default_profile_image": true, "id": 166362103, "profile_background_image_url_https": "https://abs.twimg.com/images/themes/theme1/bg.png", "verified": false, "profile_text_color": "333333", "profile_image_url_https": "https://abs.twimg.com/sticky/default_profile_images/default_profile_5_normal.png", "profile_sidebar_fill_color": "DDEEF6", "entities": {"description": {"urls": []}}, "followers_count": 452, "profile_sidebar_border_color": "C0DEED", "id_str": "166362103", "profile_background_color": "C0DEED", "listed_count": 42, "is_translation_enabled": false, "utc_offset": -10800, "statuses_count": 28722, "description": "", "friends_count": 170, "location": "", "profile_link_color": "0084B4", "profile_image_url": "http://abs.twimg.com/sticky/default_profile_images/default_profile_5_normal.png", "following": null, "geo_enabled": false, "profile_background_image_url": "http://abs.twimg.com/images/themes/theme1/bg.png", "screen_name": "RighT_QueeN", "lang": "en", "profile_background_tile": false, "favourites_count": 19465, "name": "violets", "notifications": null, "url": null, "created_at": "Tue Jul 13 23:51:58 +0000 2010", "contributors_enabled": false, "time_zone": "Atlantic Time (Canada)", "protected": false, "default_profile": true, "is_translator": false}, "geo": null, "in_reply_to_user_id_str": null, "lang": "und", "created_at": "Wed Oct 21 18:40:20 +0000 2015", "in_reply_to_status_id_str": null, "place": null, "metadata": {"iso_language_code": "und", "result_type": "recent"}}