{"contributors": null, "truncated": false, "text": "Please do an intervention! No more pantsuits #whatnottowear #HillaryClinton #justcauseyoucandoesntmeanyoushould", "is_quote_status": false, "in_reply_to_status_id": null, "id": 656906072578355202, "favorite_count": 0, "source": "<a href=\"http://twitter.com/download/iphone\" rel=\"nofollow\">Twitter for iPhone</a>", "retweeted": false, "coordinates": null, "entities": {"symbols": [], "user_mentions": [], "hashtags": [{"indices": [45, 59], "text": "whatnottowear"}, {"indices": [60, 75], "text": "HillaryClinton"}, {"indices": [76, 111], "text": "justcauseyoucandoesntmeanyoushould"}], "urls": []}, "in_reply_to_screen_name": null, "in_reply_to_user_id": null, "retweet_count": 0, "id_str": "656906072578355202", "favorited": false, "user": {"follow_request_sent": null, "has_extended_profile": false, "profile_use_background_image": true, "default_profile_image": false, "id": 269478639, "profile_background_image_url_https": "https://abs.twimg.com/images/themes/theme1/bg.png", "verified": false, "profile_text_color": "333333", "profile_image_url_https": "https://pbs.twimg.com/profile_images/378800000730495761/ebe83d2f21239514897af24c8f90b459_normal.jpeg", "profile_sidebar_fill_color": "DDEEF6", "entities": {"url": {"urls": [{"url": "http://t.co/c597zYv4jA", "indices": [0, 22], "expanded_url": "http://facebook.com/bmoredawn", "display_url": "facebook.com/bmoredawn"}]}, "description": {"urls": []}}, "followers_count": 36, "profile_sidebar_border_color": "C0DEED", "id_str": "269478639", "profile_background_color": "C0DEED", "listed_count": 0, "is_translation_enabled": false, "utc_offset": null, "statuses_count": 327, "description": "A Baltimore Rabbit in Vegas", "friends_count": 73, "location": "Las Vegas", "profile_link_color": "0084B4", "profile_image_url": "http://pbs.twimg.com/profile_images/378800000730495761/ebe83d2f21239514897af24c8f90b459_normal.jpeg", "following": null, "geo_enabled": true, "profile_background_image_url": "http://abs.twimg.com/images/themes/theme1/bg.png", "screen_name": "MyLifeOnTheDL", "lang": "en", "profile_background_tile": false, "favourites_count": 7, "name": "Dawn Leslie", "notifications": null, "url": "http://t.co/c597zYv4jA", "created_at": "Sun Mar 20 21:32:27 +0000 2011", "contributors_enabled": false, "time_zone": null, "protected": false, "default_profile": true, "is_translator": false}, "geo": null, "in_reply_to_user_id_str": null, "lang": "en", "created_at": "Wed Oct 21 18:53:07 +0000 2015", "in_reply_to_status_id_str": null, "place": {"full_name": "Paradise, NV", "url": "https://api.twitter.com/1.1/geo/id/8fa6d7a33b83ef26.json", "country": "United States", "place_type": "city", "bounding_box": {"type": "Polygon", "coordinates": [[[-115.2092535, 35.984784], [-115.0610763, 35.984784], [-115.0610763, 36.137145], [-115.2092535, 36.137145]]]}, "contained_within": [], "country_code": "US", "attributes": {}, "id": "8fa6d7a33b83ef26", "name": "Paradise"}, "metadata": {"iso_language_code": "en", "result_type": "recent"}}