{"contributors": null, "truncated": false, "text": "RT @Breaking3zero: Manque de temps, argent... Les motivations de #JoeBiden sont multiples. Et ouvrent un boulevard \u00e0 #HillaryClinton https:\u2026", "is_quote_status": false, "in_reply_to_status_id": null, "id": 656903023281745920, "favorite_count": 0, "source": "<a href=\"http://twitter.com/download/android\" rel=\"nofollow\">Twitter for Android</a>", "retweeted": false, "coordinates": null, "entities": {"symbols": [], "user_mentions": [{"id": 2730020462, "indices": [3, 17], "id_str": "2730020462", "screen_name": "Breaking3zero", "name": "Breaking3zero"}], "hashtags": [{"indices": [65, 74], "text": "JoeBiden"}, {"indices": [117, 132], "text": "HillaryClinton"}], "urls": [], "media": [{"source_user_id": 2730020462, "source_status_id_str": "656872617194844160", "expanded_url": "http://twitter.com/Breaking3zero/status/656872617194844160/video/1", "display_url": "pic.twitter.com/jNh6S1bdGZ", "url": "https://t.co/jNh6S1bdGZ", "media_url_https": "https://pbs.twimg.com/ext_tw_video_thumb/656872604272230401/pu/img/hZA7Ezfq2D4EO7Rp.jpg", "source_user_id_str": "2730020462", "source_status_id": 656872617194844160, "id_str": "656872604272230401", "sizes": {"small": {"h": 173, "resize": "fit", "w": 340}, "large": {"h": 240, "resize": "fit", "w": 472}, "medium": {"h": 240, "resize": "fit", "w": 472}, "thumb": {"h": 150, "resize": "crop", "w": 150}}, "indices": [139, 140], "type": "photo", "id": 656872604272230401, "media_url": "http://pbs.twimg.com/ext_tw_video_thumb/656872604272230401/pu/img/hZA7Ezfq2D4EO7Rp.jpg"}]}, "in_reply_to_screen_name": null, "in_reply_to_user_id": null, "retweet_count": 4, "id_str": "656903023281745920", "favorited": false, "retweeted_status": {"contributors": null, "truncated": false, "text": "Manque de temps, argent... Les motivations de #JoeBiden sont multiples. Et ouvrent un boulevard \u00e0 #HillaryClinton https://t.co/jNh6S1bdGZ", "is_quote_status": false, "in_reply_to_status_id": null, "id": 656872617194844160, "favorite_count": 1, "source": "<a href=\"http://twitter.com/download/iphone\" rel=\"nofollow\">Twitter for iPhone</a>", "retweeted": false, "coordinates": null, "entities": {"symbols": [], "user_mentions": [], "hashtags": [{"indices": [46, 55], "text": "JoeBiden"}, {"indices": [98, 113], "text": "HillaryClinton"}], "urls": [], "media": [{"expanded_url": "http://twitter.com/Breaking3zero/status/656872617194844160/video/1", "display_url": "pic.twitter.com/jNh6S1bdGZ", "url": "https://t.co/jNh6S1bdGZ", "media_url_https": "https://pbs.twimg.com/ext_tw_video_thumb/656872604272230401/pu/img/hZA7Ezfq2D4EO7Rp.jpg", "id_str": "656872604272230401", "sizes": {"small": {"h": 173, "resize": "fit", "w": 340}, "large": {"h": 240, "resize": "fit", "w": 472}, "medium": {"h": 240, "resize": "fit", "w": 472}, "thumb": {"h": 150, "resize": "crop", "w": 150}}, "indices": [114, 137], "type": "photo", "id": 656872604272230401, "media_url": "http://pbs.twimg.com/ext_tw_video_thumb/656872604272230401/pu/img/hZA7Ezfq2D4EO7Rp.jpg"}]}, "in_reply_to_screen_name": null, "in_reply_to_user_id": null, "retweet_count": 4, "id_str": "656872617194844160", "favorited": false, "user": {"follow_request_sent": null, "has_extended_profile": false, "profile_use_background_image": false, "default_profile_image": false, "id": 2730020462, "profile_background_image_url_https": "https://abs.twimg.com/images/themes/theme1/bg.png", "verified": false, "profile_text_color": "000000", "profile_image_url_https": "https://pbs.twimg.com/profile_images/551454198320365569/RFWTsEA0_normal.jpeg", "profile_sidebar_fill_color": "000000", "entities": {"url": {"urls": [{"url": "http://t.co/rQBoXuQP3i", "indices": [0, 22], "expanded_url": "http://www.breaking3zero.com", "display_url": "breaking3zero.com"}]}, "description": {"urls": []}}, "followers_count": 21805, "profile_sidebar_border_color": "000000", "id_str": "2730020462", "profile_background_color": "000000", "listed_count": 489, "is_translation_enabled": true, "utc_offset": -25200, "statuses_count": 20571, "description": "Breaking news, enqu\u00eates et culture digitale. R\u00e9daction en chef : @WilliamReymond Contact, infos : info@breaking3zero.com", "friends_count": 6315, "location": "", "profile_link_color": "0084B4", "profile_image_url": "http://pbs.twimg.com/profile_images/551454198320365569/RFWTsEA0_normal.jpeg", "following": null, "geo_enabled": false, "profile_banner_url": "https://pbs.twimg.com/profile_banners/2730020462/1429602100", "profile_background_image_url": "http://abs.twimg.com/images/themes/theme1/bg.png", "screen_name": "Breaking3zero", "lang": "en", "profile_background_tile": false, "favourites_count": 1751, "name": "Breaking3zero", "notifications": null, "url": "http://t.co/rQBoXuQP3i", "created_at": "Wed Aug 13 18:19:21 +0000 2014", "contributors_enabled": false, "time_zone": "Pacific Time (US & Canada)", "protected": false, "default_profile": false, "is_translator": false}, "geo": null, "in_reply_to_user_id_str": null, "possibly_sensitive": false, "lang": "fr", "created_at": "Wed Oct 21 16:40:10 +0000 2015", "in_reply_to_status_id_str": null, "place": null, "metadata": {"iso_language_code": "fr", "result_type": "recent"}}, "user": {"follow_request_sent": null, "has_extended_profile": false, "profile_use_background_image": true, "default_profile_image": false, "id": 2351728538, "profile_background_image_url_https": "https://abs.twimg.com/images/themes/theme1/bg.png", "verified": false, "profile_text_color": "333333", "profile_image_url_https": "https://pbs.twimg.com/profile_images/646833483608928256/06wdTwTf_normal.jpg", "profile_sidebar_fill_color": "DDEEF6", "entities": {"description": {"urls": []}}, "followers_count": 84, "profile_sidebar_border_color": "C0DEED", "id_str": "2351728538", "profile_background_color": "C0DEED", "listed_count": 19, "is_translation_enabled": false, "utc_offset": null, "statuses_count": 5614, "description": "Technical translator", "friends_count": 81, "location": "Barcelona", "profile_link_color": "0084B4", "profile_image_url": "http://pbs.twimg.com/profile_images/646833483608928256/06wdTwTf_normal.jpg", "following": null, "geo_enabled": false, "profile_banner_url": "https://pbs.twimg.com/profile_banners/2351728538/1443052684", "profile_background_image_url": "http://abs.twimg.com/images/themes/theme1/bg.png", "screen_name": "fubukimori01", "lang": "es", "profile_background_tile": false, "favourites_count": 1537, "name": "Fubuki", "notifications": null, "url": null, "created_at": "Wed Feb 19 13:55:49 +0000 2014", "contributors_enabled": false, "time_zone": null, "protected": false, "default_profile": true, "is_translator": false}, "geo": null, "in_reply_to_user_id_str": null, "possibly_sensitive": false, "lang": "fr", "created_at": "Wed Oct 21 18:41:00 +0000 2015", "in_reply_to_status_id_str": null, "place": null, "metadata": {"iso_language_code": "fr", "result_type": "recent"}}