{"contributors": null, "truncated": false, "text": "Are the #Hillary2016  just blind--I thought that they would get the hint after she ran a dirty campaign and lost to Obama, she's the worst", "is_quote_status": false, "in_reply_to_status_id": null, "id": 656909567671062528, "favorite_count": 0, "source": "<a href=\"http://twitter.com/download/iphone\" rel=\"nofollow\">Twitter for iPhone</a>", "retweeted": false, "coordinates": null, "entities": {"symbols": [], "user_mentions": [], "hashtags": [{"indices": [8, 20], "text": "Hillary2016"}], "urls": []}, "in_reply_to_screen_name": null, "in_reply_to_user_id": null, "retweet_count": 0, "id_str": "656909567671062528", "favorited": false, "user": {"follow_request_sent": null, "has_extended_profile": false, "profile_use_background_image": true, "default_profile_image": false, "id": 3951162791, "profile_background_image_url_https": "https://abs.twimg.com/images/themes/theme1/bg.png", "verified": false, "profile_text_color": "333333", "profile_image_url_https": "https://pbs.twimg.com/profile_images/656218632687656964/LKsMY2yv_normal.jpg", "profile_sidebar_fill_color": "DDEEF6", "entities": {"description": {"urls": []}}, "followers_count": 25, "profile_sidebar_border_color": "C0DEED", "id_str": "3951162791", "profile_background_color": "C0DEED", "listed_count": 1, "is_translation_enabled": false, "utc_offset": null, "statuses_count": 189, "description": "", "friends_count": 130, "location": "", "profile_link_color": "0084B4", "profile_image_url": "http://pbs.twimg.com/profile_images/656218632687656964/LKsMY2yv_normal.jpg", "following": null, "geo_enabled": false, "profile_background_image_url": "http://abs.twimg.com/images/themes/theme1/bg.png", "screen_name": "fatdaddygrump", "lang": "en", "profile_background_tile": false, "favourites_count": 64, "name": "GrumpyMcSnark", "notifications": null, "url": null, "created_at": "Wed Oct 14 00:37:07 +0000 2015", "contributors_enabled": false, "time_zone": null, "protected": false, "default_profile": true, "is_translator": false}, "geo": null, "in_reply_to_user_id_str": null, "lang": "en", "created_at": "Wed Oct 21 19:07:00 +0000 2015", "in_reply_to_status_id_str": null, "place": null, "metadata": {"iso_language_code": "en", "result_type": "recent"}}