{"contributors": null, "truncated": false, "text": "RT @actlightning: One serial liar listening to another serial liar? Why bother?\n\n#Hillary2016 https://t.co/ISOuqQgI0c", "is_quote_status": true, "in_reply_to_status_id": null, "id": 656910851358765056, "favorite_count": 0, "source": "<a href=\"http://twitter.com/download/android\" rel=\"nofollow\">Twitter for Android</a>", "retweeted": false, "coordinates": null, "entities": {"symbols": [], "user_mentions": [{"id": 15170286, "indices": [3, 16], "id_str": "15170286", "screen_name": "actlightning", "name": "Up Yours, Mexico"}], "hashtags": [{"indices": [81, 93], "text": "Hillary2016"}], "urls": [{"url": "https://t.co/ISOuqQgI0c", "indices": [94, 117], "expanded_url": "https://twitter.com/GlenWMclaughli1/status/656910108463648768", "display_url": "twitter.com/GlenWMclaughli\u2026"}]}, "in_reply_to_screen_name": null, "in_reply_to_user_id": null, "retweet_count": 2, "id_str": "656910851358765056", "favorited": false, "retweeted_status": {"contributors": null, "truncated": false, "text": "One serial liar listening to another serial liar? Why bother?\n\n#Hillary2016 https://t.co/ISOuqQgI0c", "is_quote_status": true, "in_reply_to_status_id": null, "id": 656910621296820224, "favorite_count": 0, "entities": {"symbols": [], "user_mentions": [], "hashtags": [{"indices": [63, 75], "text": "Hillary2016"}], "urls": [{"url": "https://t.co/ISOuqQgI0c", "indices": [76, 99], "expanded_url": "https://twitter.com/GlenWMclaughli1/status/656910108463648768", "display_url": "twitter.com/GlenWMclaughli\u2026"}]}, "quoted_status_id": 656910108463648768, "retweeted": false, "coordinates": null, "quoted_status": {"contributors": null, "truncated": false, "text": "H RClinton has NEVER been qualified to be President,Bill knows that,but she will never listen to him again,will she? https://t.co/g0WFBBo8vv", "is_quote_status": true, "in_reply_to_status_id": null, "id": 656910108463648768, "favorite_count": 0, "entities": {"symbols": [], "user_mentions": [], "hashtags": [], "urls": [{"url": "https://t.co/g0WFBBo8vv", "indices": [117, 140], "expanded_url": "https://twitter.com/actlightning/status/656904844674908160", "display_url": "twitter.com/actlightning/s\u2026"}]}, "quoted_status_id": 656904844674908160, "retweeted": false, "coordinates": null, "source": "<a href=\"http://twitter.com\" rel=\"nofollow\">Twitter Web Client</a>", "in_reply_to_screen_name": null, "in_reply_to_user_id": null, "retweet_count": 1, "id_str": "656910108463648768", "favorited": false, "user": {"follow_request_sent": null, "has_extended_profile": true, "profile_use_background_image": true, "default_profile_image": false, "id": 3425978494, "profile_background_image_url_https": "https://abs.twimg.com/images/themes/theme1/bg.png", "verified": false, "profile_text_color": "333333", "profile_image_url_https": "https://pbs.twimg.com/profile_images/637987667553075201/7CU5gIAt_normal.jpg", "profile_sidebar_fill_color": "DDEEF6", "entities": {"description": {"urls": []}}, "followers_count": 579, "profile_sidebar_border_color": "C0DEED", "id_str": "3425978494", "profile_background_color": "C0DEED", "listed_count": 3, "is_translation_enabled": false, "utc_offset": -7200, "statuses_count": 2035, "description": "Vietnam Army Medic 1966-67  Conservative Life long Democrat .\n Businessman  since age 25 ,raised 3 smart ,independent children.", "friends_count": 1111, "location": "Myrtle Beach, SC", "profile_link_color": "0084B4", "profile_image_url": "http://pbs.twimg.com/profile_images/637987667553075201/7CU5gIAt_normal.jpg", "following": null, "geo_enabled": true, "profile_banner_url": "https://pbs.twimg.com/profile_banners/3425978494/1440347247", "profile_background_image_url": "http://abs.twimg.com/images/themes/theme1/bg.png", "screen_name": "GlenWMclaughli1", "lang": "en", "profile_background_tile": false, "favourites_count": 5, "name": "Glen W Mclaughlin", "notifications": null, "url": null, "created_at": "Sun Aug 16 13:51:41 +0000 2015", "contributors_enabled": false, "time_zone": "Mid-Atlantic", "protected": false, "default_profile": true, "is_translator": false}, "geo": null, "in_reply_to_user_id_str": null, "possibly_sensitive": false, "lang": "en", "created_at": "Wed Oct 21 19:09:09 +0000 2015", "quoted_status_id_str": "656904844674908160", "in_reply_to_status_id_str": null, "place": null, "metadata": {"iso_language_code": "en", "result_type": "recent"}}, "source": "<a href=\"http://twitter.com\" rel=\"nofollow\">Twitter Web Client</a>", "in_reply_to_screen_name": null, "in_reply_to_user_id": null, "retweet_count": 2, "id_str": "656910621296820224", "favorited": false, "user": {"follow_request_sent": null, "has_extended_profile": false, "profile_use_background_image": true, "default_profile_image": false, "id": 15170286, "profile_background_image_url_https": "https://pbs.twimg.com/profile_background_images/643835384137256960/acLTuzqo.jpg", "verified": false, "profile_text_color": "333333", "profile_image_url_https": "https://pbs.twimg.com/profile_images/629714371233513473/kFcjoqET_normal.jpg", "profile_sidebar_fill_color": "00FFDD", "entities": {"description": {"urls": []}}, "followers_count": 17997, "profile_sidebar_border_color": "000000", "id_str": "15170286", "profile_background_color": "7D312F", "listed_count": 188, "is_translation_enabled": false, "utc_offset": -25200, "statuses_count": 39560, "description": "Rabid conservative - Proudly blocked by Valerie Jarrett & Michael Moore.    #TCOT #PJNET #TEAPARTY #PJNET AWESOME Conservative News Stream", "friends_count": 18041, "location": "CyberSpace", "profile_link_color": "307D7E", "profile_image_url": "http://pbs.twimg.com/profile_images/629714371233513473/kFcjoqET_normal.jpg", "following": null, "geo_enabled": false, "profile_banner_url": "https://pbs.twimg.com/profile_banners/15170286/1443472396", "profile_background_image_url": "http://pbs.twimg.com/profile_background_images/643835384137256960/acLTuzqo.jpg", "screen_name": "actlightning", "lang": "en", "profile_background_tile": false, "favourites_count": 340, "name": "Up Yours, Mexico", "notifications": null, "url": null, "created_at": "Thu Jun 19 15:47:14 +0000 2008", "contributors_enabled": false, "time_zone": "Pacific Time (US & Canada)", "protected": false, "default_profile": false, "is_translator": false}, "geo": null, "in_reply_to_user_id_str": null, "possibly_sensitive": false, "lang": "en", "created_at": "Wed Oct 21 19:11:11 +0000 2015", "quoted_status_id_str": "656910108463648768", "in_reply_to_status_id_str": null, "place": null, "metadata": {"iso_language_code": "en", "result_type": "recent"}}, "user": {"follow_request_sent": null, "has_extended_profile": false, "profile_use_background_image": true, "default_profile_image": false, "id": 260936816, "profile_background_image_url_https": "https://abs.twimg.com/images/themes/theme1/bg.png", "verified": false, "profile_text_color": "333333", "profile_image_url_https": "https://pbs.twimg.com/profile_images/602455489268588544/hoUc4mlz_normal.jpg", "profile_sidebar_fill_color": "DDEEF6", "entities": {"description": {"urls": []}}, "followers_count": 5038, "profile_sidebar_border_color": "C0DEED", "id_str": "260936816", "profile_background_color": "C0DEED", "listed_count": 89, "is_translation_enabled": false, "utc_offset": null, "statuses_count": 29051, "description": "I love my country. Patriotic. I support our troops. Conservative. Anti Obama. I wave the American flag proudly. Always have. Always will. #NRA #2A #Cruz2016", "friends_count": 4831, "location": "York South Carolina", "profile_link_color": "0084B4", "profile_image_url": "http://pbs.twimg.com/profile_images/602455489268588544/hoUc4mlz_normal.jpg", "following": null, "geo_enabled": true, "profile_banner_url": "https://pbs.twimg.com/profile_banners/260936816/1424733577", "profile_background_image_url": "http://abs.twimg.com/images/themes/theme1/bg.png", "screen_name": "Angelwings55sc", "lang": "en", "profile_background_tile": false, "favourites_count": 18697, "name": "Betty Whitesides", "notifications": null, "url": null, "created_at": "Fri Mar 04 22:39:36 +0000 2011", "contributors_enabled": false, "time_zone": null, "protected": false, "default_profile": true, "is_translator": false}, "geo": null, "in_reply_to_user_id_str": null, "possibly_sensitive": false, "lang": "en", "created_at": "Wed Oct 21 19:12:06 +0000 2015", "in_reply_to_status_id_str": null, "place": null, "metadata": {"iso_language_code": "en", "result_type": "recent"}}