{"contributors": null, "truncated": false, "text": "Il quartier generale di #HillaryClinton dopo aver saputo che #Biden non correr\u00e0 per la presidenza https://t.co/Rt3tki0uUo", "is_quote_status": false, "in_reply_to_status_id": null, "id": 656902271641473024, "favorite_count": 0, "source": "<a href=\"http://twitter.com\" rel=\"nofollow\">Twitter Web Client</a>", "retweeted": false, "coordinates": null, "entities": {"symbols": [], "user_mentions": [], "hashtags": [{"indices": [24, 39], "text": "HillaryClinton"}, {"indices": [61, 67], "text": "Biden"}], "urls": [], "media": [{"expanded_url": "http://twitter.com/antosicilia89/status/656902271641473024/photo/1", "display_url": "pic.twitter.com/Rt3tki0uUo", "url": "https://t.co/Rt3tki0uUo", "media_url_https": "https://pbs.twimg.com/media/CR3JIm5WsAE4FKK.jpg", "id_str": "656902270383206401", "sizes": {"large": {"h": 380, "resize": "fit", "w": 640}, "small": {"h": 201, "resize": "fit", "w": 340}, "medium": {"h": 356, "resize": "fit", "w": 600}, "thumb": {"h": 150, "resize": "crop", "w": 150}}, "indices": [98, 121], "type": "photo", "id": 656902270383206401, "media_url": "http://pbs.twimg.com/media/CR3JIm5WsAE4FKK.jpg"}]}, "in_reply_to_screen_name": null, "in_reply_to_user_id": null, "retweet_count": 0, "id_str": "656902271641473024", "favorited": false, "user": {"follow_request_sent": null, "has_extended_profile": false, "profile_use_background_image": true, "default_profile_image": false, "id": 497763567, "profile_background_image_url_https": "https://abs.twimg.com/images/themes/theme1/bg.png", "verified": false, "profile_text_color": "333333", "profile_image_url_https": "https://pbs.twimg.com/profile_images/503134985109266432/qURgYc7m_normal.jpeg", "profile_sidebar_fill_color": "DDEEF6", "entities": {"url": {"urls": [{"url": "http://t.co/m1TFHtLk2i", "indices": [0, 22], "expanded_url": "http://unpodispossibile.wordpress.com/", "display_url": "unpodispossibile.wordpress.com"}]}, "description": {"urls": []}}, "followers_count": 1315, "profile_sidebar_border_color": "C0DEED", "id_str": "497763567", "profile_background_color": "C0DEED", "listed_count": 36, "is_translation_enabled": false, "utc_offset": 10800, "statuses_count": 4048, "description": "Titolare del Blog #unpodipossibile. Blogger @HuffPostItalia. Portavoce @Possibileit in Trentino Alto Adige.", "friends_count": 622, "location": "Trento, Trentino-Alto Adige", "profile_link_color": "0084B4", "profile_image_url": "http://pbs.twimg.com/profile_images/503134985109266432/qURgYc7m_normal.jpeg", "following": null, "geo_enabled": true, "profile_banner_url": "https://pbs.twimg.com/profile_banners/497763567/1434331505", "profile_background_image_url": "http://abs.twimg.com/images/themes/theme1/bg.png", "screen_name": "antosicilia89", "lang": "it", "profile_background_tile": false, "favourites_count": 740, "name": "Antonio Sicilia", "notifications": null, "url": "http://t.co/m1TFHtLk2i", "created_at": "Mon Feb 20 10:14:03 +0000 2012", "contributors_enabled": false, "time_zone": "Athens", "protected": false, "default_profile": true, "is_translator": false}, "geo": null, "in_reply_to_user_id_str": null, "possibly_sensitive": false, "lang": "it", "created_at": "Wed Oct 21 18:38:00 +0000 2015", "in_reply_to_status_id_str": null, "place": null, "metadata": {"iso_language_code": "it", "result_type": "recent"}}