{"contributors": null, "truncated": false, "text": "Joe Biden Is Not Running For President In 2016 #hillaryclinton #progressive #SandersForPresident\nhttps://t.co/zHbZThROLp", "is_quote_status": false, "in_reply_to_status_id": null, "id": 656908497372737536, "favorite_count": 0, "source": "<a href=\"http://twt.googlecode.com\" rel=\"nofollow\">twtcmd</a>", "retweeted": false, "coordinates": null, "entities": {"symbols": [], "user_mentions": [], "hashtags": [{"indices": [47, 62], "text": "hillaryclinton"}, {"indices": [63, 75], "text": "progressive"}, {"indices": [76, 96], "text": "SandersForPresident"}], "urls": [{"url": "https://t.co/zHbZThROLp", "indices": [97, 120], "expanded_url": "http://www.huffingtonpost.com/entry/joe-biden-president-2016_55f1cefbe4b093be51be0d69", "display_url": "huffingtonpost.com/entry/joe-bide\u2026"}]}, "in_reply_to_screen_name": null, "in_reply_to_user_id": null, "retweet_count": 0, "id_str": "656908497372737536", "favorited": false, "user": {"follow_request_sent": null, "has_extended_profile": false, "profile_use_background_image": true, "default_profile_image": false, "id": 32757099, "profile_background_image_url_https": "https://pbs.twimg.com/profile_background_images/208142935/chart.png", "verified": false, "profile_text_color": "333333", "profile_image_url_https": "https://pbs.twimg.com/profile_images/1250173018/ChartMed_normal.png", "profile_sidebar_fill_color": "DDEEF6", "entities": {"description": {"urls": []}}, "followers_count": 312, "profile_sidebar_border_color": "C0DEED", "id_str": "32757099", "profile_background_color": "FFFFFF", "listed_count": 77, "is_translation_enabled": false, "utc_offset": -14400, "statuses_count": 14097, "description": "Highly cited articles by Tweets, Reddit Upvotes & Comments, Facebook Likes, Shares & Clicks, Google +1s, Delicious, Stumbleupon & LinkedIn.", "friends_count": 22, "location": "NYC", "profile_link_color": "0084B4", "profile_image_url": "http://pbs.twimg.com/profile_images/1250173018/ChartMed_normal.png", "following": null, "geo_enabled": true, "profile_background_image_url": "http://pbs.twimg.com/profile_background_images/208142935/chart.png", "screen_name": "protista", "lang": "en", "profile_background_tile": false, "favourites_count": 16, "name": "Protista", "notifications": null, "url": null, "created_at": "Sat Apr 18 03:14:28 +0000 2009", "contributors_enabled": false, "time_zone": "Eastern Time (US & Canada)", "protected": false, "default_profile": false, "is_translator": false}, "geo": null, "in_reply_to_user_id_str": null, "possibly_sensitive": false, "lang": "en", "created_at": "Wed Oct 21 19:02:45 +0000 2015", "in_reply_to_status_id_str": null, "place": null, "metadata": {"iso_language_code": "en", "result_type": "recent"}}