{"contributors": null, "truncated": false, "text": "#Hillary2016 -- Joe Biden says he is not running for president https://t.co/zUQRRdqq9k", "is_quote_status": false, "in_reply_to_status_id": null, "id": 656903393915506688, "favorite_count": 0, "source": "<a href=\"http://twitter.com\" rel=\"nofollow\">Twitter Web Client</a>", "retweeted": false, "coordinates": null, "entities": {"symbols": [], "user_mentions": [], "hashtags": [{"indices": [0, 12], "text": "Hillary2016"}], "urls": [{"url": "https://t.co/zUQRRdqq9k", "indices": [63, 86], "expanded_url": "http://qz.com/530025", "display_url": "qz.com/530025"}]}, "in_reply_to_screen_name": null, "in_reply_to_user_id": null, "retweet_count": 0, "id_str": "656903393915506688", "favorited": false, "user": {"follow_request_sent": null, "has_extended_profile": false, "profile_use_background_image": true, "default_profile_image": false, "id": 108732276, "profile_background_image_url_https": "https://abs.twimg.com/images/themes/theme14/bg.gif", "verified": false, "profile_text_color": "333333", "profile_image_url_https": "https://pbs.twimg.com/profile_images/608421383597625346/fVIT_Cbf_normal.jpg", "profile_sidebar_fill_color": "EFEFEF", "entities": {"description": {"urls": []}}, "followers_count": 423, "profile_sidebar_border_color": "EEEEEE", "id_str": "108732276", "profile_background_color": "131516", "listed_count": 11, "is_translation_enabled": false, "utc_offset": -25200, "statuses_count": 2560, "description": "Advertising/Marketing ... lover of food, fashion & football... #TitanUp -------", "friends_count": 1216, "location": "Los Angeles", "profile_link_color": "5A7D7D", "profile_image_url": "http://pbs.twimg.com/profile_images/608421383597625346/fVIT_Cbf_normal.jpg", "following": null, "geo_enabled": true, "profile_banner_url": "https://pbs.twimg.com/profile_banners/108732276/1433895176", "profile_background_image_url": "http://abs.twimg.com/images/themes/theme14/bg.gif", "screen_name": "Adri_Calderon", "lang": "en", "profile_background_tile": true, "favourites_count": 68, "name": "Adriana", "notifications": null, "url": null, "created_at": "Tue Jan 26 22:07:59 +0000 2010", "contributors_enabled": false, "time_zone": "Pacific Time (US & Canada)", "protected": false, "default_profile": false, "is_translator": false}, "geo": null, "in_reply_to_user_id_str": null, "possibly_sensitive": false, "lang": "en", "created_at": "Wed Oct 21 18:42:28 +0000 2015", "in_reply_to_status_id_str": null, "place": null, "metadata": {"iso_language_code": "en", "result_type": "recent"}}