{"contributors": null, "truncated": false, "text": "Joe Biden announced that he will not run for President, instead he will just heckle Hillary Clinton from the side lines!!! #Hillary2016", "is_quote_status": false, "in_reply_to_status_id": null, "id": 656910438609895425, "favorite_count": 1, "source": "<a href=\"http://twitter.com/download/iphone\" rel=\"nofollow\">Twitter for iPhone</a>", "retweeted": false, "coordinates": null, "entities": {"symbols": [], "user_mentions": [], "hashtags": [{"indices": [123, 135], "text": "Hillary2016"}], "urls": []}, "in_reply_to_screen_name": null, "in_reply_to_user_id": null, "retweet_count": 0, "id_str": "656910438609895425", "favorited": false, "user": {"follow_request_sent": null, "has_extended_profile": false, "profile_use_background_image": true, "default_profile_image": false, "id": 17910212, "profile_background_image_url_https": "https://abs.twimg.com/images/themes/theme1/bg.png", "verified": false, "profile_text_color": "333333", "profile_image_url_https": "https://pbs.twimg.com/profile_images/629467221228699648/7GdlKg9U_normal.jpg", "profile_sidebar_fill_color": "DDEEF6", "entities": {"url": {"urls": [{"url": "http://t.co/vKiZTFAhmJ", "indices": [0, 22], "expanded_url": "http://www.comedianjohnmoses.com", "display_url": "comedianjohnmoses.com"}]}, "description": {"urls": []}}, "followers_count": 1570, "profile_sidebar_border_color": "C0DEED", "id_str": "17910212", "profile_background_color": "C0DEED", "listed_count": 27, "is_translation_enabled": false, "utc_offset": -10800, "statuses_count": 11146, "description": "liberal white guy, if this were the 80's", "friends_count": 734, "location": "N 40\u00b09' 0'' / W 74\u00b02' 0''", "profile_link_color": "0084B4", "profile_image_url": "http://pbs.twimg.com/profile_images/629467221228699648/7GdlKg9U_normal.jpg", "following": null, "geo_enabled": true, "profile_banner_url": "https://pbs.twimg.com/profile_banners/17910212/1373914539", "profile_background_image_url": "http://abs.twimg.com/images/themes/theme1/bg.png", "screen_name": "JohnMoses", "lang": "en", "profile_background_tile": false, "favourites_count": 4085, "name": "JohnMoses", "notifications": null, "url": "http://t.co/vKiZTFAhmJ", "created_at": "Fri Dec 05 22:39:49 +0000 2008", "contributors_enabled": false, "time_zone": "Atlantic Time (Canada)", "protected": false, "default_profile": true, "is_translator": false}, "geo": null, "in_reply_to_user_id_str": null, "lang": "en", "created_at": "Wed Oct 21 19:10:28 +0000 2015", "in_reply_to_status_id_str": null, "place": null, "metadata": {"iso_language_code": "en", "result_type": "recent"}}