{"contributors": null, "truncated": false, "text": "RT @steve0423: Only God can help us when the old hag is on the war path!! #HillaryClinton #Benghazi \n#tcot #RedNationRising https://t.co/hx\u2026", "is_quote_status": false, "in_reply_to_status_id": null, "id": 656905603588227072, "favorite_count": 0, "source": "<a href=\"http://twitter.com/download/iphone\" rel=\"nofollow\">Twitter for iPhone</a>", "retweeted": false, "coordinates": null, "entities": {"symbols": [], "user_mentions": [{"id": 5644772, "indices": [3, 13], "id_str": "5644772", "screen_name": "steve0423", "name": "Young Conservative\u2122"}], "hashtags": [{"indices": [74, 89], "text": "HillaryClinton"}, {"indices": [90, 99], "text": "Benghazi"}, {"indices": [101, 106], "text": "tcot"}, {"indices": [107, 123], "text": "RedNationRising"}], "urls": [], "media": [{"source_user_id": 5644772, "source_status_id_str": "656627757212934144", "expanded_url": "http://twitter.com/steve0423/status/656627757212934144/photo/1", "display_url": "pic.twitter.com/hxWbnnEhCm", "url": "https://t.co/hxWbnnEhCm", "media_url_https": "https://pbs.twimg.com/media/CRzPdwlUEAA4XwV.jpg", "source_user_id_str": "5644772", "source_status_id": 656627757212934144, "id_str": "656627755853811712", "sizes": {"small": {"h": 224, "resize": "fit", "w": 340}, "large": {"h": 399, "resize": "fit", "w": 604}, "medium": {"h": 396, "resize": "fit", "w": 600}, "thumb": {"h": 150, "resize": "crop", "w": 150}}, "indices": [124, 140], "type": "photo", "id": 656627755853811712, "media_url": "http://pbs.twimg.com/media/CRzPdwlUEAA4XwV.jpg"}]}, "in_reply_to_screen_name": null, "in_reply_to_user_id": null, "retweet_count": 77, "id_str": "656905603588227072", "favorited": false, "retweeted_status": {"contributors": null, "truncated": false, "text": "Only God can help us when the old hag is on the war path!! #HillaryClinton #Benghazi \n#tcot #RedNationRising https://t.co/hxWbnnEhCm", "is_quote_status": false, "in_reply_to_status_id": null, "id": 656627757212934144, "favorite_count": 57, "source": "<a href=\"http://twitter.com/download/android\" rel=\"nofollow\">Twitter for Android</a>", "retweeted": false, "coordinates": null, "entities": {"symbols": [], "user_mentions": [], "hashtags": [{"indices": [59, 74], "text": "HillaryClinton"}, {"indices": [75, 84], "text": "Benghazi"}, {"indices": [86, 91], "text": "tcot"}, {"indices": [92, 108], "text": "RedNationRising"}], "urls": [], "media": [{"expanded_url": "http://twitter.com/steve0423/status/656627757212934144/photo/1", "display_url": "pic.twitter.com/hxWbnnEhCm", "url": "https://t.co/hxWbnnEhCm", "media_url_https": "https://pbs.twimg.com/media/CRzPdwlUEAA4XwV.jpg", "id_str": "656627755853811712", "sizes": {"small": {"h": 224, "resize": "fit", "w": 340}, "large": {"h": 399, "resize": "fit", "w": 604}, "medium": {"h": 396, "resize": "fit", "w": 600}, "thumb": {"h": 150, "resize": "crop", "w": 150}}, "indices": [109, 132], "type": "photo", "id": 656627755853811712, "media_url": "http://pbs.twimg.com/media/CRzPdwlUEAA4XwV.jpg"}]}, "in_reply_to_screen_name": null, "in_reply_to_user_id": null, "retweet_count": 77, "id_str": "656627757212934144", "favorited": false, "user": {"follow_request_sent": null, "has_extended_profile": false, "profile_use_background_image": true, "default_profile_image": false, "id": 5644772, "profile_background_image_url_https": "https://pbs.twimg.com/profile_background_images/378800000162646623/6MgoVKLh.jpeg", "verified": false, "profile_text_color": "333333", "profile_image_url_https": "https://pbs.twimg.com/profile_images/639469902827552768/EgmNbcGI_normal.jpg", "profile_sidebar_fill_color": "FFFFFF", "entities": {"url": {"urls": [{"url": "http://t.co/lEa4c3b8kU", "indices": [0, 22], "expanded_url": "http://www.youngconservative.net", "display_url": "youngconservative.net"}]}, "description": {"urls": []}}, "followers_count": 33492, "profile_sidebar_border_color": "FFFFFF", "id_str": "5644772", "profile_background_color": "FFFFFF", "listed_count": 350, "is_translation_enabled": false, "utc_offset": -14400, "statuses_count": 25365, "description": "Citizen journalist!! Followed by @seanhannity @AlvedaCKing @DineshDSouza\n@DarrellIssa @DavidLimbaugh @RepJBridenstine @DCexaminer\n#RedNationRising #TCOT #PJNET", "friends_count": 25980, "location": "New Jersey", "profile_link_color": "000000", "profile_image_url": "http://pbs.twimg.com/profile_images/639469902827552768/EgmNbcGI_normal.jpg", "following": null, "geo_enabled": false, "profile_banner_url": "https://pbs.twimg.com/profile_banners/5644772/1360727804", "profile_background_image_url": "http://pbs.twimg.com/profile_background_images/378800000162646623/6MgoVKLh.jpeg", "screen_name": "steve0423", "lang": "en", "profile_background_tile": false, "favourites_count": 3835, "name": "Young Conservative\u2122", "notifications": null, "url": "http://t.co/lEa4c3b8kU", "created_at": "Mon Apr 30 04:39:20 +0000 2007", "contributors_enabled": false, "time_zone": "Eastern Time (US & Canada)", "protected": false, "default_profile": false, "is_translator": false}, "geo": null, "in_reply_to_user_id_str": null, "possibly_sensitive": false, "lang": "en", "created_at": "Wed Oct 21 00:27:11 +0000 2015", "in_reply_to_status_id_str": null, "place": null, "metadata": {"iso_language_code": "en", "result_type": "recent"}}, "user": {"follow_request_sent": null, "has_extended_profile": false, "profile_use_background_image": true, "default_profile_image": false, "id": 310643025, "profile_background_image_url_https": "https://pbs.twimg.com/profile_background_images/817564685/8e89a87803a66f2d95bd2195856d0593.jpeg", "verified": false, "profile_text_color": "F06F0C", "profile_image_url_https": "https://pbs.twimg.com/profile_images/491739112517271552/kQROsNQW_normal.jpeg", "profile_sidebar_fill_color": "5B6366", "entities": {"description": {"urls": []}}, "followers_count": 3741, "profile_sidebar_border_color": "FFFFFF", "id_str": "310643025", "profile_background_color": "158AFF", "listed_count": 169, "is_translation_enabled": false, "utc_offset": 3600, "statuses_count": 174643, "description": "I am what I am. AngryBirder. Conservatarian. Eph 6:10-13 \u0646         Leeds United, New York Giants, the Roos & Williams F1 shaken not stirred!", "friends_count": 3997, "location": "The Shire of York", "profile_link_color": "EC180D", "profile_image_url": "http://pbs.twimg.com/profile_images/491739112517271552/kQROsNQW_normal.jpeg", "following": null, "geo_enabled": false, "profile_banner_url": "https://pbs.twimg.com/profile_banners/310643025/1440624863", "profile_background_image_url": "http://pbs.twimg.com/profile_background_images/817564685/8e89a87803a66f2d95bd2195856d0593.jpeg", "screen_name": "johnmknox", "lang": "en", "profile_background_tile": false, "favourites_count": 72356, "name": "John M Knox", "notifications": null, "url": null, "created_at": "Sat Jun 04 03:14:44 +0000 2011", "contributors_enabled": false, "time_zone": "Europe/London", "protected": false, "default_profile": false, "is_translator": false}, "geo": null, "in_reply_to_user_id_str": null, "possibly_sensitive": false, "lang": "en", "created_at": "Wed Oct 21 18:51:15 +0000 2015", "in_reply_to_status_id_str": null, "place": null, "metadata": {"iso_language_code": "en", "result_type": "recent"}}