{"contributors": null, "truncated": false, "text": "@HouseBenghazi @CongressmanHice \nGive it up FC leave #Hillary2016 alone\n@PamelaHFox2 loganberryville", "is_quote_status": false, "in_reply_to_status_id": 656518306321571842, "id": 656901681347743745, "favorite_count": 0, "source": "<a href=\"http://twitter.com/#!/download/ipad\" rel=\"nofollow\">Twitter for iPad</a>", "retweeted": false, "coordinates": null, "entities": {"symbols": [], "user_mentions": [{"id": 2786564756, "indices": [0, 14], "id_str": "2786564756", "screen_name": "HouseBenghazi", "name": "Benghazi Committee"}, {"id": 2975091705, "indices": [15, 31], "id_str": "2975091705", "screen_name": "CongressmanHice", "name": "Congressman Hice"}, {"id": 3387856635, "indices": [72, 84], "id_str": "3387856635", "screen_name": "PamelaHFox2", "name": "Pamela H Fox"}], "hashtags": [{"indices": [53, 65], "text": "Hillary2016"}], "urls": []}, "in_reply_to_screen_name": "HouseBenghazi", "in_reply_to_user_id": 2786564756, "retweet_count": 0, "id_str": "656901681347743745", "favorited": false, "user": {"follow_request_sent": null, "has_extended_profile": true, "profile_use_background_image": true, "default_profile_image": false, "id": 3387856635, "profile_background_image_url_https": "https://abs.twimg.com/images/themes/theme1/bg.png", "verified": false, "profile_text_color": "333333", "profile_image_url_https": "https://pbs.twimg.com/profile_images/647877833595990016/i8RHnTGN_normal.jpg", "profile_sidebar_fill_color": "DDEEF6", "entities": {"description": {"urls": []}}, "followers_count": 20, "profile_sidebar_border_color": "C0DEED", "id_str": "3387856635", "profile_background_color": "C0DEED", "listed_count": 0, "is_translation_enabled": false, "utc_offset": null, "statuses_count": 80, "description": "", "friends_count": 28, "location": "loganberryville", "profile_link_color": "0084B4", "profile_image_url": "http://pbs.twimg.com/profile_images/647877833595990016/i8RHnTGN_normal.jpg", "following": null, "geo_enabled": false, "profile_background_image_url": "http://abs.twimg.com/images/themes/theme1/bg.png", "screen_name": "PamelaHFox2", "lang": "en", "profile_background_tile": false, "favourites_count": 5, "name": "Pamela H Fox", "notifications": null, "url": null, "created_at": "Wed Jul 22 20:03:39 +0000 2015", "contributors_enabled": false, "time_zone": null, "protected": false, "default_profile": true, "is_translator": false}, "geo": null, "in_reply_to_user_id_str": "2786564756", "lang": "en", "created_at": "Wed Oct 21 18:35:40 +0000 2015", "in_reply_to_status_id_str": "656518306321571842", "place": null, "metadata": {"iso_language_code": "en", "result_type": "recent"}}