{"contributors": null, "truncated": false, "text": "RT @HillaryforNV: .@colekimi from Douglas Co. got a call from Hillary the other day. More on this via @LetsTalkNevada: https://t.co/xl0GqQW\u2026", "is_quote_status": false, "in_reply_to_status_id": null, "id": 656911477840809984, "favorite_count": 0, "source": "<a href=\"http://twitter.com\" rel=\"nofollow\">Twitter Web Client</a>", "retweeted": false, "coordinates": null, "entities": {"symbols": [], "user_mentions": [{"id": 3065753301, "indices": [3, 16], "id_str": "3065753301", "screen_name": "HillaryforNV", "name": "Hillary for Nevada"}, {"id": 712677199, "indices": [19, 28], "id_str": "712677199", "screen_name": "colekimi", "name": "Kimi"}, {"id": 1429039140, "indices": [102, 117], "id_str": "1429039140", "screen_name": "LetsTalkNevada", "name": "Let's Talk Nation"}], "hashtags": [{"indices": [139, 140], "text": "Hillary2016"}], "urls": [{"url": "https://t.co/xl0GqQWF4d", "indices": [119, 140], "expanded_url": "http://hrc.io/1MEpOXI", "display_url": "hrc.io/1MEpOXI"}]}, "in_reply_to_screen_name": null, "in_reply_to_user_id": null, "retweet_count": 5, "id_str": "656911477840809984", "favorited": false, "retweeted_status": {"contributors": null, "truncated": false, "text": ".@colekimi from Douglas Co. got a call from Hillary the other day. More on this via @LetsTalkNevada: https://t.co/xl0GqQWF4d #Hillary2016", "is_quote_status": false, "in_reply_to_status_id": null, "id": 656881118747037696, "favorite_count": 4, "source": "<a href=\"https://about.twitter.com/products/tweetdeck\" rel=\"nofollow\">TweetDeck</a>", "retweeted": false, "coordinates": null, "entities": {"symbols": [], "user_mentions": [{"id": 712677199, "indices": [1, 10], "id_str": "712677199", "screen_name": "colekimi", "name": "Kimi"}, {"id": 1429039140, "indices": [84, 99], "id_str": "1429039140", "screen_name": "LetsTalkNevada", "name": "Let's Talk Nation"}], "hashtags": [{"indices": [125, 137], "text": "Hillary2016"}], "urls": [{"url": "https://t.co/xl0GqQWF4d", "indices": [101, 124], "expanded_url": "http://hrc.io/1MEpOXI", "display_url": "hrc.io/1MEpOXI"}]}, "in_reply_to_screen_name": null, "in_reply_to_user_id": null, "retweet_count": 5, "id_str": "656881118747037696", "favorited": false, "user": {"follow_request_sent": null, "has_extended_profile": false, "profile_use_background_image": true, "default_profile_image": false, "id": 3065753301, "profile_background_image_url_https": "https://abs.twimg.com/images/themes/theme1/bg.png", "verified": false, "profile_text_color": "333333", "profile_image_url_https": "https://pbs.twimg.com/profile_images/646068702924812288/R2iavDtj_normal.jpg", "profile_sidebar_fill_color": "DDEEF6", "entities": {"url": {"urls": [{"url": "http://t.co/LLVliQc2VK", "indices": [0, 22], "expanded_url": "http://fb.me/hillaryforNV", "display_url": "fb.me/hillaryforNV"}]}, "description": {"urls": []}}, "followers_count": 5422, "profile_sidebar_border_color": "C0DEED", "id_str": "3065753301", "profile_background_color": "C0DEED", "listed_count": 110, "is_translation_enabled": false, "utc_offset": null, "statuses_count": 1773, "description": "We're the official account for the grassroots team organizing to elect @HillaryClinton. Follow us for the latest #Hillary2016 updates!", "friends_count": 275, "location": "Nevada", "profile_link_color": "0084B4", "profile_image_url": "http://pbs.twimg.com/profile_images/646068702924812288/R2iavDtj_normal.jpg", "following": null, "geo_enabled": false, "profile_banner_url": "https://pbs.twimg.com/profile_banners/3065753301/1428867683", "profile_background_image_url": "http://abs.twimg.com/images/themes/theme1/bg.png", "screen_name": "HillaryforNV", "lang": "en", "profile_background_tile": false, "favourites_count": 613, "name": "Hillary for Nevada", "notifications": null, "url": "http://t.co/LLVliQc2VK", "created_at": "Sun Mar 01 19:50:04 +0000 2015", "contributors_enabled": false, "time_zone": null, "protected": false, "default_profile": true, "is_translator": false}, "geo": null, "in_reply_to_user_id_str": null, "possibly_sensitive": false, "lang": "en", "created_at": "Wed Oct 21 17:13:57 +0000 2015", "in_reply_to_status_id_str": null, "place": null, "metadata": {"iso_language_code": "en", "result_type": "recent"}}, "user": {"follow_request_sent": null, "has_extended_profile": false, "profile_use_background_image": true, "default_profile_image": false, "id": 712677199, "profile_background_image_url_https": "https://abs.twimg.com/images/themes/theme1/bg.png", "verified": false, "profile_text_color": "333333", "profile_image_url_https": "https://pbs.twimg.com/profile_images/378800000084863848/717ee220d26353994283cac7014e7bfa_normal.jpeg", "profile_sidebar_fill_color": "DDEEF6", "entities": {"description": {"urls": []}}, "followers_count": 888, "profile_sidebar_border_color": "C0DEED", "id_str": "712677199", "profile_background_color": "C0DEED", "listed_count": 8, "is_translation_enabled": false, "utc_offset": null, "statuses_count": 476, "description": "Activist, business woman, inventor", "friends_count": 1451, "location": "", "profile_link_color": "0084B4", "profile_image_url": "http://pbs.twimg.com/profile_images/378800000084863848/717ee220d26353994283cac7014e7bfa_normal.jpeg", "following": null, "geo_enabled": true, "profile_background_image_url": "http://abs.twimg.com/images/themes/theme1/bg.png", "screen_name": "colekimi", "lang": "en", "profile_background_tile": false, "favourites_count": 326, "name": "Kimi", "notifications": null, "url": null, "created_at": "Mon Jul 23 16:14:39 +0000 2012", "contributors_enabled": false, "time_zone": null, "protected": false, "default_profile": true, "is_translator": false}, "geo": null, "in_reply_to_user_id_str": null, "possibly_sensitive": false, "lang": "en", "created_at": "Wed Oct 21 19:14:35 +0000 2015", "in_reply_to_status_id_str": null, "place": null, "metadata": {"iso_language_code": "en", "result_type": "recent"}}