{"contributors": null, "truncated": false, "text": "Who are Bill Kristol' sources? House #GOP needs to create a \"Select Committee\" for that investigation. #BenghaziCommittee #HillaryClinton", "is_quote_status": false, "in_reply_to_status_id": null, "id": 656902828108218368, "favorite_count": 0, "source": "<a href=\"http://twitter.com\" rel=\"nofollow\">Twitter Web Client</a>", "retweeted": false, "coordinates": null, "entities": {"symbols": [], "user_mentions": [], "hashtags": [{"indices": [37, 41], "text": "GOP"}, {"indices": [103, 121], "text": "BenghaziCommittee"}, {"indices": [122, 137], "text": "HillaryClinton"}], "urls": []}, "in_reply_to_screen_name": null, "in_reply_to_user_id": null, "retweet_count": 0, "id_str": "656902828108218368", "favorited": false, "user": {"follow_request_sent": null, "has_extended_profile": false, "profile_use_background_image": true, "default_profile_image": false, "id": 245228798, "profile_background_image_url_https": "https://abs.twimg.com/images/themes/theme1/bg.png", "verified": false, "profile_text_color": "333333", "profile_image_url_https": "https://pbs.twimg.com/profile_images/1429946920/tiger_pic_normal.jpg", "profile_sidebar_fill_color": "DDEEF6", "entities": {"url": {"urls": [{"url": "http://t.co/bPkiqrfa7j", "indices": [0, 22], "expanded_url": "http://allafricacomingtogether.blogspot.com/", "display_url": "allafricacomingtogether.blogspot.com"}]}, "description": {"urls": []}}, "followers_count": 15, "profile_sidebar_border_color": "C0DEED", "id_str": "245228798", "profile_background_color": "C0DEED", "listed_count": 0, "is_translation_enabled": false, "utc_offset": null, "statuses_count": 134, "description": "", "friends_count": 100, "location": "", "profile_link_color": "0084B4", "profile_image_url": "http://pbs.twimg.com/profile_images/1429946920/tiger_pic_normal.jpg", "following": null, "geo_enabled": false, "profile_background_image_url": "http://abs.twimg.com/images/themes/theme1/bg.png", "screen_name": "Tigerbell1", "lang": "en", "profile_background_tile": false, "favourites_count": 2, "name": "Tiger Bell", "notifications": null, "url": "http://t.co/bPkiqrfa7j", "created_at": "Mon Jan 31 05:27:39 +0000 2011", "contributors_enabled": false, "time_zone": null, "protected": false, "default_profile": true, "is_translator": false}, "geo": null, "in_reply_to_user_id_str": null, "lang": "en", "created_at": "Wed Oct 21 18:40:13 +0000 2015", "in_reply_to_status_id_str": null, "place": null, "metadata": {"iso_language_code": "en", "result_type": "recent"}}