{"contributors": null, "truncated": false, "text": "#Hillary2016 https://t.co/CgpKGci4F1", "is_quote_status": false, "in_reply_to_status_id": null, "id": 656907233331056640, "favorite_count": 0, "source": "<a href=\"http://twitter.com/#!/download/ipad\" rel=\"nofollow\">Twitter for iPad</a>", "retweeted": false, "coordinates": null, "entities": {"symbols": [], "user_mentions": [], "hashtags": [{"indices": [0, 12], "text": "Hillary2016"}], "urls": [], "media": [{"expanded_url": "http://twitter.com/CallMeMyLady/status/656907233331056640/photo/1", "display_url": "pic.twitter.com/CgpKGci4F1", "url": "https://t.co/CgpKGci4F1", "media_url_https": "https://pbs.twimg.com/media/CR3NpejUEAE-ysj.jpg", "id_str": "656907233125470209", "sizes": {"large": {"h": 877, "resize": "fit", "w": 1024}, "small": {"h": 291, "resize": "fit", "w": 340}, "medium": {"h": 513, "resize": "fit", "w": 600}, "thumb": {"h": 150, "resize": "crop", "w": 150}}, "indices": [13, 36], "type": "photo", "id": 656907233125470209, "media_url": "http://pbs.twimg.com/media/CR3NpejUEAE-ysj.jpg"}]}, "in_reply_to_screen_name": null, "in_reply_to_user_id": null, "retweet_count": 0, "id_str": "656907233331056640", "favorited": false, "user": {"follow_request_sent": null, "has_extended_profile": false, "profile_use_background_image": true, "default_profile_image": false, "id": 3111009699, "profile_background_image_url_https": "https://abs.twimg.com/images/themes/theme1/bg.png", "verified": false, "profile_text_color": "333333", "profile_image_url_https": "https://pbs.twimg.com/profile_images/600236578074546176/iJndmwVl_normal.jpg", "profile_sidebar_fill_color": "DDEEF6", "entities": {"description": {"urls": []}}, "followers_count": 559, "profile_sidebar_border_color": "C0DEED", "id_str": "3111009699", "profile_background_color": "C0DEED", "listed_count": 15, "is_translation_enabled": false, "utc_offset": null, "statuses_count": 45880, "description": "God Bless America !", "friends_count": 865, "location": "", "profile_link_color": "0084B4", "profile_image_url": "http://pbs.twimg.com/profile_images/600236578074546176/iJndmwVl_normal.jpg", "following": null, "geo_enabled": false, "profile_banner_url": "https://pbs.twimg.com/profile_banners/3111009699/1427244211", "profile_background_image_url": "http://abs.twimg.com/images/themes/theme1/bg.png", "screen_name": "CallMeMyLady", "lang": "en", "profile_background_tile": false, "favourites_count": 3926, "name": "Jane", "notifications": null, "url": null, "created_at": "Tue Mar 24 17:59:38 +0000 2015", "contributors_enabled": false, "time_zone": null, "protected": false, "default_profile": true, "is_translator": false}, "geo": null, "in_reply_to_user_id_str": null, "possibly_sensitive": false, "lang": "und", "created_at": "Wed Oct 21 18:57:43 +0000 2015", "in_reply_to_status_id_str": null, "place": null, "metadata": {"iso_language_code": "und", "result_type": "recent"}}