{"contributors": null, "truncated": false, "text": "So Joe is a no go. We now return to the program already in progress, \"Hillary, Honestly\":\n\nhttps://t.co/V9JJug2yeu\n\n#Hillary2016", "is_quote_status": false, "in_reply_to_status_id": null, "id": 656900211210452992, "favorite_count": 0, "source": "<a href=\"https://about.twitter.com/products/tweetdeck\" rel=\"nofollow\">TweetDeck</a>", "retweeted": false, "coordinates": null, "entities": {"symbols": [], "user_mentions": [], "hashtags": [{"indices": [116, 128], "text": "Hillary2016"}], "urls": [{"url": "https://t.co/V9JJug2yeu", "indices": [91, 114], "expanded_url": "http://bennyhillthis.com/?v=WvLjwB1tDMQ", "display_url": "bennyhillthis.com/?v=WvLjwB1tDMQ"}]}, "in_reply_to_screen_name": null, "in_reply_to_user_id": null, "retweet_count": 0, "id_str": "656900211210452992", "favorited": false, "user": {"follow_request_sent": null, "has_extended_profile": true, "profile_use_background_image": false, "default_profile_image": false, "id": 3290210384, "profile_background_image_url_https": "https://abs.twimg.com/images/themes/theme1/bg.png", "verified": false, "profile_text_color": "000000", "profile_image_url_https": "https://pbs.twimg.com/profile_images/643888555089989632/pw0cJXfW_normal.jpg", "profile_sidebar_fill_color": "000000", "entities": {"description": {"urls": []}}, "followers_count": 604, "profile_sidebar_border_color": "000000", "id_str": "3290210384", "profile_background_color": "000000", "listed_count": 32, "is_translation_enabled": false, "utc_offset": -25200, "statuses_count": 11267, "description": "#MolonLabe #IStandWithIsrael #CriticalThinker #2A #1A #AnimalRights #Anticruelty #Endtrophyhunting \nTurnabout is fair play.", "friends_count": 1178, "location": "Louisiana, USA", "profile_link_color": "3B94D9", "profile_image_url": "http://pbs.twimg.com/profile_images/643888555089989632/pw0cJXfW_normal.jpg", "following": null, "geo_enabled": false, "profile_banner_url": "https://pbs.twimg.com/profile_banners/3290210384/1442350251", "profile_background_image_url": "http://abs.twimg.com/images/themes/theme1/bg.png", "screen_name": "critical911", "lang": "en", "profile_background_tile": false, "favourites_count": 9290, "name": "Miles Alexander", "notifications": null, "url": null, "created_at": "Fri Jul 24 15:34:37 +0000 2015", "contributors_enabled": false, "time_zone": "Pacific Time (US & Canada)", "protected": false, "default_profile": false, "is_translator": false}, "geo": null, "in_reply_to_user_id_str": null, "possibly_sensitive": false, "lang": "en", "created_at": "Wed Oct 21 18:29:49 +0000 2015", "in_reply_to_status_id_str": null, "place": null, "metadata": {"iso_language_code": "en", "result_type": "recent"}}