{"contributors": null, "truncated": false, "text": "RT @FunkynFortunate: Seems Joe Biden was persuaded to sit out 2016. #Hillary2016 https://t.co/1AEgKuUBUp", "is_quote_status": false, "in_reply_to_status_id": null, "id": 656904457171566592, "favorite_count": 0, "source": "<a href=\"http://twitter.com/download/android\" rel=\"nofollow\">Twitter for Android</a>", "retweeted": false, "coordinates": null, "entities": {"symbols": [], "user_mentions": [{"id": 96800761, "indices": [3, 19], "id_str": "96800761", "screen_name": "FunkynFortunate", "name": "Tooth Fairy Denier"}], "hashtags": [{"indices": [68, 80], "text": "Hillary2016"}], "urls": [], "media": [{"source_user_id": 96800761, "source_status_id_str": "656870327578927104", "expanded_url": "http://twitter.com/FunkynFortunate/status/656870327578927104/photo/1", "display_url": "pic.twitter.com/1AEgKuUBUp", "url": "https://t.co/1AEgKuUBUp", "media_url_https": "https://pbs.twimg.com/media/CR2sFA6WsAAnuap.jpg", "source_user_id_str": "96800761", "source_status_id": 656870327578927104, "id_str": "656870322810040320", "sizes": {"small": {"h": 255, "resize": "fit", "w": 340}, "large": {"h": 768, "resize": "fit", "w": 1024}, "medium": {"h": 450, "resize": "fit", "w": 600}, "thumb": {"h": 150, "resize": "crop", "w": 150}}, "indices": [81, 104], "type": "photo", "id": 656870322810040320, "media_url": "http://pbs.twimg.com/media/CR2sFA6WsAAnuap.jpg"}]}, "in_reply_to_screen_name": null, "in_reply_to_user_id": null, "retweet_count": 7, "id_str": "656904457171566592", "favorited": false, "retweeted_status": {"contributors": null, "truncated": false, "text": "Seems Joe Biden was persuaded to sit out 2016. #Hillary2016 https://t.co/1AEgKuUBUp", "is_quote_status": false, "in_reply_to_status_id": null, "id": 656870327578927104, "favorite_count": 2, "source": "<a href=\"http://twitter.com/#!/download/ipad\" rel=\"nofollow\">Twitter for iPad</a>", "retweeted": false, "coordinates": null, "entities": {"symbols": [], "user_mentions": [], "hashtags": [{"indices": [47, 59], "text": "Hillary2016"}], "urls": [], "media": [{"expanded_url": "http://twitter.com/FunkynFortunate/status/656870327578927104/photo/1", "display_url": "pic.twitter.com/1AEgKuUBUp", "url": "https://t.co/1AEgKuUBUp", "media_url_https": "https://pbs.twimg.com/media/CR2sFA6WsAAnuap.jpg", "id_str": "656870322810040320", "sizes": {"small": {"h": 255, "resize": "fit", "w": 340}, "large": {"h": 768, "resize": "fit", "w": 1024}, "medium": {"h": 450, "resize": "fit", "w": 600}, "thumb": {"h": 150, "resize": "crop", "w": 150}}, "indices": [60, 83], "type": "photo", "id": 656870322810040320, "media_url": "http://pbs.twimg.com/media/CR2sFA6WsAAnuap.jpg"}]}, "in_reply_to_screen_name": null, "in_reply_to_user_id": null, "retweet_count": 7, "id_str": "656870327578927104", "favorited": false, "user": {"follow_request_sent": null, "has_extended_profile": false, "profile_use_background_image": true, "default_profile_image": false, "id": 96800761, "profile_background_image_url_https": "https://pbs.twimg.com/profile_background_images/740349290/fa00221dc2a6264fc4aec8a7397f213b.jpeg", "verified": false, "profile_text_color": "333333", "profile_image_url_https": "https://pbs.twimg.com/profile_images/636655273763991552/zIWpMcoi_normal.jpg", "profile_sidebar_fill_color": "DDEEF6", "entities": {"description": {"urls": []}}, "followers_count": 1673, "profile_sidebar_border_color": "FFFFFF", "id_str": "96800761", "profile_background_color": "C0DEED", "listed_count": 72, "is_translation_enabled": false, "utc_offset": -14400, "statuses_count": 48738, "description": "smile", "friends_count": 1939, "location": "nether regions", "profile_link_color": "0084B4", "profile_image_url": "http://pbs.twimg.com/profile_images/636655273763991552/zIWpMcoi_normal.jpg", "following": null, "geo_enabled": false, "profile_banner_url": "https://pbs.twimg.com/profile_banners/96800761/1349278366", "profile_background_image_url": "http://pbs.twimg.com/profile_background_images/740349290/fa00221dc2a6264fc4aec8a7397f213b.jpeg", "screen_name": "FunkynFortunate", "lang": "en", "profile_background_tile": true, "favourites_count": 477, "name": "Tooth Fairy Denier", "notifications": null, "url": null, "created_at": "Mon Dec 14 17:20:53 +0000 2009", "contributors_enabled": false, "time_zone": "Eastern Time (US & Canada)", "protected": false, "default_profile": false, "is_translator": false}, "geo": null, "in_reply_to_user_id_str": null, "possibly_sensitive": false, "lang": "en", "created_at": "Wed Oct 21 16:31:04 +0000 2015", "in_reply_to_status_id_str": null, "place": null, "metadata": {"iso_language_code": "en", "result_type": "recent"}}, "user": {"follow_request_sent": null, "has_extended_profile": false, "profile_use_background_image": true, "default_profile_image": false, "id": 240815723, "profile_background_image_url_https": "https://abs.twimg.com/images/themes/theme1/bg.png", "verified": false, "profile_text_color": "333333", "profile_image_url_https": "https://pbs.twimg.com/profile_images/2564549792/73q69v18lcwes0dg5ajd_normal.png", "profile_sidebar_fill_color": "DDEEF6", "entities": {"description": {"urls": []}}, "followers_count": 15, "profile_sidebar_border_color": "C0DEED", "id_str": "240815723", "profile_background_color": "C0DEED", "listed_count": 1, "is_translation_enabled": false, "utc_offset": null, "statuses_count": 1259, "description": "", "friends_count": 99, "location": "", "profile_link_color": "0084B4", "profile_image_url": "http://pbs.twimg.com/profile_images/2564549792/73q69v18lcwes0dg5ajd_normal.png", "following": null, "geo_enabled": false, "profile_background_image_url": "http://abs.twimg.com/images/themes/theme1/bg.png", "screen_name": "CaptainRon46", "lang": "en", "profile_background_tile": false, "favourites_count": 37, "name": "Ron Powers", "notifications": null, "url": null, "created_at": "Thu Jan 20 20:22:01 +0000 2011", "contributors_enabled": false, "time_zone": null, "protected": false, "default_profile": true, "is_translator": false}, "geo": null, "in_reply_to_user_id_str": null, "possibly_sensitive": false, "lang": "en", "created_at": "Wed Oct 21 18:46:41 +0000 2015", "in_reply_to_status_id_str": null, "place": null, "metadata": {"iso_language_code": "en", "result_type": "recent"}}