{"contributors": null, "truncated": false, "text": "RT @HillaryIn2016: Does anyone know what time Hillary's Benghazi hearing starts tomorrow? I want to make sure I don't miss it. #Hillary2016", "is_quote_status": false, "in_reply_to_status_id": null, "id": 656904516671942656, "favorite_count": 0, "source": "<a href=\"http://twitter.com/download/iphone\" rel=\"nofollow\">Twitter for iPhone</a>", "retweeted": false, "coordinates": null, "entities": {"symbols": [], "user_mentions": [{"id": 285097277, "indices": [3, 17], "id_str": "285097277", "screen_name": "HillaryIn2016", "name": "Hillary Clinton 2016"}], "hashtags": [{"indices": [127, 139], "text": "Hillary2016"}], "urls": []}, "in_reply_to_screen_name": null, "in_reply_to_user_id": null, "retweet_count": 2, "id_str": "656904516671942656", "favorited": false, "retweeted_status": {"contributors": null, "truncated": false, "text": "Does anyone know what time Hillary's Benghazi hearing starts tomorrow? I want to make sure I don't miss it. #Hillary2016", "is_quote_status": false, "in_reply_to_status_id": null, "id": 656903806647537664, "favorite_count": 2, "source": "<a href=\"http://twitter.com\" rel=\"nofollow\">Twitter Web Client</a>", "retweeted": false, "coordinates": null, "entities": {"symbols": [], "user_mentions": [], "hashtags": [{"indices": [108, 120], "text": "Hillary2016"}], "urls": []}, "in_reply_to_screen_name": null, "in_reply_to_user_id": null, "retweet_count": 2, "id_str": "656903806647537664", "favorited": false, "user": {"follow_request_sent": null, "has_extended_profile": false, "profile_use_background_image": true, "default_profile_image": false, "id": 285097277, "profile_background_image_url_https": "https://pbs.twimg.com/profile_background_images/530272081171079169/_YN4WgFk.jpeg", "verified": false, "profile_text_color": "333333", "profile_image_url_https": "https://pbs.twimg.com/profile_images/640080321552105472/X8vfgDYy_normal.jpg", "profile_sidebar_fill_color": "DDEEF6", "entities": {"url": {"urls": [{"url": "http://t.co/MK2PgpqoQ8", "indices": [0, 22], "expanded_url": "http://hillaryin2016.blogspot.com", "display_url": "hillaryin2016.blogspot.com"}]}, "description": {"urls": [{"url": "https://t.co/atRl3QCWXD", "indices": [96, 119], "expanded_url": "https://instagram.com/hillaryin2016/", "display_url": "instagram.com/hillaryin2016/"}]}}, "followers_count": 2354, "profile_sidebar_border_color": "FFFFFF", "id_str": "285097277", "profile_background_color": "BDBDBD", "listed_count": 62, "is_translation_enabled": false, "utc_offset": -25200, "statuses_count": 14526, "description": "Hillary is Running for President! / #HillaryForAmerica / Follow Me @TheJeffDodge & on Instagram https://t.co/atRl3QCWXD / Not Affiliated w/ Hillary", "friends_count": 1053, "location": "USA", "profile_link_color": "0099B9", "profile_image_url": "http://pbs.twimg.com/profile_images/640080321552105472/X8vfgDYy_normal.jpg", "following": null, "geo_enabled": true, "profile_banner_url": "https://pbs.twimg.com/profile_banners/285097277/1441442058", "profile_background_image_url": "http://pbs.twimg.com/profile_background_images/530272081171079169/_YN4WgFk.jpeg", "screen_name": "HillaryIn2016", "lang": "en", "profile_background_tile": true, "favourites_count": 145, "name": "Hillary Clinton 2016", "notifications": null, "url": "http://t.co/MK2PgpqoQ8", "created_at": "Wed Apr 20 14:35:22 +0000 2011", "contributors_enabled": false, "time_zone": "Pacific Time (US & Canada)", "protected": false, "default_profile": false, "is_translator": false}, "geo": null, "in_reply_to_user_id_str": null, "lang": "en", "created_at": "Wed Oct 21 18:44:06 +0000 2015", "in_reply_to_status_id_str": null, "place": null, "metadata": {"iso_language_code": "en", "result_type": "recent"}}, "user": {"follow_request_sent": null, "has_extended_profile": false, "profile_use_background_image": false, "default_profile_image": false, "id": 16146535, "profile_background_image_url_https": "https://pbs.twimg.com/profile_background_images/67838658/ed6ylm.png", "verified": false, "profile_text_color": "333333", "profile_image_url_https": "https://pbs.twimg.com/profile_images/3181944285/b8607a0e7a5947003bf66e170eeb9479_normal.png", "profile_sidebar_fill_color": "DDEEF6", "entities": {"url": {"urls": [{"url": "http://t.co/iu3mUioGWA", "indices": [0, 22], "expanded_url": "http://page.is/marcy-mcgowan", "display_url": "page.is/marcy-mcgowan"}]}, "description": {"urls": []}}, "followers_count": 20429, "profile_sidebar_border_color": "C0DEED", "id_str": "16146535", "profile_background_color": "12B4FF", "listed_count": 771, "is_translation_enabled": false, "utc_offset": -14400, "statuses_count": 605296, "description": "I love summer - Obama/Biden #UniteBlue Democrat Politics Hate TeaPartyIdiots #UniteBlue #p2 #Hillary2016", "friends_count": 22448, "location": "Delaware", "profile_link_color": "0084B4", "profile_image_url": "http://pbs.twimg.com/profile_images/3181944285/b8607a0e7a5947003bf66e170eeb9479_normal.png", "following": null, "geo_enabled": true, "profile_background_image_url": "http://pbs.twimg.com/profile_background_images/67838658/ed6ylm.png", "screen_name": "marcylauren", "lang": "en", "profile_background_tile": true, "favourites_count": 1504, "name": "Marcy McGowan", "notifications": null, "url": "http://t.co/iu3mUioGWA", "created_at": "Fri Sep 05 17:38:17 +0000 2008", "contributors_enabled": false, "time_zone": "Eastern Time (US & Canada)", "protected": false, "default_profile": false, "is_translator": false}, "geo": null, "in_reply_to_user_id_str": null, "lang": "en", "created_at": "Wed Oct 21 18:46:56 +0000 2015", "in_reply_to_status_id_str": null, "place": null, "metadata": {"iso_language_code": "en", "result_type": "recent"}}