{"contributors": null, "truncated": false, "text": "She needs a good criminal lawyer - @Judgenap on #HillaryClinton before tomorrow's hearing", "is_quote_status": false, "in_reply_to_status_id": null, "id": 656905804012982272, "favorite_count": 2, "source": "<a href=\"http://twitter.com\" rel=\"nofollow\">Twitter Web Client</a>", "retweeted": false, "coordinates": null, "entities": {"symbols": [], "user_mentions": [{"id": 29216764, "indices": [35, 44], "id_str": "29216764", "screen_name": "Judgenap", "name": "Judge Napolitano "}], "hashtags": [{"indices": [48, 63], "text": "HillaryClinton"}], "urls": []}, "in_reply_to_screen_name": null, "in_reply_to_user_id": null, "retweet_count": 0, "id_str": "656905804012982272", "favorited": false, "user": {"follow_request_sent": null, "has_extended_profile": false, "profile_use_background_image": true, "default_profile_image": false, "id": 3221357514, "profile_background_image_url_https": "https://abs.twimg.com/images/themes/theme1/bg.png", "verified": true, "profile_text_color": "333333", "profile_image_url_https": "https://pbs.twimg.com/profile_images/604410145611730947/URi0GU3x_normal.png", "profile_sidebar_fill_color": "DDEEF6", "entities": {"description": {"urls": []}}, "followers_count": 1589, "profile_sidebar_border_color": "C0DEED", "id_str": "3221357514", "profile_background_color": "C0DEED", "listed_count": 30, "is_translation_enabled": true, "utc_offset": -25200, "statuses_count": 814, "description": "'The Intelligence Report with Trish Regan' airs weekdays at 2p ET on @FoxBusiness Network. #TrishIntel", "friends_count": 307, "location": "", "profile_link_color": "0084B4", "profile_image_url": "http://pbs.twimg.com/profile_images/604410145611730947/URi0GU3x_normal.png", "following": null, "geo_enabled": false, "profile_banner_url": "https://pbs.twimg.com/profile_banners/3221357514/1432937566", "profile_background_image_url": "http://abs.twimg.com/images/themes/theme1/bg.png", "screen_name": "TrishIntel", "lang": "en", "profile_background_tile": false, "favourites_count": 25, "name": "Trish Regan Intel", "notifications": null, "url": null, "created_at": "Wed May 20 13:08:53 +0000 2015", "contributors_enabled": false, "time_zone": "Pacific Time (US & Canada)", "protected": false, "default_profile": true, "is_translator": false}, "geo": null, "in_reply_to_user_id_str": null, "lang": "en", "created_at": "Wed Oct 21 18:52:03 +0000 2015", "in_reply_to_status_id_str": null, "place": null, "metadata": {"iso_language_code": "en", "result_type": "recent"}}