{"contributors": null, "truncated": false, "text": "#UniteBlue #USLatino #TNTVote #HillaryClinton Praises Joe Biden After He Decides Against Run. https://t.co/X7iliY2vpO", "is_quote_status": false, "in_reply_to_status_id": null, "id": 656901427219079168, "favorite_count": 3, "source": "<a href=\"http://twitter.com/download/android\" rel=\"nofollow\">Twitter for Android</a>", "retweeted": false, "coordinates": null, "entities": {"symbols": [], "user_mentions": [], "hashtags": [{"indices": [0, 10], "text": "UniteBlue"}, {"indices": [11, 20], "text": "USLatino"}, {"indices": [21, 29], "text": "TNTVote"}, {"indices": [30, 45], "text": "HillaryClinton"}], "urls": [{"url": "https://t.co/X7iliY2vpO", "indices": [94, 117], "expanded_url": "http://google.com/newsstand/s/CBIwj-Kb9yY", "display_url": "google.com/newsstand/s/CB\u2026"}]}, "in_reply_to_screen_name": null, "in_reply_to_user_id": null, "retweet_count": 28, "id_str": "656901427219079168", "favorited": false, "user": {"follow_request_sent": null, "has_extended_profile": false, "profile_use_background_image": true, "default_profile_image": false, "id": 1683533647, "profile_background_image_url_https": "https://abs.twimg.com/images/themes/theme1/bg.png", "verified": false, "profile_text_color": "333333", "profile_image_url_https": "https://pbs.twimg.com/profile_images/495351646981877762/DmR-Ebw7_normal.png", "profile_sidebar_fill_color": "DDEEF6", "entities": {"description": {"urls": []}}, "followers_count": 2778, "profile_sidebar_border_color": "C0DEED", "id_str": "1683533647", "profile_background_color": "C0DEED", "listed_count": 110, "is_translation_enabled": false, "utc_offset": null, "statuses_count": 55546, "description": "#WomenRights #Progressive #NoReligion #Science #liberal #LGBT supporter", "friends_count": 2916, "location": "clifton NJ ", "profile_link_color": "0084B4", "profile_image_url": "http://pbs.twimg.com/profile_images/495351646981877762/DmR-Ebw7_normal.png", "following": null, "geo_enabled": true, "profile_background_image_url": "http://abs.twimg.com/images/themes/theme1/bg.png", "screen_name": "NgullenR", "lang": "en", "profile_background_tile": false, "favourites_count": 25976, "name": "Ngullen Roman", "notifications": null, "url": null, "created_at": "Mon Aug 19 15:16:37 +0000 2013", "contributors_enabled": false, "time_zone": null, "protected": false, "default_profile": true, "is_translator": false}, "geo": null, "in_reply_to_user_id_str": null, "possibly_sensitive": false, "lang": "en", "created_at": "Wed Oct 21 18:34:39 +0000 2015", "in_reply_to_status_id_str": null, "place": null, "metadata": {"iso_language_code": "en", "result_type": "recent"}}