{"contributors": null, "truncated": false, "text": "@CNN @VP this man is thinking, great move Sir, now #HillaryClinton can light up the canon and fire herself to the #WhiteHouse, #Hillary2016", "is_quote_status": false, "in_reply_to_status_id": 656867984703664129, "id": 656902346572738561, "favorite_count": 0, "source": "<a href=\"http://twitter.com/download/android\" rel=\"nofollow\">Twitter for Android</a>", "retweeted": false, "coordinates": null, "entities": {"symbols": [], "user_mentions": [{"id": 759251, "indices": [0, 4], "id_str": "759251", "screen_name": "CNN", "name": "CNN"}, {"id": 325830217, "indices": [5, 8], "id_str": "325830217", "screen_name": "VP", "name": "Vice President Biden"}], "hashtags": [{"indices": [51, 66], "text": "HillaryClinton"}, {"indices": [114, 125], "text": "WhiteHouse"}, {"indices": [127, 139], "text": "Hillary2016"}], "urls": []}, "in_reply_to_screen_name": "CNN", "in_reply_to_user_id": 759251, "retweet_count": 0, "id_str": "656902346572738561", "favorited": false, "user": {"follow_request_sent": null, "has_extended_profile": false, "profile_use_background_image": true, "default_profile_image": false, "id": 61183701, "profile_background_image_url_https": "https://pbs.twimg.com/profile_background_images/552466587/540205_356353257758970_100001528953287_954019_222929868_n.jpg", "verified": false, "profile_text_color": "333333", "profile_image_url_https": "https://pbs.twimg.com/profile_images/630221432702828544/Vo_zeBMG_normal.jpg", "profile_sidebar_fill_color": "DDFFCC", "entities": {"url": {"urls": [{"url": "http://t.co/448qs2506l", "indices": [0, 22], "expanded_url": "http://twitter.com/Jargbe", "display_url": "twitter.com/Jargbe"}]}, "description": {"urls": []}}, "followers_count": 835, "profile_sidebar_border_color": "BDDCAD", "id_str": "61183701", "profile_background_color": "94D487", "listed_count": 11, "is_translation_enabled": false, "utc_offset": 0, "statuses_count": 3755, "description": "I am very open-minded, anything goes!", "friends_count": 1537, "location": "N 6\u00b016' 0'' / W 10\u00b044' 0''", "profile_link_color": "4A913C", "profile_image_url": "http://pbs.twimg.com/profile_images/630221432702828544/Vo_zeBMG_normal.jpg", "following": null, "geo_enabled": true, "profile_background_image_url": "http://pbs.twimg.com/profile_background_images/552466587/540205_356353257758970_100001528953287_954019_222929868_n.jpg", "screen_name": "Jargbe", "lang": "en", "profile_background_tile": false, "favourites_count": 2396, "name": "Paul NEWON", "notifications": null, "url": "http://t.co/448qs2506l", "created_at": "Wed Jul 29 12:34:40 +0000 2009", "contributors_enabled": false, "time_zone": "Monrovia", "protected": false, "default_profile": false, "is_translator": false}, "geo": null, "in_reply_to_user_id_str": "759251", "lang": "en", "created_at": "Wed Oct 21 18:38:18 +0000 2015", "in_reply_to_status_id_str": "656867984703664129", "place": null, "metadata": {"iso_language_code": "en", "result_type": "recent"}}