{"contributors": null, "truncated": false, "text": "#Hillary2016 #Democrats \u2605 \u2605 \u2605 \u2605 \u2605 https://t.co/0aF5nw33Xl", "is_quote_status": true, "in_reply_to_status_id": null, "id": 656904231148986368, "favorite_count": 0, "entities": {"symbols": [], "user_mentions": [], "hashtags": [{"indices": [0, 12], "text": "Hillary2016"}, {"indices": [13, 23], "text": "Democrats"}], "urls": [{"url": "https://t.co/0aF5nw33Xl", "indices": [34, 57], "expanded_url": "https://twitter.com/HillaryClinton/status/656882880044371968", "display_url": "twitter.com/HillaryClinton\u2026"}]}, "quoted_status_id": 656882880044371968, "retweeted": false, "coordinates": null, "quoted_status": {"contributors": null, "truncated": false, "text": ".@VP is a good friend and a great man. Today and always, inspired by his optimism and commitment to change the world for the better. -H", "is_quote_status": false, "in_reply_to_status_id": null, "id": 656882880044371968, "favorite_count": 3316, "source": "<a href=\"https://about.twitter.com/products/tweetdeck\" rel=\"nofollow\">TweetDeck</a>", "retweeted": false, "coordinates": null, "entities": {"symbols": [], "user_mentions": [{"id": 325830217, "indices": [1, 4], "id_str": "325830217", "screen_name": "VP", "name": "Vice President Biden"}], "hashtags": [], "urls": []}, "in_reply_to_screen_name": null, "in_reply_to_user_id": null, "retweet_count": 2015, "id_str": "656882880044371968", "favorited": false, "user": {"follow_request_sent": null, "has_extended_profile": true, "profile_use_background_image": false, "default_profile_image": false, "id": 1339835893, "profile_background_image_url_https": "https://abs.twimg.com/images/themes/theme1/bg.png", "verified": true, "profile_text_color": "000000", "profile_image_url_https": "https://pbs.twimg.com/profile_images/654873638827663361/5SsWky7s_normal.png", "profile_sidebar_fill_color": "000000", "entities": {"url": {"urls": [{"url": "http://t.co/tyH5S1kztC", "indices": [0, 22], "expanded_url": "http://hrc.io/joinhillary", "display_url": "hrc.io/joinhillary"}]}, "description": {"urls": []}}, "followers_count": 4524528, "profile_sidebar_border_color": "000000", "id_str": "1339835893", "profile_background_color": "0057B8", "listed_count": 20131, "is_translation_enabled": false, "utc_offset": -14400, "statuses_count": 2160, "description": "Wife, mom, grandma, women+kids advocate, FLOTUS, Senator, SecState, hair icon, pantsuit aficionado, 2016 presidential candidate. Tweets from Hillary signed \u2013H", "friends_count": 299, "location": "New York", "profile_link_color": "0057B8", "profile_image_url": "http://pbs.twimg.com/profile_images/654873638827663361/5SsWky7s_normal.png", "following": null, "geo_enabled": true, "profile_banner_url": "https://pbs.twimg.com/profile_banners/1339835893/1435851723", "profile_background_image_url": "http://abs.twimg.com/images/themes/theme1/bg.png", "screen_name": "HillaryClinton", "lang": "en", "profile_background_tile": false, "favourites_count": 374, "name": "Hillary Clinton", "notifications": null, "url": "http://t.co/tyH5S1kztC", "created_at": "Tue Apr 09 18:04:35 +0000 2013", "contributors_enabled": false, "time_zone": "Eastern Time (US & Canada)", "protected": false, "default_profile": false, "is_translator": false}, "geo": null, "in_reply_to_user_id_str": null, "lang": "en", "created_at": "Wed Oct 21 17:20:57 +0000 2015", "in_reply_to_status_id_str": null, "place": null, "metadata": {"iso_language_code": "und", "result_type": "recent"}}, "source": "<a href=\"http://twitter.com/download/android\" rel=\"nofollow\">Twitter for Android</a>", "in_reply_to_screen_name": null, "in_reply_to_user_id": null, "retweet_count": 0, "id_str": "656904231148986368", "favorited": false, "user": {"follow_request_sent": null, "has_extended_profile": false, "profile_use_background_image": true, "default_profile_image": false, "id": 115526151, "profile_background_image_url_https": "https://pbs.twimg.com/profile_background_images/682951115/443b3677b667525b57e1a3d1bd93357b.jpeg", "verified": false, "profile_text_color": "362720", "profile_image_url_https": "https://pbs.twimg.com/profile_images/2727637727/51668dc4690f3ba0ca05f46c10a6f982_normal.jpeg", "profile_sidebar_fill_color": "E5507E", "entities": {"description": {"urls": []}}, "followers_count": 460, "profile_sidebar_border_color": "FFFFFF", "id_str": "115526151", "profile_background_color": "FF6699", "listed_count": 7, "is_translation_enabled": false, "utc_offset": -7200, "statuses_count": 19200, "description": "", "friends_count": 133, "location": "", "profile_link_color": "B40B43", "profile_image_url": "http://pbs.twimg.com/profile_images/2727637727/51668dc4690f3ba0ca05f46c10a6f982_normal.jpeg", "following": null, "geo_enabled": true, "profile_banner_url": "https://pbs.twimg.com/profile_banners/115526151/1401327762", "profile_background_image_url": "http://pbs.twimg.com/profile_background_images/682951115/443b3677b667525b57e1a3d1bd93357b.jpeg", "screen_name": "fernandabertazi", "lang": "pt", "profile_background_tile": false, "favourites_count": 27871, "name": "Fernanda H", "notifications": null, "url": null, "created_at": "Thu Feb 18 23:44:40 +0000 2010", "contributors_enabled": false, "time_zone": "Brasilia", "protected": false, "default_profile": false, "is_translator": false}, "geo": null, "in_reply_to_user_id_str": null, "possibly_sensitive": false, "lang": "und", "created_at": "Wed Oct 21 18:45:48 +0000 2015", "quoted_status_id_str": "656882880044371968", "in_reply_to_status_id_str": null, "place": {"full_name": "Rio de Janeiro, Brasil", "url": "https://api.twitter.com/1.1/geo/id/97bcdfca1a2dca59.json", "country": "Brasil", "place_type": "city", "bounding_box": {"type": "Polygon", "coordinates": [[[-43.795449, -23.08302], [-43.0877068, -23.08302], [-43.0877068, -22.7398234], [-43.795449, -22.7398234]]]}, "contained_within": [], "country_code": "BR", "attributes": {}, "id": "97bcdfca1a2dca59", "name": "Rio de Janeiro"}, "metadata": {"iso_language_code": "und", "result_type": "recent"}}