{"contributors": null, "truncated": false, "text": "\"One Week after the Debate: Where the Dems Stand.\"  https://t.co/MMSi6FAaKF\n#DemDebate #BernieSanders #HillaryClinton #DNC2015", "is_quote_status": false, "in_reply_to_status_id": null, "id": 656900928147202048, "favorite_count": 0, "source": "<a href=\"http://twitter.com\" rel=\"nofollow\">Twitter Web Client</a>", "retweeted": false, "coordinates": null, "entities": {"symbols": [], "user_mentions": [], "hashtags": [{"indices": [76, 86], "text": "DemDebate"}, {"indices": [87, 101], "text": "BernieSanders"}, {"indices": [102, 117], "text": "HillaryClinton"}, {"indices": [118, 126], "text": "DNC2015"}], "urls": [{"url": "https://t.co/MMSi6FAaKF", "indices": [52, 75], "expanded_url": "https://youtu.be/NR0lW2m8540", "display_url": "youtu.be/NR0lW2m8540"}]}, "in_reply_to_screen_name": null, "in_reply_to_user_id": null, "retweet_count": 0, "id_str": "656900928147202048", "favorited": false, "user": {"follow_request_sent": null, "has_extended_profile": false, "profile_use_background_image": true, "default_profile_image": false, "id": 574469549, "profile_background_image_url_https": "https://abs.twimg.com/images/themes/theme1/bg.png", "verified": false, "profile_text_color": "333333", "profile_image_url_https": "https://pbs.twimg.com/profile_images/2606656469/ooryv9u2kyeyqc8kl5ip_normal.jpeg", "profile_sidebar_fill_color": "DDEEF6", "entities": {"description": {"urls": []}}, "followers_count": 8, "profile_sidebar_border_color": "C0DEED", "id_str": "574469549", "profile_background_color": "C0DEED", "listed_count": 0, "is_translation_enabled": false, "utc_offset": -10800, "statuses_count": 696, "description": "Tennis player, psychologist, musician (find me on iTunes), progressive writer...", "friends_count": 23, "location": "", "profile_link_color": "0084B4", "profile_image_url": "http://pbs.twimg.com/profile_images/2606656469/ooryv9u2kyeyqc8kl5ip_normal.jpeg", "following": null, "geo_enabled": true, "profile_background_image_url": "http://abs.twimg.com/images/themes/theme1/bg.png", "screen_name": "JeffRowan10s", "lang": "en", "profile_background_tile": false, "favourites_count": 6, "name": "Jeff Rowan", "notifications": null, "url": null, "created_at": "Tue May 08 13:21:01 +0000 2012", "contributors_enabled": false, "time_zone": "Atlantic Time (Canada)", "protected": false, "default_profile": true, "is_translator": false}, "geo": null, "in_reply_to_user_id_str": null, "possibly_sensitive": false, "lang": "en", "created_at": "Wed Oct 21 18:32:40 +0000 2015", "in_reply_to_status_id_str": null, "place": null, "metadata": {"iso_language_code": "en", "result_type": "recent"}}