{"contributors": null, "truncated": false, "text": "#VPBiden is not running for #president This is good for him and our #country  I hope he will support #HillaryClinton  She is best candidate", "is_quote_status": false, "in_reply_to_status_id": null, "id": 656900497706766336, "favorite_count": 0, "source": "<a href=\"http://twitter.com/download/iphone\" rel=\"nofollow\">Twitter for iPhone</a>", "retweeted": false, "coordinates": null, "entities": {"symbols": [], "user_mentions": [], "hashtags": [{"indices": [0, 8], "text": "VPBiden"}, {"indices": [28, 38], "text": "president"}, {"indices": [68, 76], "text": "country"}, {"indices": [101, 116], "text": "HillaryClinton"}], "urls": []}, "in_reply_to_screen_name": null, "in_reply_to_user_id": null, "retweet_count": 0, "id_str": "656900497706766336", "favorited": false, "user": {"follow_request_sent": null, "has_extended_profile": false, "profile_use_background_image": true, "default_profile_image": false, "id": 31045384, "profile_background_image_url_https": "https://abs.twimg.com/images/themes/theme1/bg.png", "verified": false, "profile_text_color": "333333", "profile_image_url_https": "https://pbs.twimg.com/profile_images/653577540250955776/0CNYB-aP_normal.jpg", "profile_sidebar_fill_color": "DDEEF6", "entities": {"url": {"urls": [{"url": "http://t.co/0Okg4hvKqn", "indices": [0, 22], "expanded_url": "http://www.culturalpaths.com", "display_url": "culturalpaths.com"}]}, "description": {"urls": []}}, "followers_count": 188, "profile_sidebar_border_color": "C0DEED", "id_str": "31045384", "profile_background_color": "C0DEED", "listed_count": 23, "is_translation_enabled": false, "utc_offset": -18000, "statuses_count": 3034, "description": "Married with a wonderful wife and family. Love to teach, travel and watch Boston Sports. Former Peace Corps Volunteer in India. Support President Obama", "friends_count": 311, "location": "Salem, Ma. & Georgetwon, SC.", "profile_link_color": "0084B4", "profile_image_url": "http://pbs.twimg.com/profile_images/653577540250955776/0CNYB-aP_normal.jpg", "following": null, "geo_enabled": true, "profile_background_image_url": "http://abs.twimg.com/images/themes/theme1/bg.png", "screen_name": "CULTURALPATHS", "lang": "en", "profile_background_tile": false, "favourites_count": 60, "name": "JACK HENNESSEY", "notifications": null, "url": "http://t.co/0Okg4hvKqn", "created_at": "Tue Apr 14 03:23:47 +0000 2009", "contributors_enabled": false, "time_zone": "Quito", "protected": false, "default_profile": true, "is_translator": false}, "geo": null, "in_reply_to_user_id_str": null, "lang": "en", "created_at": "Wed Oct 21 18:30:57 +0000 2015", "in_reply_to_status_id_str": null, "place": {"full_name": "Salem, MA", "url": "https://api.twitter.com/1.1/geo/id/90eed94925e42147.json", "country": "United States", "place_type": "city", "bounding_box": {"type": "Polygon", "coordinates": [[[-70.950694, 42.48393], [-70.864351, 42.48393], [-70.864351, 42.546174], [-70.950694, 42.546174]]]}, "contained_within": [], "country_code": "US", "attributes": {}, "id": "90eed94925e42147", "name": "Salem"}, "metadata": {"iso_language_code": "en", "result_type": "recent"}}