{"contributors": null, "truncated": false, "text": "RT @NevilleLouann: Hey @TGowdySC  ! The #CatsOutOfTheBag  #ShutItDown #DisbandBenghaziPanel #Investigate @TGowdySC &amp; friends #ImWithHer htt\u2026", "is_quote_status": true, "in_reply_to_status_id": null, "id": 656900176053968898, "favorite_count": 0, "source": "<a href=\"http://twitter.com\" rel=\"nofollow\">Twitter Web Client</a>", "retweeted": false, "coordinates": null, "entities": {"symbols": [], "user_mentions": [{"id": 3091521770, "indices": [3, 17], "id_str": "3091521770", "screen_name": "NevilleLouann", "name": "Louann Neville"}, {"id": 237348797, "indices": [23, 32], "id_str": "237348797", "screen_name": "TGowdySC", "name": "Trey Gowdy"}, {"id": 237348797, "indices": [105, 114], "id_str": "237348797", "screen_name": "TGowdySC", "name": "Trey Gowdy"}], "hashtags": [{"indices": [40, 56], "text": "CatsOutOfTheBag"}, {"indices": [58, 69], "text": "ShutItDown"}, {"indices": [70, 91], "text": "DisbandBenghaziPanel"}, {"indices": [92, 104], "text": "Investigate"}, {"indices": [129, 139], "text": "ImWithHer"}], "urls": [{"url": "https://t.co/nSJmMiVvD9", "indices": [143, 144], "expanded_url": "https://twitter.com/TPM/status/656206628019154944", "display_url": "twitter.com/TPM/status/656\u2026"}]}, "in_reply_to_screen_name": null, "in_reply_to_user_id": null, "retweet_count": 3, "id_str": "656900176053968898", "favorited": false, "retweeted_status": {"contributors": null, "truncated": false, "text": "Hey @TGowdySC  ! The #CatsOutOfTheBag  #ShutItDown #DisbandBenghaziPanel #Investigate @TGowdySC &amp; friends #ImWithHer https://t.co/nSJmMiVvD9", "is_quote_status": true, "in_reply_to_status_id": null, "id": 656367384257802240, "favorite_count": 2, "entities": {"symbols": [], "user_mentions": [{"id": 237348797, "indices": [4, 13], "id_str": "237348797", "screen_name": "TGowdySC", "name": "Trey Gowdy"}, {"id": 237348797, "indices": [86, 95], "id_str": "237348797", "screen_name": "TGowdySC", "name": "Trey Gowdy"}], "hashtags": [{"indices": [21, 37], "text": "CatsOutOfTheBag"}, {"indices": [39, 50], "text": "ShutItDown"}, {"indices": [51, 72], "text": "DisbandBenghaziPanel"}, {"indices": [73, 85], "text": "Investigate"}, {"indices": [110, 120], "text": "ImWithHer"}], "urls": [{"url": "https://t.co/nSJmMiVvD9", "indices": [121, 144], "expanded_url": "https://twitter.com/TPM/status/656206628019154944", "display_url": "twitter.com/TPM/status/656\u2026"}]}, "quoted_status_id": 656206628019154944, "retweeted": false, "coordinates": null, "quoted_status": {"contributors": null, "truncated": false, "text": "Benghazi chair goofs and reveals same CIA info he accused Clinton of bungling https://t.co/G7MTWoMl31 https://t.co/ZYyI9zBX87", "is_quote_status": false, "in_reply_to_status_id": null, "id": 656206628019154944, "favorite_count": 62, "source": "<a href=\"http://bufferapp.com\" rel=\"nofollow\">Buffer</a>", "retweeted": false, "coordinates": null, "entities": {"symbols": [], "user_mentions": [], "hashtags": [], "urls": [{"url": "https://t.co/G7MTWoMl31", "indices": [78, 101], "expanded_url": "http://bit.ly/1MzPlBc", "display_url": "bit.ly/1MzPlBc"}], "media": [{"expanded_url": "http://twitter.com/TPM/status/656206628019154944/photo/1", "display_url": "pic.twitter.com/ZYyI9zBX87", "url": "https://t.co/ZYyI9zBX87", "media_url_https": "https://pbs.twimg.com/media/CRtQc4LWoAEchSN.jpg", "id_str": "656206627759104001", "sizes": {"large": {"h": 365, "resize": "fit", "w": 652}, "small": {"h": 190, "resize": "fit", "w": 340}, "medium": {"h": 335, "resize": "fit", "w": 600}, "thumb": {"h": 150, "resize": "crop", "w": 150}}, "indices": [102, 125], "type": "photo", "id": 656206627759104001, "media_url": "http://pbs.twimg.com/media/CRtQc4LWoAEchSN.jpg"}]}, "in_reply_to_screen_name": null, "in_reply_to_user_id": null, "retweet_count": 131, "id_str": "656206628019154944", "favorited": false, "geo": null, "in_reply_to_user_id_str": null, "possibly_sensitive": false, "lang": "en", "created_at": "Mon Oct 19 20:33:46 +0000 2015", "in_reply_to_status_id_str": null, "place": null, "metadata": {"iso_language_code": "en", "result_type": "recent"}}, "source": "<a href=\"http://twitter.com/download/android\" rel=\"nofollow\">Twitter for Android</a>", "in_reply_to_screen_name": null, "in_reply_to_user_id": null, "retweet_count": 3, "id_str": "656367384257802240", "favorited": false, "user": {"follow_request_sent": null, "has_extended_profile": false, "profile_use_background_image": true, "default_profile_image": false, "id": 3091521770, "profile_background_image_url_https": "https://abs.twimg.com/images/themes/theme1/bg.png", "verified": false, "profile_text_color": "333333", "profile_image_url_https": "https://pbs.twimg.com/profile_images/625141237566324736/CbRlePC__normal.jpg", "profile_sidebar_fill_color": "DDEEF6", "entities": {"description": {"urls": []}}, "followers_count": 501, "profile_sidebar_border_color": "C0DEED", "id_str": "3091521770", "profile_background_color": "C0DEED", "listed_count": 27, "is_translation_enabled": false, "utc_offset": null, "statuses_count": 8517, "description": "", "friends_count": 504, "location": "", "profile_link_color": "0084B4", "profile_image_url": "http://pbs.twimg.com/profile_images/625141237566324736/CbRlePC__normal.jpg", "following": null, "geo_enabled": false, "profile_background_image_url": "http://abs.twimg.com/images/themes/theme1/bg.png", "screen_name": "NevilleLouann", "lang": "en", "profile_background_tile": false, "favourites_count": 4105, "name": "Louann Neville", "notifications": null, "url": null, "created_at": "Mon Mar 16 23:57:50 +0000 2015", "contributors_enabled": false, "time_zone": null, "protected": false, "default_profile": true, "is_translator": false}, "geo": null, "in_reply_to_user_id_str": null, "possibly_sensitive": false, "lang": "en", "created_at": "Tue Oct 20 07:12:33 +0000 2015", "quoted_status_id_str": "656206628019154944", "in_reply_to_status_id_str": null, "place": null, "metadata": {"iso_language_code": "en", "result_type": "recent"}}, "user": {"follow_request_sent": null, "has_extended_profile": false, "profile_use_background_image": true, "default_profile_image": false, "id": 2296750843, "profile_background_image_url_https": "https://abs.twimg.com/images/themes/theme1/bg.png", "verified": false, "profile_text_color": "333333", "profile_image_url_https": "https://pbs.twimg.com/profile_images/622908582086987779/PlpMXHEK_normal.jpg", "profile_sidebar_fill_color": "DDEEF6", "entities": {"url": {"urls": [{"url": "http://t.co/PYaCE4an8Z", "indices": [0, 22], "expanded_url": "http://page.is/modern-sikh", "display_url": "page.is/modern-sikh"}]}, "description": {"urls": []}}, "followers_count": 406, "profile_sidebar_border_color": "C0DEED", "id_str": "2296750843", "profile_background_color": "C0DEED", "listed_count": 33, "is_translation_enabled": false, "utc_offset": 7200, "statuses_count": 38865, "description": "", "friends_count": 325, "location": "", "profile_link_color": "0084B4", "profile_image_url": "http://pbs.twimg.com/profile_images/622908582086987779/PlpMXHEK_normal.jpg", "following": null, "geo_enabled": true, "profile_banner_url": "https://pbs.twimg.com/profile_banners/2296750843/1414339776", "profile_background_image_url": "http://abs.twimg.com/images/themes/theme1/bg.png", "screen_name": "punjabimodern1", "lang": "en", "profile_background_tile": false, "favourites_count": 10515, "name": "MODERN SIKH", "notifications": null, "url": "http://t.co/PYaCE4an8Z", "created_at": "Fri Jan 17 20:43:54 +0000 2014", "contributors_enabled": false, "time_zone": "Bern", "protected": false, "default_profile": true, "is_translator": false}, "geo": null, "in_reply_to_user_id_str": null, "possibly_sensitive": true, "lang": "en", "created_at": "Wed Oct 21 18:29:41 +0000 2015", "in_reply_to_status_id_str": null, "place": null, "metadata": {"iso_language_code": "en", "result_type": "recent"}}