{"contributors": null, "truncated": false, "text": "I have heard various commentators saying that now the democrats are \"stuck\" with #HillaryClinton .  Nonsense!  Just cheat on her like Bill.", "is_quote_status": false, "in_reply_to_status_id": null, "id": 656910621645086721, "favorite_count": 0, "source": "<a href=\"http://twitter.com/download/iphone\" rel=\"nofollow\">Twitter for iPhone</a>", "retweeted": false, "coordinates": null, "entities": {"symbols": [], "user_mentions": [], "hashtags": [{"indices": [81, 96], "text": "HillaryClinton"}], "urls": []}, "in_reply_to_screen_name": null, "in_reply_to_user_id": null, "retweet_count": 0, "id_str": "656910621645086721", "favorited": false, "user": {"follow_request_sent": null, "has_extended_profile": false, "profile_use_background_image": true, "default_profile_image": false, "id": 180921842, "profile_background_image_url_https": "https://abs.twimg.com/images/themes/theme1/bg.png", "verified": false, "profile_text_color": "195752", "profile_image_url_https": "https://pbs.twimg.com/profile_images/638293835332894720/WoRaGL8k_normal.jpg", "profile_sidebar_fill_color": "7AC3EE", "entities": {"description": {"urls": []}}, "followers_count": 3476, "profile_sidebar_border_color": "65B0DA", "id_str": "180921842", "profile_background_color": "642D8B", "listed_count": 77, "is_translation_enabled": false, "utc_offset": -14400, "statuses_count": 36660, "description": "Editor in chief of everything that comes out of my mouth. Rarely feel the need to clarify my statements.", "friends_count": 3404, "location": "Daytona Beach, Florida USA", "profile_link_color": "006FFF", "profile_image_url": "http://pbs.twimg.com/profile_images/638293835332894720/WoRaGL8k_normal.jpg", "following": null, "geo_enabled": false, "profile_banner_url": "https://pbs.twimg.com/profile_banners/180921842/1439130566", "profile_background_image_url": "http://abs.twimg.com/images/themes/theme1/bg.png", "screen_name": "usuallyrite", "lang": "en", "profile_background_tile": true, "favourites_count": 247, "name": "Usuallyrite", "notifications": null, "url": null, "created_at": "Fri Aug 20 21:03:47 +0000 2010", "contributors_enabled": false, "time_zone": "Eastern Time (US & Canada)", "protected": false, "default_profile": false, "is_translator": false}, "geo": null, "in_reply_to_user_id_str": null, "lang": "en", "created_at": "Wed Oct 21 19:11:11 +0000 2015", "in_reply_to_status_id_str": null, "place": null, "metadata": {"iso_language_code": "en", "result_type": "recent"}}