{"contributors": null, "truncated": false, "text": "As #FLOTUS, #Hillary said \u201cwomen\u2019s rights are human rights\u201d; As Sec, gender equality was key in policy #ImWithHer https://t.co/2ZXvxwJtZF", "is_quote_status": false, "in_reply_to_status_id": null, "id": 656902573019025409, "favorite_count": 6, "source": "<a href=\"http://twitter.com\" rel=\"nofollow\">Twitter Web Client</a>", "retweeted": false, "coordinates": null, "entities": {"symbols": [], "user_mentions": [], "hashtags": [{"indices": [3, 10], "text": "FLOTUS"}, {"indices": [12, 20], "text": "Hillary"}, {"indices": [103, 113], "text": "ImWithHer"}], "urls": [{"url": "https://t.co/2ZXvxwJtZF", "indices": [114, 137], "expanded_url": "http://twitter.com/MadameGandhi/status/656902573019025409/photo/1", "display_url": "pic.twitter.com/2ZXvxwJtZF"}]}, "in_reply_to_screen_name": null, "in_reply_to_user_id": null, "retweet_count": 2, "id_str": "656902573019025409", "favorited": false, "user": {"follow_request_sent": null, "has_extended_profile": true, "profile_use_background_image": false, "default_profile_image": false, "id": 3236558747, "profile_background_image_url_https": "https://abs.twimg.com/images/themes/theme1/bg.png", "verified": false, "profile_text_color": "000000", "profile_image_url_https": "https://pbs.twimg.com/profile_images/650353140701773824/e2duBKIn_normal.jpg", "profile_sidebar_fill_color": "000000", "entities": {"url": {"urls": [{"url": "http://t.co/Pq2rjbonC4", "indices": [0, 22], "expanded_url": "http://www.shedoespodcast.com/listen/20-in-your-flow-kiran-gandhi", "display_url": "shedoespodcast.com/listen/20-in-y\u2026"}]}, "description": {"urls": []}}, "followers_count": 2791, "profile_sidebar_border_color": "000000", "id_str": "3236558747", "profile_background_color": "000000", "listed_count": 50, "is_translation_enabled": false, "utc_offset": -25200, "statuses_count": 1584, "description": "feminism and music", "friends_count": 1250, "location": "New York, NY", "profile_link_color": "FFCC4D", "profile_image_url": "http://pbs.twimg.com/profile_images/650353140701773824/e2duBKIn_normal.jpg", "following": null, "geo_enabled": false, "profile_banner_url": "https://pbs.twimg.com/profile_banners/3236558747/1430959422", "profile_background_image_url": "http://abs.twimg.com/images/themes/theme1/bg.png", "screen_name": "MadameGandhi", "lang": "en", "profile_background_tile": false, "favourites_count": 2053, "name": "Kiran Gandhi", "notifications": null, "url": "http://t.co/Pq2rjbonC4", "created_at": "Tue May 05 18:48:50 +0000 2015", "contributors_enabled": false, "time_zone": "Pacific Time (US & Canada)", "protected": false, "default_profile": false, "is_translator": false}, "geo": null, "in_reply_to_user_id_str": null, "possibly_sensitive": false, "lang": "en", "created_at": "Wed Oct 21 18:39:12 +0000 2015", "in_reply_to_status_id_str": null, "place": null, "metadata": {"iso_language_code": "en", "result_type": "recent"}}