{"contributors": null, "truncated": false, "text": "RT @StrengthenTheUS: No children, it's not Halloween. It's just the wicked witch melting. https://t.co/bRxsKXOU5l #Hillary2016 #Hillary htt\u2026", "is_quote_status": false, "in_reply_to_status_id": null, "id": 656902512868511744, "favorite_count": 0, "source": "<a href=\"https://mobile.twitter.com\" rel=\"nofollow\">Mobile Web (M2)</a>", "retweeted": false, "coordinates": null, "entities": {"symbols": [], "user_mentions": [{"id": 2252839610, "indices": [3, 19], "id_str": "2252839610", "screen_name": "StrengthenTheUS", "name": "Strengthen The US"}], "hashtags": [{"indices": [114, 126], "text": "Hillary2016"}, {"indices": [127, 135], "text": "Hillary"}], "urls": [{"url": "https://t.co/bRxsKXOU5l", "indices": [90, 113], "expanded_url": "http://hotair.com/archives/2015/10/10/reuters-poll-shows-hillary-dropping-10-points-among-dems-in-a-week", "display_url": "hotair.com/archives/2015/\u2026"}], "media": [{"source_user_id": 2252839610, "source_status_id_str": "656425150233972737", "expanded_url": "http://twitter.com/StrengthenTheUS/status/656425150233972737/photo/1", "display_url": "pic.twitter.com/3VsC0RqWjm", "url": "https://t.co/3VsC0RqWjm", "media_url_https": "https://pbs.twimg.com/media/CRwXMg_U8AAl573.png", "source_user_id_str": "2252839610", "source_status_id": 656425150233972737, "id_str": "656425149470666752", "sizes": {"large": {"h": 581, "resize": "fit", "w": 597}, "small": {"h": 330, "resize": "fit", "w": 340}, "medium": {"h": 581, "resize": "fit", "w": 597}, "thumb": {"h": 150, "resize": "crop", "w": 150}}, "indices": [139, 140], "type": "photo", "id": 656425149470666752, "media_url": "http://pbs.twimg.com/media/CRwXMg_U8AAl573.png"}]}, "in_reply_to_screen_name": null, "in_reply_to_user_id": null, "retweet_count": 22, "id_str": "656902512868511744", "favorited": false, "retweeted_status": {"contributors": null, "truncated": false, "text": "No children, it's not Halloween. It's just the wicked witch melting. https://t.co/bRxsKXOU5l #Hillary2016 #Hillary https://t.co/3VsC0RqWjm", "is_quote_status": false, "in_reply_to_status_id": null, "id": 656425150233972737, "favorite_count": 21, "source": "<a href=\"http://twitter.com\" rel=\"nofollow\">Twitter Web Client</a>", "retweeted": false, "coordinates": null, "entities": {"symbols": [], "user_mentions": [], "hashtags": [{"indices": [93, 105], "text": "Hillary2016"}, {"indices": [106, 114], "text": "Hillary"}], "urls": [{"url": "https://t.co/bRxsKXOU5l", "indices": [69, 92], "expanded_url": "http://hotair.com/archives/2015/10/10/reuters-poll-shows-hillary-dropping-10-points-among-dems-in-a-week", "display_url": "hotair.com/archives/2015/\u2026"}], "media": [{"expanded_url": "http://twitter.com/StrengthenTheUS/status/656425150233972737/photo/1", "display_url": "pic.twitter.com/3VsC0RqWjm", "url": "https://t.co/3VsC0RqWjm", "media_url_https": "https://pbs.twimg.com/media/CRwXMg_U8AAl573.png", "id_str": "656425149470666752", "sizes": {"large": {"h": 581, "resize": "fit", "w": 597}, "small": {"h": 330, "resize": "fit", "w": 340}, "medium": {"h": 581, "resize": "fit", "w": 597}, "thumb": {"h": 150, "resize": "crop", "w": 150}}, "indices": [115, 138], "type": "photo", "id": 656425149470666752, "media_url": "http://pbs.twimg.com/media/CRwXMg_U8AAl573.png"}]}, "in_reply_to_screen_name": null, "in_reply_to_user_id": null, "retweet_count": 22, "id_str": "656425150233972737", "favorited": false, "user": {"follow_request_sent": null, "has_extended_profile": true, "profile_use_background_image": true, "default_profile_image": false, "id": 2252839610, "profile_background_image_url_https": "https://pbs.twimg.com/profile_background_images/378800000165624405/hO2cC0MD.jpeg", "verified": false, "profile_text_color": "333333", "profile_image_url_https": "https://pbs.twimg.com/profile_images/631456885896392704/B7PelwwK_normal.png", "profile_sidebar_fill_color": "DDEEF6", "entities": {"url": {"urls": [{"url": "https://t.co/JGoByZoon5", "indices": [0, 23], "expanded_url": "https://www.youtube.com/StrengthenTheUS", "display_url": "youtube.com/StrengthenTheUS"}]}, "description": {"urls": []}}, "followers_count": 108042, "profile_sidebar_border_color": "000000", "id_str": "2252839610", "profile_background_color": "000000", "listed_count": 184, "is_translation_enabled": false, "utc_offset": -18000, "statuses_count": 3687, "description": "The #TrumpTrain Station!  End politics as usual that is destroying America.  #Trump will #MakeAmericaGreatAgain! #2A #SOT #Trump2016 RT\u2260endorsement", "friends_count": 38150, "location": "America", "profile_link_color": "840F21", "profile_image_url": "http://pbs.twimg.com/profile_images/631456885896392704/B7PelwwK_normal.png", "following": null, "geo_enabled": false, "profile_banner_url": "https://pbs.twimg.com/profile_banners/2252839610/1439711792", "profile_background_image_url": "http://pbs.twimg.com/profile_background_images/378800000165624405/hO2cC0MD.jpeg", "screen_name": "StrengthenTheUS", "lang": "en", "profile_background_tile": false, "favourites_count": 14195, "name": "Strengthen The US", "notifications": null, "url": "https://t.co/JGoByZoon5", "created_at": "Thu Dec 19 02:23:46 +0000 2013", "contributors_enabled": false, "time_zone": "Central Time (US & Canada)", "protected": false, "default_profile": false, "is_translator": false}, "geo": null, "in_reply_to_user_id_str": null, "possibly_sensitive": false, "lang": "en", "created_at": "Tue Oct 20 11:02:06 +0000 2015", "in_reply_to_status_id_str": null, "place": null, "metadata": {"iso_language_code": "en", "result_type": "recent"}}, "user": {"follow_request_sent": null, "has_extended_profile": false, "profile_use_background_image": true, "default_profile_image": false, "id": 29251012, "profile_background_image_url_https": "https://pbs.twimg.com/profile_background_images/378800000177672441/vA2a3nkk.jpeg", "verified": false, "profile_text_color": "333333", "profile_image_url_https": "https://pbs.twimg.com/profile_images/3512720097/13e38266d01a755db14abb1eaa7dfc5c_normal.jpeg", "profile_sidebar_fill_color": "D9E1F2", "entities": {"description": {"urls": []}}, "followers_count": 1021, "profile_sidebar_border_color": "000000", "id_str": "29251012", "profile_background_color": "9DA4E3", "listed_count": 18, "is_translation_enabled": false, "utc_offset": -25200, "statuses_count": 9382, "description": "Trump supporter, motorcar enthusiast. Had a pirate radio show for 4 years.", "friends_count": 1405, "location": " South Florida \u2665 United States of America", "profile_link_color": "F62217", "profile_image_url": "http://pbs.twimg.com/profile_images/3512720097/13e38266d01a755db14abb1eaa7dfc5c_normal.jpeg", "following": null, "geo_enabled": false, "profile_background_image_url": "http://pbs.twimg.com/profile_background_images/378800000177672441/vA2a3nkk.jpeg", "screen_name": "exlibinsf", "lang": "en", "profile_background_tile": true, "favourites_count": 4095, "name": "The Ex Liberal", "notifications": null, "url": null, "created_at": "Mon Apr 06 17:46:10 +0000 2009", "contributors_enabled": false, "time_zone": "Pacific Time (US & Canada)", "protected": false, "default_profile": false, "is_translator": false}, "geo": null, "in_reply_to_user_id_str": null, "possibly_sensitive": false, "lang": "en", "created_at": "Wed Oct 21 18:38:58 +0000 2015", "in_reply_to_status_id_str": null, "place": null, "metadata": {"iso_language_code": "en", "result_type": "recent"}}