{"contributors": null, "truncated": false, "text": "#HillaryClinton #Hillary2016 #HillaryEmail #hillaryforprision2016  https://t.co/vml9wniQlX", "is_quote_status": true, "in_reply_to_status_id": null, "id": 656907470267355136, "favorite_count": 1, "entities": {"symbols": [], "user_mentions": [], "hashtags": [{"indices": [0, 15], "text": "HillaryClinton"}, {"indices": [16, 28], "text": "Hillary2016"}, {"indices": [29, 42], "text": "HillaryEmail"}, {"indices": [43, 65], "text": "hillaryforprision2016"}], "urls": [{"url": "https://t.co/vml9wniQlX", "indices": [67, 90], "expanded_url": "https://twitter.com/gerfingerpoken2/status/656906764944719872", "display_url": "twitter.com/gerfingerpoken\u2026"}]}, "quoted_status_id": 656906764944719872, "retweeted": false, "coordinates": null, "quoted_status": {"contributors": null, "truncated": false, "text": "(IBD) Hillary Clinton's Culture Of Corruption May Doom Candidacy https://t.co/wdbMiUYYRf - #IBDeditorials - https://t.co/TqROwj7oJU 20", "is_quote_status": false, "in_reply_to_status_id": null, "id": 656906764944719872, "favorite_count": 5, "source": "<a href=\"https://smqueue.com\" rel=\"nofollow\">smqueue</a>", "retweeted": false, "coordinates": null, "entities": {"symbols": [], "user_mentions": [], "hashtags": [{"indices": [91, 105], "text": "IBDeditorials"}], "urls": [{"url": "https://t.co/wdbMiUYYRf", "indices": [65, 88], "expanded_url": "http://ift.tt/1EZdMXm", "display_url": "ift.tt/1EZdMXm"}], "media": [{"source_user_id": 329141413, "source_status_id_str": "581607044186263553", "expanded_url": "http://twitter.com/JosephMRyan1/status/581607044186263553/photo/1", "display_url": "pic.twitter.com/TqROwj7oJU", "url": "https://t.co/TqROwj7oJU", "media_url_https": "https://pbs.twimg.com/media/CBJIhegU8AEQJBL.jpg", "source_user_id_str": "329141413", "source_status_id": 581607044186263553, "id_str": "581607041845751809", "sizes": {"small": {"h": 339, "resize": "fit", "w": 340}, "large": {"h": 499, "resize": "fit", "w": 500}, "medium": {"h": 499, "resize": "fit", "w": 500}, "thumb": {"h": 150, "resize": "crop", "w": 150}}, "indices": [108, 131], "type": "photo", "id": 581607041845751809, "media_url": "http://pbs.twimg.com/media/CBJIhegU8AEQJBL.jpg"}]}, "in_reply_to_screen_name": null, "in_reply_to_user_id": null, "retweet_count": 6, "id_str": "656906764944719872", "favorited": false, "user": {"follow_request_sent": null, "has_extended_profile": false, "profile_use_background_image": true, "default_profile_image": false, "id": 2188423838, "profile_background_image_url_https": "https://pbs.twimg.com/profile_background_images/554719475350532096/EDave5IR.jpeg", "verified": false, "profile_text_color": "333333", "profile_image_url_https": "https://pbs.twimg.com/profile_images/590549376298278914/cG2ieFgZ_normal.jpg", "profile_sidebar_fill_color": "DDEEF6", "entities": {"url": {"urls": [{"url": "http://t.co/7CZFHhG4up", "indices": [0, 22], "expanded_url": "http://www.americanthinker.com/author/daniel_john_sobieski/", "display_url": "americanthinker.com/author/daniel_\u2026"}]}, "description": {"urls": []}}, "followers_count": 15506, "profile_sidebar_border_color": "FFFFFF", "id_str": "2188423838", "profile_background_color": "C0DEED", "listed_count": 289, "is_translation_enabled": false, "utc_offset": -18000, "statuses_count": 417156, "description": "Free lance writer, to right of Attila, #Catholic #prolife #tcot #teaparty #NRA \u039c\u039f\u039b\u03a9\u039d \u039b\u0391\u0392\u0395", "friends_count": 7731, "location": "People's Republic of Chicago", "profile_link_color": "0084B4", "profile_image_url": "http://pbs.twimg.com/profile_images/590549376298278914/cG2ieFgZ_normal.jpg", "following": null, "geo_enabled": false, "profile_banner_url": "https://pbs.twimg.com/profile_banners/2188423838/1384214594", "profile_background_image_url": "http://pbs.twimg.com/profile_background_images/554719475350532096/EDave5IR.jpeg", "screen_name": "gerfingerpoken2", "lang": "en", "profile_background_tile": true, "favourites_count": 687, "name": "Daniel John Sobieski", "notifications": null, "url": "http://t.co/7CZFHhG4up", "created_at": "Mon Nov 11 13:53:01 +0000 2013", "contributors_enabled": false, "time_zone": "Central Time (US & Canada)", "protected": false, "default_profile": false, "is_translator": false}, "geo": null, "in_reply_to_user_id_str": null, "possibly_sensitive": false, "lang": "en", "created_at": "Wed Oct 21 18:55:52 +0000 2015", "in_reply_to_status_id_str": null, "place": null, "metadata": {"iso_language_code": "und", "result_type": "recent"}}, "source": "<a href=\"http://twitter.com\" rel=\"nofollow\">Twitter Web Client</a>", "in_reply_to_screen_name": null, "in_reply_to_user_id": null, "retweet_count": 1, "id_str": "656907470267355136", "favorited": false, "user": {"follow_request_sent": null, "has_extended_profile": false, "profile_use_background_image": false, "default_profile_image": false, "id": 2903789200, "profile_background_image_url_https": "https://pbs.twimg.com/profile_background_images/571370102767882240/y93xD8s5.png", "verified": false, "profile_text_color": "0C3E53", "profile_image_url_https": "https://pbs.twimg.com/profile_images/583019648494497793/p-BG4990_normal.jpg", "profile_sidebar_fill_color": "FFF7CC", "entities": {"description": {"urls": []}}, "followers_count": 1712, "profile_sidebar_border_color": "F2E195", "id_str": "2903789200", "profile_background_color": "1C1C1C", "listed_count": 44, "is_translation_enabled": false, "utc_offset": -14400, "statuses_count": 9313, "description": "#Patriot #2A #NRA #Glock #Sarcastic #PoliticallyIncorrect Pro #Police #Military, #FreeSpeech, Fan @TheCumiaShow Network #NJDevils", "friends_count": 1778, "location": "", "profile_link_color": "1C1C1C", "profile_image_url": "http://pbs.twimg.com/profile_images/583019648494497793/p-BG4990_normal.jpg", "following": null, "geo_enabled": false, "profile_banner_url": "https://pbs.twimg.com/profile_banners/2903789200/1444920711", "profile_background_image_url": "http://pbs.twimg.com/profile_background_images/571370102767882240/y93xD8s5.png", "screen_name": "023_Bill", "lang": "en", "profile_background_tile": true, "favourites_count": 1919, "name": "Bill", "notifications": null, "url": null, "created_at": "Wed Dec 03 13:39:50 +0000 2014", "contributors_enabled": false, "time_zone": "Eastern Time (US & Canada)", "protected": false, "default_profile": false, "is_translator": false}, "geo": null, "in_reply_to_user_id_str": null, "possibly_sensitive": false, "lang": "und", "created_at": "Wed Oct 21 18:58:40 +0000 2015", "quoted_status_id_str": "656906764944719872", "in_reply_to_status_id_str": null, "place": null, "metadata": {"iso_language_code": "und", "result_type": "recent"}}