{"contributors": null, "truncated": false, "text": "#NRA #gunsense #ImWithHer  https://t.co/VvgRy344QZ", "is_quote_status": true, "in_reply_to_status_id": null, "id": 656900623275679744, "favorite_count": 2, "entities": {"symbols": [], "user_mentions": [], "hashtags": [{"indices": [0, 4], "text": "NRA"}, {"indices": [5, 14], "text": "gunsense"}, {"indices": [15, 25], "text": "ImWithHer"}], "urls": [{"url": "https://t.co/VvgRy344QZ", "indices": [27, 50], "expanded_url": "https://twitter.com/mmfa/status/656900354282381313", "display_url": "twitter.com/mmfa/status/65\u2026"}]}, "quoted_status_id": 656900354282381313, "retweeted": false, "coordinates": null, "quoted_status": {"contributors": null, "truncated": false, "text": "NRA promotes an article suggesting Democrats will be hung during civil war over gun rights: https://t.co/TJmIw7013Q https://t.co/4Hrj0YB42K", "is_quote_status": false, "in_reply_to_status_id": null, "id": 656900354282381313, "favorite_count": 35, "source": "<a href=\"https://about.twitter.com/products/tweetdeck\" rel=\"nofollow\">TweetDeck</a>", "retweeted": false, "coordinates": null, "entities": {"symbols": [], "user_mentions": [], "hashtags": [], "urls": [{"url": "https://t.co/TJmIw7013Q", "indices": [92, 115], "expanded_url": "http://mm4a.org/1PGBXk2", "display_url": "mm4a.org/1PGBXk2"}], "media": [{"expanded_url": "http://twitter.com/mmfa/status/656900354282381313/photo/1", "display_url": "pic.twitter.com/4Hrj0YB42K", "url": "https://t.co/4Hrj0YB42K", "media_url_https": "https://pbs.twimg.com/media/CR28aQYUsAAesbB.jpg", "id_str": "656888279925567488", "sizes": {"small": {"h": 469, "resize": "fit", "w": 340}, "large": {"h": 864, "resize": "fit", "w": 626}, "medium": {"h": 828, "resize": "fit", "w": 600}, "thumb": {"h": 150, "resize": "crop", "w": 150}}, "indices": [116, 139], "type": "photo", "id": 656888279925567488, "media_url": "http://pbs.twimg.com/media/CR28aQYUsAAesbB.jpg"}]}, "in_reply_to_screen_name": null, "in_reply_to_user_id": null, "retweet_count": 80, "id_str": "656900354282381313", "favorited": false, "user": {"follow_request_sent": null, "has_extended_profile": false, "profile_use_background_image": true, "default_profile_image": false, "id": 13493302, "profile_background_image_url_https": "https://pbs.twimg.com/profile_background_images/660309504/jywz9f77bmscs5ckmme9.png", "verified": true, "profile_text_color": "333333", "profile_image_url_https": "https://pbs.twimg.com/profile_images/420922743345782784/Bjk2qDue_normal.jpeg", "profile_sidebar_fill_color": "DDEEF6", "entities": {"url": {"urls": [{"url": "http://t.co/aWQ7EsTgj6", "indices": [0, 22], "expanded_url": "http://mediamatters.org/", "display_url": "mediamatters.org"}]}, "description": {"urls": []}}, "followers_count": 193774, "profile_sidebar_border_color": "FFFFFF", "id_str": "13493302", "profile_background_color": "F7F2F7", "listed_count": 8112, "is_translation_enabled": false, "utc_offset": -14400, "statuses_count": 44127, "description": "Media Matters for America is the nation's premier progressive media watchdog, research and information center.", "friends_count": 2656, "location": "Washington, DC", "profile_link_color": "0084B4", "profile_image_url": "http://pbs.twimg.com/profile_images/420922743345782784/Bjk2qDue_normal.jpeg", "following": null, "geo_enabled": false, "profile_banner_url": "https://pbs.twimg.com/profile_banners/13493302/1431626042", "profile_background_image_url": "http://pbs.twimg.com/profile_background_images/660309504/jywz9f77bmscs5ckmme9.png", "screen_name": "mmfa", "lang": "en", "profile_background_tile": true, "favourites_count": 1337, "name": "Media Matters", "notifications": null, "url": "http://t.co/aWQ7EsTgj6", "created_at": "Thu Feb 14 22:48:21 +0000 2008", "contributors_enabled": false, "time_zone": "Eastern Time (US & Canada)", "protected": false, "default_profile": false, "is_translator": false}, "geo": null, "in_reply_to_user_id_str": null, "possibly_sensitive": false, "lang": "en", "created_at": "Wed Oct 21 18:30:23 +0000 2015", "in_reply_to_status_id_str": null, "place": null, "metadata": {"iso_language_code": "und", "result_type": "recent"}}, "source": "<a href=\"http://twitter.com/download/iphone\" rel=\"nofollow\">Twitter for iPhone</a>", "in_reply_to_screen_name": null, "in_reply_to_user_id": null, "retweet_count": 1, "id_str": "656900623275679744", "favorited": false, "user": {"follow_request_sent": null, "has_extended_profile": false, "profile_use_background_image": true, "default_profile_image": false, "id": 3217694460, "profile_background_image_url_https": "https://abs.twimg.com/images/themes/theme1/bg.png", "verified": false, "profile_text_color": "333333", "profile_image_url_https": "https://pbs.twimg.com/profile_images/655398802262593537/aX4p4Tig_normal.jpg", "profile_sidebar_fill_color": "DDEEF6", "entities": {"url": {"urls": [{"url": "https://t.co/6yuYvCYmZ4", "indices": [0, 23], "expanded_url": "http://hillaryclinton.com", "display_url": "hillaryclinton.com"}]}, "description": {"urls": []}}, "followers_count": 1406, "profile_sidebar_border_color": "C0DEED", "id_str": "3217694460", "profile_background_color": "C0DEED", "listed_count": 112, "is_translation_enabled": false, "utc_offset": null, "statuses_count": 27796, "description": "#Hillary2016 #Volunteer #LGBTrights #BLM #UniteBlue #revolutionofLove MY TWEETS ARE MY OWN #notfeelingthebern #nogop #shutdownbenghazicommittee #gowdyforprison", "friends_count": 1044, "location": "Summerlin South, NV", "profile_link_color": "0084B4", "profile_image_url": "http://pbs.twimg.com/profile_images/655398802262593537/aX4p4Tig_normal.jpg", "following": null, "geo_enabled": true, "profile_banner_url": "https://pbs.twimg.com/profile_banners/3217694460/1445486341", "profile_background_image_url": "http://abs.twimg.com/images/themes/theme1/bg.png", "screen_name": "stylistkavin", "lang": "en", "profile_background_tile": false, "favourites_count": 30485, "name": "Kavin", "notifications": null, "url": "https://t.co/6yuYvCYmZ4", "created_at": "Sun May 17 22:44:49 +0000 2015", "contributors_enabled": false, "time_zone": null, "protected": false, "default_profile": true, "is_translator": false}, "geo": null, "in_reply_to_user_id_str": null, "possibly_sensitive": false, "lang": "und", "created_at": "Wed Oct 21 18:31:27 +0000 2015", "quoted_status_id_str": "656900354282381313", "in_reply_to_status_id_str": null, "place": {"full_name": "Nevada, USA", "url": "https://api.twitter.com/1.1/geo/id/d374fb61a20fb74f.json", "country": "United States", "place_type": "admin", "bounding_box": {"type": "Polygon", "coordinates": [[[-120.00574, 35.002086], [-114.039649, 35.002086], [-114.039649, 42.002208], [-120.00574, 42.002208]]]}, "contained_within": [], "country_code": "US", "attributes": {}, "id": "d374fb61a20fb74f", "name": "Nevada"}, "metadata": {"iso_language_code": "und", "result_type": "recent"}}