{"contributors": null, "truncated": false, "text": "#Benghazi #Committee Chief Inquisition Chairman #Busted!  You Can't Take Down Our Champion, #Hillary2016 #ImWithHer! https://t.co/Psh0mzNVZN", "is_quote_status": false, "in_reply_to_status_id": null, "id": 656903840525078529, "favorite_count": 0, "source": "<a href=\"http://www.facebook.com/twitter\" rel=\"nofollow\">Facebook</a>", "retweeted": false, "coordinates": null, "entities": {"symbols": [], "user_mentions": [], "hashtags": [{"indices": [0, 9], "text": "Benghazi"}, {"indices": [10, 20], "text": "Committee"}, {"indices": [48, 55], "text": "Busted"}, {"indices": [92, 104], "text": "Hillary2016"}, {"indices": [105, 115], "text": "ImWithHer"}], "urls": [{"url": "https://t.co/Psh0mzNVZN", "indices": [117, 140], "expanded_url": "http://fb.me/7GmWl8HDE", "display_url": "fb.me/7GmWl8HDE"}]}, "in_reply_to_screen_name": null, "in_reply_to_user_id": null, "retweet_count": 0, "id_str": "656903840525078529", "favorited": false, "user": {"follow_request_sent": null, "has_extended_profile": false, "profile_use_background_image": true, "default_profile_image": false, "id": 1328046631, "profile_background_image_url_https": "https://abs.twimg.com/images/themes/theme1/bg.png", "verified": false, "profile_text_color": "333333", "profile_image_url_https": "https://pbs.twimg.com/profile_images/587392878290178048/7TZf12td_normal.jpg", "profile_sidebar_fill_color": "DDEEF6", "entities": {"description": {"urls": []}}, "followers_count": 1622, "profile_sidebar_border_color": "C0DEED", "id_str": "1328046631", "profile_background_color": "C0DEED", "listed_count": 50, "is_translation_enabled": false, "utc_offset": -14400, "statuses_count": 10702, "description": "#Hillary2016 #FloridaOrganizing Volunteer Organizer #HillaryForAmerica #FL13  Consultant-Frmer Dem City Councilor  #NoCeilings #Equality #FairWages  Pls FB", "friends_count": 2002, "location": "Tampa Bay, FL", "profile_link_color": "0084B4", "profile_image_url": "http://pbs.twimg.com/profile_images/587392878290178048/7TZf12td_normal.jpg", "following": null, "geo_enabled": true, "profile_banner_url": "https://pbs.twimg.com/profile_banners/1328046631/1432109423", "profile_background_image_url": "http://abs.twimg.com/images/themes/theme1/bg.png", "screen_name": "LarryPotter2016", "lang": "en", "profile_background_tile": false, "favourites_count": 2203, "name": "Larry Potter ", "notifications": null, "url": null, "created_at": "Thu Apr 04 23:53:53 +0000 2013", "contributors_enabled": false, "time_zone": "Eastern Time (US & Canada)", "protected": false, "default_profile": true, "is_translator": false}, "geo": null, "in_reply_to_user_id_str": null, "possibly_sensitive": false, "lang": "en", "created_at": "Wed Oct 21 18:44:14 +0000 2015", "in_reply_to_status_id_str": null, "place": null, "metadata": {"iso_language_code": "en", "result_type": "recent"}}