{"contributors": null, "truncated": false, "text": "#HillaryClinton after hearing Vice President Biden would not be running for President. https://t.co/uHwnnS1SPl", "is_quote_status": false, "in_reply_to_status_id": null, "id": 656901605225185280, "favorite_count": 0, "source": "<a href=\"http://twitter.com/download/iphone\" rel=\"nofollow\">Twitter for iPhone</a>", "retweeted": false, "coordinates": null, "entities": {"symbols": [], "user_mentions": [], "hashtags": [{"indices": [0, 15], "text": "HillaryClinton"}], "urls": [{"url": "https://t.co/uHwnnS1SPl", "indices": [87, 110], "expanded_url": "http://twitter.com/scorpio57files/status/656901605225185280/photo/1", "display_url": "pic.twitter.com/uHwnnS1SPl"}]}, "in_reply_to_screen_name": null, "in_reply_to_user_id": null, "retweet_count": 0, "id_str": "656901605225185280", "favorited": false, "user": {"follow_request_sent": null, "has_extended_profile": false, "profile_use_background_image": true, "default_profile_image": false, "id": 199908404, "profile_background_image_url_https": "https://abs.twimg.com/images/themes/theme1/bg.png", "verified": false, "profile_text_color": "333333", "profile_image_url_https": "https://pbs.twimg.com/profile_images/560273471947567104/dFGgzUou_normal.png", "profile_sidebar_fill_color": "DDEEF6", "entities": {"description": {"urls": []}}, "followers_count": 1660, "profile_sidebar_border_color": "C0DEED", "id_str": "199908404", "profile_background_color": "C0DEED", "listed_count": 55, "is_translation_enabled": false, "utc_offset": -25200, "statuses_count": 17325, "description": "Caregiver. Interests in art, film, politics. Liberal. #Finch #POI #CrossingJordan #MiguelFerrer . Have #RA , but that won't stop me! Also @FanMiguelFerrer", "friends_count": 2001, "location": "University Place, Wa", "profile_link_color": "0084B4", "profile_image_url": "http://pbs.twimg.com/profile_images/560273471947567104/dFGgzUou_normal.png", "following": null, "geo_enabled": false, "profile_banner_url": "https://pbs.twimg.com/profile_banners/199908404/1436637591", "profile_background_image_url": "http://abs.twimg.com/images/themes/theme1/bg.png", "screen_name": "scorpio57files", "lang": "en", "profile_background_tile": false, "favourites_count": 763, "name": "Diane Guthrie", "notifications": null, "url": null, "created_at": "Fri Oct 08 00:41:32 +0000 2010", "contributors_enabled": false, "time_zone": "Pacific Time (US & Canada)", "protected": false, "default_profile": true, "is_translator": false}, "geo": null, "in_reply_to_user_id_str": null, "possibly_sensitive": false, "lang": "en", "created_at": "Wed Oct 21 18:35:21 +0000 2015", "in_reply_to_status_id_str": null, "place": null, "metadata": {"iso_language_code": "en", "result_type": "recent"}}