{"contributors": null, "truncated": false, "text": "Once you get past rhetoric and look at facts, #HillaryClinton was fantastic #SecState. Unfortunately, #Republicans only listen to rhetoric.", "is_quote_status": false, "in_reply_to_status_id": null, "id": 656906997284007936, "favorite_count": 0, "source": "<a href=\"http://twitter.com/download/android\" rel=\"nofollow\">Twitter for Android</a>", "retweeted": false, "coordinates": null, "entities": {"symbols": [], "user_mentions": [], "hashtags": [{"indices": [46, 61], "text": "HillaryClinton"}, {"indices": [76, 85], "text": "SecState"}, {"indices": [102, 114], "text": "Republicans"}], "urls": []}, "in_reply_to_screen_name": null, "in_reply_to_user_id": null, "retweet_count": 0, "id_str": "656906997284007936", "favorited": false, "user": {"follow_request_sent": null, "has_extended_profile": false, "profile_use_background_image": true, "default_profile_image": true, "id": 1363083624, "profile_background_image_url_https": "https://abs.twimg.com/images/themes/theme1/bg.png", "verified": false, "profile_text_color": "333333", "profile_image_url_https": "https://abs.twimg.com/sticky/default_profile_images/default_profile_0_normal.png", "profile_sidebar_fill_color": "DDEEF6", "entities": {"description": {"urls": []}}, "followers_count": 12, "profile_sidebar_border_color": "C0DEED", "id_str": "1363083624", "profile_background_color": "C0DEED", "listed_count": 28, "is_translation_enabled": false, "utc_offset": -25200, "statuses_count": 4737, "description": "", "friends_count": 5, "location": "", "profile_link_color": "0084B4", "profile_image_url": "http://abs.twimg.com/sticky/default_profile_images/default_profile_0_normal.png", "following": null, "geo_enabled": false, "profile_background_image_url": "http://abs.twimg.com/images/themes/theme1/bg.png", "screen_name": "NewsTweeted", "lang": "en", "profile_background_tile": false, "favourites_count": 2, "name": "Newscast", "notifications": null, "url": null, "created_at": "Thu Apr 18 23:06:50 +0000 2013", "contributors_enabled": false, "time_zone": "Pacific Time (US & Canada)", "protected": false, "default_profile": true, "is_translator": false}, "geo": null, "in_reply_to_user_id_str": null, "lang": "en", "created_at": "Wed Oct 21 18:56:47 +0000 2015", "in_reply_to_status_id_str": null, "place": null, "metadata": {"iso_language_code": "en", "result_type": "recent"}}