{"contributors": null, "truncated": false, "text": "Still not over fact that @CNN hosts debate but contributed to #Hillary2016 's campaign. #FeelTheBern #conflictofinterest #CNNDebate", "is_quote_status": false, "in_reply_to_status_id": null, "id": 656908732752875521, "favorite_count": 1, "source": "<a href=\"http://twitter.com/download/iphone\" rel=\"nofollow\">Twitter for iPhone</a>", "retweeted": false, "coordinates": null, "entities": {"symbols": [], "user_mentions": [{"id": 759251, "indices": [25, 29], "id_str": "759251", "screen_name": "CNN", "name": "CNN"}], "hashtags": [{"indices": [62, 74], "text": "Hillary2016"}, {"indices": [88, 100], "text": "FeelTheBern"}, {"indices": [101, 120], "text": "conflictofinterest"}, {"indices": [121, 131], "text": "CNNDebate"}], "urls": []}, "in_reply_to_screen_name": null, "in_reply_to_user_id": null, "retweet_count": 0, "id_str": "656908732752875521", "favorited": false, "user": {"follow_request_sent": null, "has_extended_profile": false, "profile_use_background_image": false, "default_profile_image": false, "id": 288510174, "profile_background_image_url_https": "https://abs.twimg.com/images/themes/theme13/bg.gif", "verified": false, "profile_text_color": "000000", "profile_image_url_https": "https://pbs.twimg.com/profile_images/577284841701396480/cHcmoyoW_normal.jpeg", "profile_sidebar_fill_color": "000000", "entities": {"description": {"urls": []}}, "followers_count": 52, "profile_sidebar_border_color": "000000", "id_str": "288510174", "profile_background_color": "000000", "listed_count": 3, "is_translation_enabled": false, "utc_offset": -14400, "statuses_count": 1020, "description": "Teacher, reader, singer, actor, lover, mother.  Who, being loved, is poor? - Oscar Wilde", "friends_count": 55, "location": "", "profile_link_color": "3B94D9", "profile_image_url": "http://pbs.twimg.com/profile_images/577284841701396480/cHcmoyoW_normal.jpeg", "following": null, "geo_enabled": false, "profile_banner_url": "https://pbs.twimg.com/profile_banners/288510174/1431838686", "profile_background_image_url": "http://abs.twimg.com/images/themes/theme13/bg.gif", "screen_name": "CliftonMeg", "lang": "en", "profile_background_tile": false, "favourites_count": 59, "name": "Meg Clifton", "notifications": null, "url": null, "created_at": "Wed Apr 27 00:08:36 +0000 2011", "contributors_enabled": false, "time_zone": "Eastern Time (US & Canada)", "protected": false, "default_profile": false, "is_translator": false}, "geo": null, "in_reply_to_user_id_str": null, "lang": "en", "created_at": "Wed Oct 21 19:03:41 +0000 2015", "in_reply_to_status_id_str": null, "place": null, "metadata": {"iso_language_code": "en", "result_type": "recent"}}