{"contributors": null, "truncated": false, "text": "#JoeBiden chides indirectly #HillaryClinton on #Republicans being her enemy\".  @realDonaldTrump will work for all Americans #TEAMTRUMP", "is_quote_status": false, "in_reply_to_status_id": null, "id": 656902490382839808, "favorite_count": 0, "source": "<a href=\"http://twitter.com/download/iphone\" rel=\"nofollow\">Twitter for iPhone</a>", "retweeted": false, "coordinates": null, "entities": {"symbols": [], "user_mentions": [{"id": 25073877, "indices": [79, 95], "id_str": "25073877", "screen_name": "realDonaldTrump", "name": "Donald J. Trump"}], "hashtags": [{"indices": [0, 9], "text": "JoeBiden"}, {"indices": [28, 43], "text": "HillaryClinton"}, {"indices": [47, 59], "text": "Republicans"}, {"indices": [124, 134], "text": "TEAMTRUMP"}], "urls": []}, "in_reply_to_screen_name": null, "in_reply_to_user_id": null, "retweet_count": 1, "id_str": "656902490382839808", "favorited": false, "user": {"follow_request_sent": null, "has_extended_profile": false, "profile_use_background_image": true, "default_profile_image": false, "id": 3644296515, "profile_background_image_url_https": "https://abs.twimg.com/images/themes/theme1/bg.png", "verified": false, "profile_text_color": "333333", "profile_image_url_https": "https://pbs.twimg.com/profile_images/643122389556043776/tB89zkHf_normal.jpg", "profile_sidebar_fill_color": "DDEEF6", "entities": {"description": {"urls": []}}, "followers_count": 1389, "profile_sidebar_border_color": "C0DEED", "id_str": "3644296515", "profile_background_color": "C0DEED", "listed_count": 23, "is_translation_enabled": false, "utc_offset": -25200, "statuses_count": 3592, "description": "International Consultant, Coalition of Hope #VETS Free Thinking Woman, #Disrupter Only #TrumpForPresident will #MakeAmericaGreatAgain #JobsUSA", "friends_count": 2023, "location": "With You in Trumpville USA", "profile_link_color": "0084B4", "profile_image_url": "http://pbs.twimg.com/profile_images/643122389556043776/tB89zkHf_normal.jpg", "following": null, "geo_enabled": false, "profile_banner_url": "https://pbs.twimg.com/profile_banners/3644296515/1442167315", "profile_background_image_url": "http://abs.twimg.com/images/themes/theme1/bg.png", "screen_name": "TRUMPHIANT2016", "lang": "en", "profile_background_tile": false, "favourites_count": 2187, "name": "Trump For President!", "notifications": null, "url": null, "created_at": "Sun Sep 13 17:32:42 +0000 2015", "contributors_enabled": false, "time_zone": "Pacific Time (US & Canada)", "protected": false, "default_profile": true, "is_translator": false}, "geo": null, "in_reply_to_user_id_str": null, "lang": "en", "created_at": "Wed Oct 21 18:38:53 +0000 2015", "in_reply_to_status_id_str": null, "place": null, "metadata": {"iso_language_code": "en", "result_type": "recent"}}