{"contributors": null, "truncated": false, "text": "#TedCruz: Here\u2019s The One Debate Question I\u2019d Ask #HillaryClinton -https://t.co/D3h9PMdLQd via @FDRLST #TedCruz2016 #GOPDebate #CruzToVictory", "is_quote_status": false, "in_reply_to_status_id": null, "id": 656905940462141441, "favorite_count": 1, "source": "<a href=\"http://twitter.com\" rel=\"nofollow\">Twitter Web Client</a>", "retweeted": false, "coordinates": null, "entities": {"symbols": [], "user_mentions": [{"id": 1408003598, "indices": [94, 101], "id_str": "1408003598", "screen_name": "FDRLST", "name": "The Federalist"}], "hashtags": [{"indices": [0, 8], "text": "TedCruz"}, {"indices": [49, 64], "text": "HillaryClinton"}, {"indices": [102, 114], "text": "TedCruz2016"}, {"indices": [115, 125], "text": "GOPDebate"}, {"indices": [126, 140], "text": "CruzToVictory"}], "urls": [{"url": "https://t.co/D3h9PMdLQd", "indices": [66, 89], "expanded_url": "http://thefederalist.com/2015/08/10/ted-cruz-heres-the-one-debate-question-id-ask-hillary-clinton/", "display_url": "thefederalist.com/2015/08/10/ted\u2026"}]}, "in_reply_to_screen_name": null, "in_reply_to_user_id": null, "retweet_count": 0, "id_str": "656905940462141441", "favorited": false, "user": {"follow_request_sent": null, "has_extended_profile": false, "profile_use_background_image": true, "default_profile_image": false, "id": 1702344373, "profile_background_image_url_https": "https://pbs.twimg.com/profile_background_images/516717173020966912/lUFtb-31.jpeg", "verified": false, "profile_text_color": "000000", "profile_image_url_https": "https://pbs.twimg.com/profile_images/626579872056373248/oz-KPdej_normal.png", "profile_sidebar_fill_color": "000000", "entities": {"description": {"urls": []}}, "followers_count": 3488, "profile_sidebar_border_color": "000000", "id_str": "1702344373", "profile_background_color": "1A1B1F", "listed_count": 93, "is_translation_enabled": false, "utc_offset": null, "statuses_count": 26199, "description": "Only 1 life, \u2019twill soon be past. Only what\u2019s done for Christ will last ~C.T.Studd #TimeToSTAND\u271d\u2655#Psalm133:1 #Pray4The54 #TogetherWereGoingToWin #CruzToVictory!", "friends_count": 3186, "location": "United States", "profile_link_color": "3B94D9", "profile_image_url": "http://pbs.twimg.com/profile_images/626579872056373248/oz-KPdej_normal.png", "following": null, "geo_enabled": false, "profile_banner_url": "https://pbs.twimg.com/profile_banners/1702344373/1440255596", "profile_background_image_url": "http://pbs.twimg.com/profile_background_images/516717173020966912/lUFtb-31.jpeg", "screen_name": "DarleneHBrook", "lang": "en", "profile_background_tile": false, "favourites_count": 12832, "name": "Darlene Brook ", "notifications": null, "url": null, "created_at": "Mon Aug 26 16:12:02 +0000 2013", "contributors_enabled": false, "time_zone": null, "protected": false, "default_profile": false, "is_translator": false}, "geo": null, "in_reply_to_user_id_str": null, "possibly_sensitive": false, "lang": "en", "created_at": "Wed Oct 21 18:52:35 +0000 2015", "in_reply_to_status_id_str": null, "place": null, "metadata": {"iso_language_code": "en", "result_type": "recent"}}