{"contributors": null, "truncated": false, "text": "I just became a #Hillary2016 grassroots tweeter for @HillaryClinton. She needs you in her corner too! Join:  https://t.co/WaZCk1r2fv", "is_quote_status": false, "in_reply_to_status_id": null, "id": 656903095763398657, "favorite_count": 1, "source": "<a href=\"http://twitter.com\" rel=\"nofollow\">Twitter Web Client</a>", "retweeted": false, "coordinates": null, "entities": {"symbols": [], "user_mentions": [{"id": 1339835893, "indices": [52, 67], "id_str": "1339835893", "screen_name": "HillaryClinton", "name": "Hillary Clinton"}], "hashtags": [{"indices": [16, 28], "text": "Hillary2016"}], "urls": [{"url": "https://t.co/WaZCk1r2fv", "indices": [109, 132], "expanded_url": "https://www.hillaryclinton.com/signup/become-grassroots-tweeter/", "display_url": "hillaryclinton.com/signup/become-\u2026"}]}, "in_reply_to_screen_name": null, "in_reply_to_user_id": null, "retweet_count": 1, "id_str": "656903095763398657", "favorited": false, "user": {"follow_request_sent": null, "has_extended_profile": true, "profile_use_background_image": true, "default_profile_image": false, "id": 3509421138, "profile_background_image_url_https": "https://pbs.twimg.com/profile_background_images/650034492560699392/ypQLyuNd.jpg", "verified": false, "profile_text_color": "000000", "profile_image_url_https": "https://pbs.twimg.com/profile_images/654918398908854272/v46Qc4UH_normal.png", "profile_sidebar_fill_color": "000000", "entities": {"description": {"urls": []}}, "followers_count": 466, "profile_sidebar_border_color": "000000", "id_str": "3509421138", "profile_background_color": "3B94D9", "listed_count": 18, "is_translation_enabled": false, "utc_offset": null, "statuses_count": 5188, "description": "Passionate tv specialist. Extreme organizer. Beer advocate. Infuriatingly humble explorer. Incurable troublemaker. Gamer. Thinker. Web nerd.", "friends_count": 489, "location": "Richland, WA", "profile_link_color": "3B94D9", "profile_image_url": "http://pbs.twimg.com/profile_images/654918398908854272/v46Qc4UH_normal.png", "following": null, "geo_enabled": false, "profile_banner_url": "https://pbs.twimg.com/profile_banners/3509421138/1444979203", "profile_background_image_url": "http://pbs.twimg.com/profile_background_images/650034492560699392/ypQLyuNd.jpg", "screen_name": "lin_deshan", "lang": "en", "profile_background_tile": true, "favourites_count": 2964, "name": "LindaForHillary", "notifications": null, "url": null, "created_at": "Wed Sep 09 23:50:53 +0000 2015", "contributors_enabled": false, "time_zone": null, "protected": false, "default_profile": false, "is_translator": false}, "geo": null, "in_reply_to_user_id_str": null, "possibly_sensitive": false, "lang": "en", "created_at": "Wed Oct 21 18:41:17 +0000 2015", "in_reply_to_status_id_str": null, "place": null, "metadata": {"iso_language_code": "en", "result_type": "recent"}}