{"contributors": null, "truncated": false, "text": "Hillary pretends drugmakers, insurers are her enemies - https://t.co/M0Yb0ADnpg - @RightWingPoli #Hillary2016 #TeamHillary", "is_quote_status": false, "in_reply_to_status_id": null, "id": 656913598287970304, "favorite_count": 0, "source": "<a href=\"http://www.GeeksPlace.net\" rel=\"nofollow\">PoliTweet321</a>", "retweeted": false, "coordinates": null, "entities": {"symbols": [], "user_mentions": [{"id": 3280609368, "indices": [82, 96], "id_str": "3280609368", "screen_name": "RightWingPoli", "name": "Political News"}], "hashtags": [{"indices": [97, 109], "text": "Hillary2016"}, {"indices": [110, 122], "text": "TeamHillary"}], "urls": [{"url": "https://t.co/M0Yb0ADnpg", "indices": [56, 79], "expanded_url": "http://goo.gl/50dDPr", "display_url": "goo.gl/50dDPr"}]}, "in_reply_to_screen_name": null, "in_reply_to_user_id": null, "retweet_count": 1, "id_str": "656913598287970304", "favorited": false, "user": {"follow_request_sent": null, "has_extended_profile": false, "profile_use_background_image": true, "default_profile_image": false, "id": 3280609368, "profile_background_image_url_https": "https://abs.twimg.com/images/themes/theme1/bg.png", "verified": false, "profile_text_color": "333333", "profile_image_url_https": "https://pbs.twimg.com/profile_images/621313603719659520/ZFkryX2r_normal.jpg", "profile_sidebar_fill_color": "DDEEF6", "entities": {"url": {"urls": [{"url": "http://t.co/bvOT39szu7", "indices": [0, 22], "expanded_url": "http://www.GeeksPlace.NET", "display_url": "GeeksPlace.NET"}]}, "description": {"urls": []}}, "followers_count": 1694, "profile_sidebar_border_color": "C0DEED", "id_str": "3280609368", "profile_background_color": "C0DEED", "listed_count": 64, "is_translation_enabled": false, "utc_offset": null, "statuses_count": 3066, "description": "Tweets about #NatSec #Immigration #GOP2016 #Democrat #GOP #Libertarian #Conservative #Liberal #Socialist news and topics of interest.", "friends_count": 1843, "location": "", "profile_link_color": "0084B4", "profile_image_url": "http://pbs.twimg.com/profile_images/621313603719659520/ZFkryX2r_normal.jpg", "following": null, "geo_enabled": false, "profile_background_image_url": "http://abs.twimg.com/images/themes/theme1/bg.png", "screen_name": "RightWingPoli", "lang": "en", "profile_background_tile": false, "favourites_count": 152, "name": "Political News", "notifications": null, "url": "http://t.co/bvOT39szu7", "created_at": "Wed Jul 15 13:39:34 +0000 2015", "contributors_enabled": false, "time_zone": null, "protected": false, "default_profile": true, "is_translator": false}, "geo": null, "in_reply_to_user_id_str": null, "possibly_sensitive": false, "lang": "en", "created_at": "Wed Oct 21 19:23:01 +0000 2015", "in_reply_to_status_id_str": null, "place": null, "metadata": {"iso_language_code": "en", "result_type": "recent"}}