{"contributors": null, "truncated": false, "text": "#JoeBiden not going to run may be good news for #Hillary2016, but next month could be a problem for her. Details: https://t.co/Pl94Bpeanb", "is_quote_status": false, "in_reply_to_status_id": null, "id": 656908394511470593, "favorite_count": 0, "source": "<a href=\"http://twitter.com\" rel=\"nofollow\">Twitter Web Client</a>", "retweeted": false, "coordinates": null, "entities": {"symbols": [], "user_mentions": [], "hashtags": [{"indices": [0, 9], "text": "JoeBiden"}, {"indices": [48, 60], "text": "Hillary2016"}], "urls": [{"url": "https://t.co/Pl94Bpeanb", "indices": [114, 137], "expanded_url": "http://bit.ly/1W12ca7", "display_url": "bit.ly/1W12ca7"}]}, "in_reply_to_screen_name": null, "in_reply_to_user_id": null, "retweet_count": 0, "id_str": "656908394511470593", "favorited": false, "user": {"follow_request_sent": null, "has_extended_profile": false, "profile_use_background_image": false, "default_profile_image": false, "id": 853408436, "profile_background_image_url_https": "https://pbs.twimg.com/profile_background_images/478668647422910465/tnwQrygj.png", "verified": false, "profile_text_color": "333333", "profile_image_url_https": "https://pbs.twimg.com/profile_images/478666720400257024/IUYCkqNQ_normal.png", "profile_sidebar_fill_color": "DDEEF6", "entities": {"url": {"urls": [{"url": "http://t.co/EGohhhX6Tb", "indices": [0, 22], "expanded_url": "http://astrologynewsreport.com", "display_url": "astrologynewsreport.com"}]}, "description": {"urls": []}}, "followers_count": 182, "profile_sidebar_border_color": "000000", "id_str": "853408436", "profile_background_color": "050505", "listed_count": 6, "is_translation_enabled": false, "utc_offset": null, "statuses_count": 1198, "description": "Using the techniques of #VedicAstrology, we analyze world events and make predictions; bringing you tomorrow's news today. Three new videos every week.", "friends_count": 30, "location": "", "profile_link_color": "0084B4", "profile_image_url": "http://pbs.twimg.com/profile_images/478666720400257024/IUYCkqNQ_normal.png", "following": null, "geo_enabled": false, "profile_banner_url": "https://pbs.twimg.com/profile_banners/853408436/1402959487", "profile_background_image_url": "http://pbs.twimg.com/profile_background_images/478668647422910465/tnwQrygj.png", "screen_name": "AstroNewsReport", "lang": "en", "profile_background_tile": false, "favourites_count": 2, "name": "Ronald Berger", "notifications": null, "url": "http://t.co/EGohhhX6Tb", "created_at": "Sat Sep 29 18:51:55 +0000 2012", "contributors_enabled": false, "time_zone": null, "protected": false, "default_profile": false, "is_translator": false}, "geo": null, "in_reply_to_user_id_str": null, "possibly_sensitive": false, "lang": "en", "created_at": "Wed Oct 21 19:02:20 +0000 2015", "in_reply_to_status_id_str": null, "place": null, "metadata": {"iso_language_code": "en", "result_type": "recent"}}