{"contributors": null, "truncated": false, "text": "RT @clmidkiff: #HillaryClinton reacts to the Biden Rose Garden announcement... https://t.co/Oipx9Ujpbw", "is_quote_status": false, "in_reply_to_status_id": null, "id": 656901060053872641, "favorite_count": 0, "source": "<a href=\"http://twitter.com/download/iphone\" rel=\"nofollow\">Twitter for iPhone</a>", "retweeted": false, "coordinates": null, "entities": {"symbols": [], "user_mentions": [{"id": 139750463, "indices": [3, 13], "id_str": "139750463", "screen_name": "clmidkiff", "name": "Curtis Midkiff"}], "hashtags": [{"indices": [15, 30], "text": "HillaryClinton"}], "urls": [{"url": "https://t.co/Oipx9Ujpbw", "indices": [79, 102], "expanded_url": "http://twitter.com/clmidkiff/status/656869884471586817/photo/1", "display_url": "pic.twitter.com/Oipx9Ujpbw"}]}, "in_reply_to_screen_name": null, "in_reply_to_user_id": null, "retweet_count": 2, "id_str": "656901060053872641", "favorited": false, "retweeted_status": {"contributors": null, "truncated": false, "text": "#HillaryClinton reacts to the Biden Rose Garden announcement... https://t.co/Oipx9Ujpbw", "is_quote_status": false, "in_reply_to_status_id": null, "id": 656869884471586817, "favorite_count": 1, "source": "<a href=\"http://twitter.com\" rel=\"nofollow\">Twitter Web Client</a>", "retweeted": false, "coordinates": null, "entities": {"symbols": [], "user_mentions": [], "hashtags": [{"indices": [0, 15], "text": "HillaryClinton"}], "urls": [{"url": "https://t.co/Oipx9Ujpbw", "indices": [64, 87], "expanded_url": "http://twitter.com/clmidkiff/status/656869884471586817/photo/1", "display_url": "pic.twitter.com/Oipx9Ujpbw"}]}, "in_reply_to_screen_name": null, "in_reply_to_user_id": null, "retweet_count": 2, "id_str": "656869884471586817", "favorited": false, "user": {"follow_request_sent": null, "has_extended_profile": false, "profile_use_background_image": true, "default_profile_image": false, "id": 139750463, "profile_background_image_url_https": "https://abs.twimg.com/images/themes/theme1/bg.png", "verified": false, "profile_text_color": "333333", "profile_image_url_https": "https://pbs.twimg.com/profile_images/432149186495004672/w-H-J5to_normal.jpeg", "profile_sidebar_fill_color": "DDEEF6", "entities": {"url": {"urls": [{"url": "http://t.co/kWVEwWji6P", "indices": [0, 22], "expanded_url": "http://www.linkedin.com/in/curtismidkiff", "display_url": "linkedin.com/in/curtismidki\u2026"}]}, "description": {"urls": []}}, "followers_count": 9370, "profile_sidebar_border_color": "C0DEED", "id_str": "139750463", "profile_background_color": "C0DEED", "listed_count": 395, "is_translation_enabled": false, "utc_offset": -10800, "statuses_count": 4042, "description": "Sr. Advisor for #SocialBiz @southwestair.  Fmr #socialmedia guy @redcross & @shrm. #DJ in my mind! Flights are @southwestair's tweets are mine!", "friends_count": 4842, "location": "Dallas, TX", "profile_link_color": "0084B4", "profile_image_url": "http://pbs.twimg.com/profile_images/432149186495004672/w-H-J5to_normal.jpeg", "following": null, "geo_enabled": true, "profile_background_image_url": "http://abs.twimg.com/images/themes/theme1/bg.png", "screen_name": "clmidkiff", "lang": "en", "profile_background_tile": false, "favourites_count": 546, "name": "Curtis Midkiff", "notifications": null, "url": "http://t.co/kWVEwWji6P", "created_at": "Mon May 03 15:25:31 +0000 2010", "contributors_enabled": false, "time_zone": "Atlantic Time (Canada)", "protected": false, "default_profile": true, "is_translator": false}, "geo": null, "in_reply_to_user_id_str": null, "possibly_sensitive": false, "lang": "en", "created_at": "Wed Oct 21 16:29:19 +0000 2015", "in_reply_to_status_id_str": null, "place": null, "metadata": {"iso_language_code": "en", "result_type": "recent"}}, "user": {"follow_request_sent": null, "has_extended_profile": true, "profile_use_background_image": true, "default_profile_image": false, "id": 16906380, "profile_background_image_url_https": "https://pbs.twimg.com/profile_background_images/856607378/c8e525e1b8ac9301ec0de4e3afbd5212.png", "verified": false, "profile_text_color": "666666", "profile_image_url_https": "https://pbs.twimg.com/profile_images/646775844329750528/pn8Y-8mF_normal.jpg", "profile_sidebar_fill_color": "333333", "entities": {"url": {"urls": [{"url": "http://t.co/wXHEkpQRN9", "indices": [0, 22], "expanded_url": "http://www.stelladot.com/tiffanymyoung", "display_url": "stelladot.com/tiffanymyoung"}]}, "description": {"urls": []}}, "followers_count": 1198, "profile_sidebar_border_color": "000000", "id_str": "16906380", "profile_background_color": "CCCCCC", "listed_count": 62, "is_translation_enabled": false, "utc_offset": -14400, "statuses_count": 23703, "description": "PrettyYoungThang: Communicator and Philanthropist using my time & talent to change the world. EnVest Foundation 40 Under 40 & WKYS 30 Under 30  past recipient", "friends_count": 551, "location": "", "profile_link_color": "FA743E", "profile_image_url": "http://pbs.twimg.com/profile_images/646775844329750528/pn8Y-8mF_normal.jpg", "following": null, "geo_enabled": true, "profile_background_image_url": "http://pbs.twimg.com/profile_background_images/856607378/c8e525e1b8ac9301ec0de4e3afbd5212.png", "screen_name": "pytiff826", "lang": "en", "profile_background_tile": true, "favourites_count": 145, "name": "Tiffany Y.", "notifications": null, "url": "http://t.co/wXHEkpQRN9", "created_at": "Wed Oct 22 14:47:28 +0000 2008", "contributors_enabled": false, "time_zone": "Eastern Time (US & Canada)", "protected": false, "default_profile": false, "is_translator": false}, "geo": null, "in_reply_to_user_id_str": null, "possibly_sensitive": true, "lang": "en", "created_at": "Wed Oct 21 18:33:12 +0000 2015", "in_reply_to_status_id_str": null, "place": null, "metadata": {"iso_language_code": "en", "result_type": "recent"}}