{"contributors": null, "truncated": false, "text": "Dear Chris Matthews, the (R)s are certainly her enemies. Just watch them attacking her tomorrow! #MSNBC #Hillary2016", "is_quote_status": false, "in_reply_to_status_id": null, "id": 656909896118607873, "favorite_count": 0, "source": "<a href=\"http://twitter.com\" rel=\"nofollow\">Twitter Web Client</a>", "retweeted": false, "coordinates": null, "entities": {"symbols": [], "user_mentions": [], "hashtags": [{"indices": [97, 103], "text": "MSNBC"}, {"indices": [104, 116], "text": "Hillary2016"}], "urls": []}, "in_reply_to_screen_name": null, "in_reply_to_user_id": null, "retweet_count": 0, "id_str": "656909896118607873", "favorited": false, "user": {"follow_request_sent": null, "has_extended_profile": true, "profile_use_background_image": true, "default_profile_image": false, "id": 16133385, "profile_background_image_url_https": "https://pbs.twimg.com/profile_background_images/378800000152071451/hPaTWvLa.png", "verified": false, "profile_text_color": "333333", "profile_image_url_https": "https://pbs.twimg.com/profile_images/3536964229/7efd9859b7e74e14146f3a2d86ce38b2_normal.jpeg", "profile_sidebar_fill_color": "C0DFEC", "entities": {"description": {"urls": []}}, "followers_count": 1556, "profile_sidebar_border_color": "FFFFFF", "id_str": "16133385", "profile_background_color": "000000", "listed_count": 51, "is_translation_enabled": false, "utc_offset": -14400, "statuses_count": 8956, "description": "I enjoy politics and cable news. #ProgressiveWhoLikesToGetThingsDone", "friends_count": 1969, "location": "Akron, OH", "profile_link_color": "0084B4", "profile_image_url": "http://pbs.twimg.com/profile_images/3536964229/7efd9859b7e74e14146f3a2d86ce38b2_normal.jpeg", "following": null, "geo_enabled": false, "profile_banner_url": "https://pbs.twimg.com/profile_banners/16133385/1399081339", "profile_background_image_url": "http://pbs.twimg.com/profile_background_images/378800000152071451/hPaTWvLa.png", "screen_name": "quinli", "lang": "en", "profile_background_tile": false, "favourites_count": 301, "name": "Ohio-Q", "notifications": null, "url": null, "created_at": "Thu Sep 04 18:59:32 +0000 2008", "contributors_enabled": false, "time_zone": "Eastern Time (US & Canada)", "protected": false, "default_profile": false, "is_translator": false}, "geo": null, "in_reply_to_user_id_str": null, "lang": "en", "created_at": "Wed Oct 21 19:08:18 +0000 2015", "in_reply_to_status_id_str": null, "place": null, "metadata": {"iso_language_code": "en", "result_type": "recent"}}