{"contributors": null, "truncated": false, "text": "RT @stylistkavin: #Hillary2016 #Benghazi #GOP  https://t.co/38GeXwCo2U", "is_quote_status": true, "in_reply_to_status_id": null, "id": 656906455514157056, "favorite_count": 0, "source": "<a href=\"http://twitter.com/download/iphone\" rel=\"nofollow\">Twitter for iPhone</a>", "retweeted": false, "coordinates": null, "entities": {"symbols": [], "user_mentions": [{"id": 3217694460, "indices": [3, 16], "id_str": "3217694460", "screen_name": "stylistkavin", "name": "Kavin"}], "hashtags": [{"indices": [18, 30], "text": "Hillary2016"}, {"indices": [31, 40], "text": "Benghazi"}, {"indices": [41, 45], "text": "GOP"}], "urls": [{"url": "https://t.co/38GeXwCo2U", "indices": [47, 70], "expanded_url": "https://twitter.com/debi129/status/656904948542603264", "display_url": "twitter.com/debi129/status\u2026"}]}, "in_reply_to_screen_name": null, "in_reply_to_user_id": null, "retweet_count": 1, "id_str": "656906455514157056", "favorited": false, "retweeted_status": {"contributors": null, "truncated": false, "text": "#Hillary2016 #Benghazi #GOP  https://t.co/38GeXwCo2U", "is_quote_status": true, "in_reply_to_status_id": null, "id": 656905394216812544, "favorite_count": 1, "entities": {"symbols": [], "user_mentions": [], "hashtags": [{"indices": [0, 12], "text": "Hillary2016"}, {"indices": [13, 22], "text": "Benghazi"}, {"indices": [23, 27], "text": "GOP"}], "urls": [{"url": "https://t.co/38GeXwCo2U", "indices": [29, 52], "expanded_url": "https://twitter.com/debi129/status/656904948542603264", "display_url": "twitter.com/debi129/status\u2026"}]}, "quoted_status_id": 656904948542603264, "retweeted": false, "coordinates": null, "quoted_status": {"contributors": null, "truncated": false, "text": "@PuestoLoco @Wary12 @Donna_West @kare11 @stylistkavin @HillaryClinton  FOR HILLARY..GOP REFUSES FUNDING 10/2012 https://t.co/sEXilGVpU9", "is_quote_status": false, "in_reply_to_status_id": 656878985893294080, "id": 656904948542603264, "favorite_count": 1, "source": "<a href=\"http://twitter.com\" rel=\"nofollow\">Twitter Web Client</a>", "retweeted": false, "coordinates": null, "entities": {"symbols": [], "user_mentions": [{"id": 157099071, "indices": [0, 11], "id_str": "157099071", "screen_name": "PuestoLoco", "name": "Puesto Loco"}, {"id": 22250215, "indices": [12, 19], "id_str": "22250215", "screen_name": "Wary12", "name": "cyn"}, {"id": 18220818, "indices": [20, 31], "id_str": "18220818", "screen_name": "Donna_West", "name": "DogLovers4Hillary"}, {"id": 13001192, "indices": [32, 39], "id_str": "13001192", "screen_name": "kare11", "name": "KARE 11"}, {"id": 3217694460, "indices": [40, 53], "id_str": "3217694460", "screen_name": "stylistkavin", "name": "Kavin"}, {"id": 1339835893, "indices": [54, 69], "id_str": "1339835893", "screen_name": "HillaryClinton", "name": "Hillary Clinton"}], "hashtags": [], "urls": [{"url": "https://t.co/sEXilGVpU9", "indices": [112, 135], "expanded_url": "https://youtu.be/XB4duL1xMmY", "display_url": "youtu.be/XB4duL1xMmY"}]}, "in_reply_to_screen_name": "PuestoLoco", "in_reply_to_user_id": 157099071, "retweet_count": 0, "id_str": "656904948542603264", "favorited": false, "user": {"follow_request_sent": null, "has_extended_profile": false, "profile_use_background_image": true, "default_profile_image": false, "id": 16444544, "profile_background_image_url_https": "https://abs.twimg.com/images/themes/theme12/bg.gif", "verified": false, "profile_text_color": "0C3E53", "profile_image_url_https": "https://pbs.twimg.com/profile_images/655896561264648192/DNLXksAp_normal.jpg", "profile_sidebar_fill_color": "FFF7CC", "entities": {"url": {"urls": [{"url": "https://t.co/Ot4o9cKZhD", "indices": [0, 23], "expanded_url": "http://www.legacyinlace.com", "display_url": "legacyinlace.com"}]}, "description": {"urls": []}}, "followers_count": 112, "profile_sidebar_border_color": "F2E195", "id_str": "16444544", "profile_background_color": "BADFCD", "listed_count": 1, "is_translation_enabled": false, "utc_offset": -25200, "statuses_count": 617, "description": "I'm from Washington state. I stand for Equality for all. I support equal rights, Hillary, BLM, movements that speak for the rights of all.", "friends_count": 393, "location": "Washington State", "profile_link_color": "FF0000", "profile_image_url": "http://pbs.twimg.com/profile_images/655896561264648192/DNLXksAp_normal.jpg", "following": null, "geo_enabled": false, "profile_background_image_url": "http://abs.twimg.com/images/themes/theme12/bg.gif", "screen_name": "Debi129", "lang": "en", "profile_background_tile": false, "favourites_count": 625, "name": "Debi129", "notifications": null, "url": "https://t.co/Ot4o9cKZhD", "created_at": "Thu Sep 25 01:28:59 +0000 2008", "contributors_enabled": false, "time_zone": "Pacific Time (US & Canada)", "protected": false, "default_profile": false, "is_translator": false}, "geo": null, "in_reply_to_user_id_str": "157099071", "possibly_sensitive": true, "lang": "en", "created_at": "Wed Oct 21 18:48:39 +0000 2015", "in_reply_to_status_id_str": "656878985893294080", "place": null, "metadata": {"iso_language_code": "und", "result_type": "recent"}}, "source": "<a href=\"http://twitter.com/download/iphone\" rel=\"nofollow\">Twitter for iPhone</a>", "in_reply_to_screen_name": null, "in_reply_to_user_id": null, "retweet_count": 1, "id_str": "656905394216812544", "favorited": false, "user": {"follow_request_sent": null, "has_extended_profile": false, "profile_use_background_image": true, "default_profile_image": false, "id": 3217694460, "profile_background_image_url_https": "https://abs.twimg.com/images/themes/theme1/bg.png", "verified": false, "profile_text_color": "333333", "profile_image_url_https": "https://pbs.twimg.com/profile_images/655398802262593537/aX4p4Tig_normal.jpg", "profile_sidebar_fill_color": "DDEEF6", "entities": {"url": {"urls": [{"url": "https://t.co/6yuYvCYmZ4", "indices": [0, 23], "expanded_url": "http://hillaryclinton.com", "display_url": "hillaryclinton.com"}]}, "description": {"urls": []}}, "followers_count": 1406, "profile_sidebar_border_color": "C0DEED", "id_str": "3217694460", "profile_background_color": "C0DEED", "listed_count": 112, "is_translation_enabled": false, "utc_offset": null, "statuses_count": 27796, "description": "#Hillary2016 #Volunteer #LGBTrights #BLM #UniteBlue #revolutionofLove MY TWEETS ARE MY OWN #notfeelingthebern #nogop #shutdownbenghazicommittee #gowdyforprison", "friends_count": 1044, "location": "Summerlin South, NV", "profile_link_color": "0084B4", "profile_image_url": "http://pbs.twimg.com/profile_images/655398802262593537/aX4p4Tig_normal.jpg", "following": null, "geo_enabled": true, "profile_banner_url": "https://pbs.twimg.com/profile_banners/3217694460/1445486341", "profile_background_image_url": "http://abs.twimg.com/images/themes/theme1/bg.png", "screen_name": "stylistkavin", "lang": "en", "profile_background_tile": false, "favourites_count": 30485, "name": "Kavin", "notifications": null, "url": "https://t.co/6yuYvCYmZ4", "created_at": "Sun May 17 22:44:49 +0000 2015", "contributors_enabled": false, "time_zone": null, "protected": false, "default_profile": true, "is_translator": false}, "geo": null, "in_reply_to_user_id_str": null, "possibly_sensitive": false, "lang": "und", "created_at": "Wed Oct 21 18:50:25 +0000 2015", "quoted_status_id_str": "656904948542603264", "in_reply_to_status_id_str": null, "place": {"full_name": "Nevada, USA", "url": "https://api.twitter.com/1.1/geo/id/d374fb61a20fb74f.json", "country": "United States", "place_type": "admin", "bounding_box": {"type": "Polygon", "coordinates": [[[-120.00574, 35.002086], [-114.039649, 35.002086], [-114.039649, 42.002208], [-120.00574, 42.002208]]]}, "contained_within": [], "country_code": "US", "attributes": {}, "id": "d374fb61a20fb74f", "name": "Nevada"}, "metadata": {"iso_language_code": "und", "result_type": "recent"}}, "user": {"follow_request_sent": null, "has_extended_profile": true, "profile_use_background_image": false, "default_profile_image": false, "id": 371347463, "profile_background_image_url_https": "https://abs.twimg.com/images/themes/theme15/bg.png", "verified": false, "profile_text_color": "000000", "profile_image_url_https": "https://pbs.twimg.com/profile_images/616211019015155712/CnBShPPL_normal.png", "profile_sidebar_fill_color": "000000", "entities": {"description": {"urls": []}}, "followers_count": 1266, "profile_sidebar_border_color": "000000", "id_str": "371347463", "profile_background_color": "000000", "listed_count": 124, "is_translation_enabled": false, "utc_offset": -18000, "statuses_count": 82726, "description": "Houston, Texas. Love Social Media! Have a passion for helping animals. Looking to make new friends and hopefully Mr. Right. HILLARY2016", "friends_count": 1071, "location": "Houston, Texas", "profile_link_color": "4A913C", "profile_image_url": "http://pbs.twimg.com/profile_images/616211019015155712/CnBShPPL_normal.png", "following": null, "geo_enabled": true, "profile_banner_url": "https://pbs.twimg.com/profile_banners/371347463/1441501221", "profile_background_image_url": "http://abs.twimg.com/images/themes/theme15/bg.png", "screen_name": "D_Ericson", "lang": "en", "profile_background_tile": false, "favourites_count": 24398, "name": "J. David Ericson", "notifications": null, "url": null, "created_at": "Sat Sep 10 17:37:06 +0000 2011", "contributors_enabled": false, "time_zone": "Central Time (US & Canada)", "protected": false, "default_profile": false, "is_translator": false}, "geo": null, "in_reply_to_user_id_str": null, "possibly_sensitive": false, "lang": "und", "created_at": "Wed Oct 21 18:54:38 +0000 2015", "in_reply_to_status_id_str": null, "place": null, "metadata": {"iso_language_code": "und", "result_type": "recent"}}