{"contributors": null, "truncated": false, "text": "@bennydiego: The headless horseman rides again...\n #BenghaziCommittee #HillaryClinton https://t.co/J6rF5HuaCs @letsmakeadeal  @PowerLunch", "is_quote_status": false, "in_reply_to_status_id": null, "id": 656913632865988608, "favorite_count": 0, "source": "<a href=\"http://twitter.com/#!/download/ipad\" rel=\"nofollow\">Twitter for iPad</a>", "retweeted": false, "coordinates": null, "entities": {"symbols": [], "user_mentions": [{"id": 30231573, "indices": [0, 11], "id_str": "30231573", "screen_name": "bennydiego", "name": "bennydiego"}, {"id": 78763632, "indices": [110, 124], "id_str": "78763632", "screen_name": "letsmakeadeal", "name": "Let's Make a Deal"}, {"id": 25360971, "indices": [126, 137], "id_str": "25360971", "screen_name": "PowerLunch", "name": "Power Lunch"}], "hashtags": [{"indices": [51, 69], "text": "BenghaziCommittee"}, {"indices": [70, 85], "text": "HillaryClinton"}], "urls": [], "media": [{"source_user_id": 30231573, "source_status_id_str": "656288511897661441", "expanded_url": "http://twitter.com/bennydiego/status/656288511897661441/photo/1", "display_url": "pic.twitter.com/J6rF5HuaCs", "url": "https://t.co/J6rF5HuaCs", "media_url_https": "https://pbs.twimg.com/media/CRua6EMUsAAM5RJ.jpg", "source_user_id_str": "30231573", "source_status_id": 656288511897661441, "id_str": "656288493061058560", "sizes": {"large": {"h": 600, "resize": "fit", "w": 745}, "small": {"h": 273, "resize": "fit", "w": 340}, "medium": {"h": 483, "resize": "fit", "w": 600}, "thumb": {"h": 150, "resize": "crop", "w": 150}}, "indices": [86, 109], "type": "photo", "id": 656288493061058560, "media_url": "http://pbs.twimg.com/media/CRua6EMUsAAM5RJ.jpg"}]}, "in_reply_to_screen_name": "bennydiego", "in_reply_to_user_id": 30231573, "retweet_count": 0, "id_str": "656913632865988608", "favorited": false, "user": {"follow_request_sent": null, "has_extended_profile": false, "profile_use_background_image": true, "default_profile_image": false, "id": 408194759, "profile_background_image_url_https": "https://pbs.twimg.com/profile_background_images/418653483/IMG_1565.jpg", "verified": false, "profile_text_color": "333333", "profile_image_url_https": "https://pbs.twimg.com/profile_images/650156910314921984/IW38_nzd_normal.jpg", "profile_sidebar_fill_color": "FFFFFF", "entities": {"url": {"urls": [{"url": "http://t.co/KIPxl474iE", "indices": [0, 22], "expanded_url": "http://httpHeGOTBigBOOBSTOFill.com", "display_url": "httpHeGOTBigBOOBSTOFill.com"}]}, "description": {"urls": []}}, "followers_count": 1991, "profile_sidebar_border_color": "FFFFFF", "id_str": "408194759", "profile_background_color": "E6FAFA", "listed_count": 6, "is_translation_enabled": false, "utc_offset": -18000, "statuses_count": 232846, "description": "What Other people, Are saying about New Realities.. --Contentment:, Content, and Intent... Not Much, and So much More..", "friends_count": 2202, "location": "Singing in the Silence...", "profile_link_color": "0B1414", "profile_image_url": "http://pbs.twimg.com/profile_images/650156910314921984/IW38_nzd_normal.jpg", "following": null, "geo_enabled": false, "profile_background_image_url": "http://pbs.twimg.com/profile_background_images/418653483/IMG_1565.jpg", "screen_name": "ReneNow", "lang": "en", "profile_background_tile": false, "favourites_count": 6332, "name": "Town Post..", "notifications": null, "url": "http://t.co/KIPxl474iE", "created_at": "Wed Nov 09 03:18:36 +0000 2011", "contributors_enabled": false, "time_zone": "Central Time (US & Canada)", "protected": false, "default_profile": false, "is_translator": false}, "geo": null, "in_reply_to_user_id_str": "30231573", "possibly_sensitive": true, "lang": "en", "created_at": "Wed Oct 21 19:23:09 +0000 2015", "in_reply_to_status_id_str": null, "place": null, "metadata": {"iso_language_code": "en", "result_type": "recent"}}