{"contributors": null, "truncated": false, "text": "Joe Biden Isn't Running....\n\nHillary Clinton Will Be Our Next President For Sure Now :-')\n#HillaryClinton", "is_quote_status": false, "in_reply_to_status_id": null, "id": 656910183642238976, "favorite_count": 1, "source": "<a href=\"http://twitter.com/download/android\" rel=\"nofollow\">Twitter for Android</a>", "retweeted": false, "coordinates": null, "entities": {"symbols": [], "user_mentions": [], "hashtags": [{"indices": [90, 105], "text": "HillaryClinton"}], "urls": []}, "in_reply_to_screen_name": null, "in_reply_to_user_id": null, "retweet_count": 0, "id_str": "656910183642238976", "favorited": false, "user": {"follow_request_sent": null, "has_extended_profile": false, "profile_use_background_image": true, "default_profile_image": false, "id": 268538137, "profile_background_image_url_https": "https://pbs.twimg.com/profile_background_images/452751258/Forest.jpg", "verified": false, "profile_text_color": "333333", "profile_image_url_https": "https://pbs.twimg.com/profile_images/633003931799449600/FJjTIT_h_normal.jpg", "profile_sidebar_fill_color": "DDFFCC", "entities": {"description": {"urls": []}}, "followers_count": 545, "profile_sidebar_border_color": "BDDCAD", "id_str": "268538137", "profile_background_color": "131516", "listed_count": 2, "is_translation_enabled": false, "utc_offset": -25200, "statuses_count": 15371, "description": "' Inhale The Good Shit And Exhale The Bullshit '", "friends_count": 253, "location": "", "profile_link_color": "009999", "profile_image_url": "http://pbs.twimg.com/profile_images/633003931799449600/FJjTIT_h_normal.jpg", "following": null, "geo_enabled": true, "profile_banner_url": "https://pbs.twimg.com/profile_banners/268538137/1439754610", "profile_background_image_url": "http://pbs.twimg.com/profile_background_images/452751258/Forest.jpg", "screen_name": "JJust_Justin", "lang": "en", "profile_background_tile": true, "favourites_count": 6006, "name": "JusTin ", "notifications": null, "url": null, "created_at": "Sat Mar 19 00:10:58 +0000 2011", "contributors_enabled": false, "time_zone": "Pacific Time (US & Canada)", "protected": false, "default_profile": false, "is_translator": false}, "geo": null, "in_reply_to_user_id_str": null, "lang": "en", "created_at": "Wed Oct 21 19:09:27 +0000 2015", "in_reply_to_status_id_str": null, "place": null, "metadata": {"iso_language_code": "en", "result_type": "recent"}}