{"contributors": null, "truncated": false, "text": "@bennydiego: Wasteful Witchhunt.\n\n#BenghaziCommittee #Benghazi #HillaryClinton #tcot #p2 https://t.co/O9hFiqEpzg @letsmakeadeal @UniteBlueCA", "is_quote_status": false, "in_reply_to_status_id": null, "id": 656910915070246912, "favorite_count": 2, "source": "<a href=\"http://twitter.com/#!/download/ipad\" rel=\"nofollow\">Twitter for iPad</a>", "retweeted": false, "coordinates": null, "entities": {"symbols": [], "user_mentions": [{"id": 30231573, "indices": [0, 11], "id_str": "30231573", "screen_name": "bennydiego", "name": "bennydiego"}, {"id": 78763632, "indices": [113, 127], "id_str": "78763632", "screen_name": "letsmakeadeal", "name": "Let's Make a Deal"}, {"id": 403838500, "indices": [128, 140], "id_str": "403838500", "screen_name": "UniteBlueCA", "name": "Keep California Blue"}], "hashtags": [{"indices": [34, 52], "text": "BenghaziCommittee"}, {"indices": [53, 62], "text": "Benghazi"}, {"indices": [63, 78], "text": "HillaryClinton"}, {"indices": [79, 84], "text": "tcot"}, {"indices": [85, 88], "text": "p2"}], "urls": [], "media": [{"source_user_id": 30231573, "source_status_id_str": "656899826563444736", "expanded_url": "http://twitter.com/bennydiego/status/656899826563444736/photo/1", "display_url": "pic.twitter.com/O9hFiqEpzg", "url": "https://t.co/O9hFiqEpzg", "media_url_https": "https://pbs.twimg.com/media/CR3G5dMUcAAj2pO.jpg", "source_user_id_str": "30231573", "source_status_id": 656899826563444736, "id_str": "656899811057102848", "sizes": {"small": {"h": 272, "resize": "fit", "w": 340}, "large": {"h": 480, "resize": "fit", "w": 600}, "medium": {"h": 480, "resize": "fit", "w": 600}, "thumb": {"h": 150, "resize": "crop", "w": 150}}, "indices": [89, 112], "type": "photo", "id": 656899811057102848, "media_url": "http://pbs.twimg.com/media/CR3G5dMUcAAj2pO.jpg"}]}, "in_reply_to_screen_name": "bennydiego", "in_reply_to_user_id": 30231573, "retweet_count": 2, "id_str": "656910915070246912", "favorited": false, "user": {"follow_request_sent": null, "has_extended_profile": false, "profile_use_background_image": true, "default_profile_image": false, "id": 408194759, "profile_background_image_url_https": "https://pbs.twimg.com/profile_background_images/418653483/IMG_1565.jpg", "verified": false, "profile_text_color": "333333", "profile_image_url_https": "https://pbs.twimg.com/profile_images/650156910314921984/IW38_nzd_normal.jpg", "profile_sidebar_fill_color": "FFFFFF", "entities": {"url": {"urls": [{"url": "http://t.co/KIPxl474iE", "indices": [0, 22], "expanded_url": "http://httpHeGOTBigBOOBSTOFill.com", "display_url": "httpHeGOTBigBOOBSTOFill.com"}]}, "description": {"urls": []}}, "followers_count": 1991, "profile_sidebar_border_color": "FFFFFF", "id_str": "408194759", "profile_background_color": "E6FAFA", "listed_count": 6, "is_translation_enabled": false, "utc_offset": -18000, "statuses_count": 232846, "description": "What Other people, Are saying about New Realities.. --Contentment:, Content, and Intent... Not Much, and So much More..", "friends_count": 2202, "location": "Singing in the Silence...", "profile_link_color": "0B1414", "profile_image_url": "http://pbs.twimg.com/profile_images/650156910314921984/IW38_nzd_normal.jpg", "following": null, "geo_enabled": false, "profile_background_image_url": "http://pbs.twimg.com/profile_background_images/418653483/IMG_1565.jpg", "screen_name": "ReneNow", "lang": "en", "profile_background_tile": false, "favourites_count": 6332, "name": "Town Post..", "notifications": null, "url": "http://t.co/KIPxl474iE", "created_at": "Wed Nov 09 03:18:36 +0000 2011", "contributors_enabled": false, "time_zone": "Central Time (US & Canada)", "protected": false, "default_profile": false, "is_translator": false}, "geo": null, "in_reply_to_user_id_str": "30231573", "possibly_sensitive": true, "lang": "en", "created_at": "Wed Oct 21 19:12:21 +0000 2015", "in_reply_to_status_id_str": null, "place": null, "metadata": {"iso_language_code": "en", "result_type": "recent"}}