{"contributors": null, "truncated": false, "text": "RT @renomarky: #Benghazi #HillaryEmail #Hillary2016 #UniteBlue \n#cnn #foxnews \n\nHow thick &amp; bias are your political \n\ud83d\udc53\ud83d\udc53\ud83d\udc53\ud83d\udc53\ud83d\udc53\ud83d\udc53\ud83d\udc53\ud83d\udc53\ud83d\udc53\ud83d\udc53??? https://\u2026", "is_quote_status": false, "in_reply_to_status_id": null, "id": 656912703525511168, "favorite_count": 0, "source": "<a href=\"http://twitter.com\" rel=\"nofollow\">Twitter Web Client</a>", "retweeted": false, "coordinates": null, "entities": {"symbols": [], "user_mentions": [{"id": 2748582465, "indices": [3, 13], "id_str": "2748582465", "screen_name": "renomarky", "name": "Common sense guy!"}], "hashtags": [{"indices": [15, 24], "text": "Benghazi"}, {"indices": [25, 38], "text": "HillaryEmail"}, {"indices": [39, 51], "text": "Hillary2016"}, {"indices": [52, 62], "text": "UniteBlue"}, {"indices": [64, 68], "text": "cnn"}, {"indices": [69, 77], "text": "foxnews"}], "urls": [], "media": [{"source_user_id": 2748582465, "source_status_id_str": "656912252365336576", "expanded_url": "http://twitter.com/renomarky/status/656912252365336576/photo/1", "display_url": "pic.twitter.com/w8qGbNXEJt", "url": "https://t.co/w8qGbNXEJt", "media_url_https": "https://pbs.twimg.com/media/CR3SNeGUEAAbhHW.jpg", "source_user_id_str": "2748582465", "source_status_id": 656912252365336576, "id_str": "656912249525637120", "sizes": {"small": {"h": 255, "resize": "fit", "w": 340}, "large": {"h": 360, "resize": "fit", "w": 480}, "medium": {"h": 360, "resize": "fit", "w": 480}, "thumb": {"h": 150, "resize": "crop", "w": 150}}, "indices": [143, 144], "type": "photo", "id": 656912249525637120, "media_url": "http://pbs.twimg.com/media/CR3SNeGUEAAbhHW.jpg"}]}, "in_reply_to_screen_name": null, "in_reply_to_user_id": null, "retweet_count": 4, "id_str": "656912703525511168", "favorited": false, "retweeted_status": {"contributors": null, "truncated": false, "text": "#Benghazi #HillaryEmail #Hillary2016 #UniteBlue \n#cnn #foxnews \n\nHow thick &amp; bias are your political \n\ud83d\udc53\ud83d\udc53\ud83d\udc53\ud83d\udc53\ud83d\udc53\ud83d\udc53\ud83d\udc53\ud83d\udc53\ud83d\udc53\ud83d\udc53??? https://t.co/w8qGbNXEJt", "is_quote_status": false, "in_reply_to_status_id": null, "id": 656912252365336576, "favorite_count": 2, "source": "<a href=\"http://twitter.com/download/android\" rel=\"nofollow\">Twitter for Android</a>", "retweeted": false, "coordinates": null, "entities": {"symbols": [], "user_mentions": [], "hashtags": [{"indices": [0, 9], "text": "Benghazi"}, {"indices": [10, 23], "text": "HillaryEmail"}, {"indices": [24, 36], "text": "Hillary2016"}, {"indices": [37, 47], "text": "UniteBlue"}, {"indices": [49, 53], "text": "cnn"}, {"indices": [54, 62], "text": "foxnews"}], "urls": [], "media": [{"expanded_url": "http://twitter.com/renomarky/status/656912252365336576/photo/1", "display_url": "pic.twitter.com/w8qGbNXEJt", "url": "https://t.co/w8qGbNXEJt", "media_url_https": "https://pbs.twimg.com/media/CR3SNeGUEAAbhHW.jpg", "id_str": "656912249525637120", "sizes": {"small": {"h": 255, "resize": "fit", "w": 340}, "large": {"h": 360, "resize": "fit", "w": 480}, "medium": {"h": 360, "resize": "fit", "w": 480}, "thumb": {"h": 150, "resize": "crop", "w": 150}}, "indices": [120, 143], "type": "photo", "id": 656912249525637120, "media_url": "http://pbs.twimg.com/media/CR3SNeGUEAAbhHW.jpg"}]}, "in_reply_to_screen_name": null, "in_reply_to_user_id": null, "retweet_count": 4, "id_str": "656912252365336576", "favorited": false, "user": {"follow_request_sent": null, "has_extended_profile": false, "profile_use_background_image": true, "default_profile_image": false, "id": 2748582465, "profile_background_image_url_https": "https://abs.twimg.com/images/themes/theme1/bg.png", "verified": false, "profile_text_color": "333333", "profile_image_url_https": "https://pbs.twimg.com/profile_images/650036744641998850/zmzUtsK8_normal.jpg", "profile_sidebar_fill_color": "DDEEF6", "entities": {"description": {"urls": []}}, "followers_count": 5856, "profile_sidebar_border_color": "C0DEED", "id_str": "2748582465", "profile_background_color": "C0DEED", "listed_count": 71, "is_translation_enabled": false, "utc_offset": null, "statuses_count": 16979, "description": "LOVE UFC TVG METS! An unfortunately\nprogressive liberals, career politicians & corrupt media the perfect storm coming together to flush America down the toilet!", "friends_count": 6035, "location": "VEGAS ", "profile_link_color": "0084B4", "profile_image_url": "http://pbs.twimg.com/profile_images/650036744641998850/zmzUtsK8_normal.jpg", "following": null, "geo_enabled": true, "profile_banner_url": "https://pbs.twimg.com/profile_banners/2748582465/1436753534", "profile_background_image_url": "http://abs.twimg.com/images/themes/theme1/bg.png", "screen_name": "renomarky", "lang": "en", "profile_background_tile": false, "favourites_count": 9710, "name": "Common sense guy!", "notifications": null, "url": null, "created_at": "Thu Aug 21 00:56:17 +0000 2014", "contributors_enabled": false, "time_zone": null, "protected": false, "default_profile": true, "is_translator": false}, "geo": null, "in_reply_to_user_id_str": null, "possibly_sensitive": false, "lang": "en", "created_at": "Wed Oct 21 19:17:40 +0000 2015", "in_reply_to_status_id_str": null, "place": null, "metadata": {"iso_language_code": "en", "result_type": "recent"}}, "user": {"follow_request_sent": null, "has_extended_profile": false, "profile_use_background_image": true, "default_profile_image": false, "id": 21965432, "profile_background_image_url_https": "https://abs.twimg.com/images/themes/theme10/bg.gif", "verified": false, "profile_text_color": "3D1957", "profile_image_url_https": "https://pbs.twimg.com/profile_images/614455221159391232/Qgh-B8V1_normal.jpg", "profile_sidebar_fill_color": "7AC3EE", "entities": {"url": {"urls": [{"url": "http://t.co/VXs8QcqeoN", "indices": [0, 22], "expanded_url": "http://page.is/jackieoh", "display_url": "page.is/jackieoh"}]}, "description": {"urls": []}}, "followers_count": 10950, "profile_sidebar_border_color": "65B0DA", "id_str": "21965432", "profile_background_color": "642D8B", "listed_count": 302, "is_translation_enabled": false, "utc_offset": -14400, "statuses_count": 220855, "description": "Proud Conservative Woman married 36 years. END  FED IRS EPA TeachersUnion Pray 4 America  I Block Atheists CRUZ CONTROL!!  NO DM's NONE", "friends_count": 11808, "location": "The Late Great U.S.A ", "profile_link_color": "DD2E44", "profile_image_url": "http://pbs.twimg.com/profile_images/614455221159391232/Qgh-B8V1_normal.jpg", "following": null, "geo_enabled": false, "profile_banner_url": "https://pbs.twimg.com/profile_banners/21965432/1435066355", "profile_background_image_url": "http://abs.twimg.com/images/themes/theme10/bg.gif", "screen_name": "Junebug1952", "lang": "en", "profile_background_tile": true, "favourites_count": 41764, "name": "JackieOH!", "notifications": null, "url": "http://t.co/VXs8QcqeoN", "created_at": "Thu Feb 26 03:40:31 +0000 2009", "contributors_enabled": false, "time_zone": "La Paz", "protected": false, "default_profile": false, "is_translator": false}, "geo": null, "in_reply_to_user_id_str": null, "possibly_sensitive": false, "lang": "en", "created_at": "Wed Oct 21 19:19:28 +0000 2015", "in_reply_to_status_id_str": null, "place": null, "metadata": {"iso_language_code": "en", "result_type": "recent"}}