{"contributors": null, "truncated": false, "text": "#Hillary2016 #StopGunViolence #Everytown #UCCShooting #WhateverItTakes #Confiscation #UniteBlue https://t.co/9rnMfU17ZR", "is_quote_status": false, "in_reply_to_status_id": null, "id": 656901889041166336, "favorite_count": 0, "source": "<a href=\"http://twitter.com\" rel=\"nofollow\">Twitter Web Client</a>", "retweeted": false, "coordinates": null, "entities": {"symbols": [], "user_mentions": [], "hashtags": [{"indices": [0, 12], "text": "Hillary2016"}, {"indices": [13, 29], "text": "StopGunViolence"}, {"indices": [30, 40], "text": "Everytown"}, {"indices": [41, 53], "text": "UCCShooting"}, {"indices": [54, 70], "text": "WhateverItTakes"}, {"indices": [71, 84], "text": "Confiscation"}, {"indices": [85, 95], "text": "UniteBlue"}], "urls": [], "media": [{"expanded_url": "http://twitter.com/XManSV/status/656901889041166336/photo/1", "display_url": "pic.twitter.com/9rnMfU17ZR", "url": "https://t.co/9rnMfU17ZR", "media_url_https": "https://pbs.twimg.com/media/CR3IyX4UEAA2syJ.jpg", "id_str": "656901888395186176", "sizes": {"small": {"h": 164, "resize": "fit", "w": 340}, "large": {"h": 376, "resize": "fit", "w": 775}, "medium": {"h": 291, "resize": "fit", "w": 600}, "thumb": {"h": 150, "resize": "crop", "w": 150}}, "indices": [96, 119], "type": "photo", "id": 656901888395186176, "media_url": "http://pbs.twimg.com/media/CR3IyX4UEAA2syJ.jpg"}]}, "in_reply_to_screen_name": null, "in_reply_to_user_id": null, "retweet_count": 0, "id_str": "656901889041166336", "favorited": false, "user": {"follow_request_sent": null, "has_extended_profile": false, "profile_use_background_image": false, "default_profile_image": false, "id": 792802638, "profile_background_image_url_https": "https://abs.twimg.com/images/themes/theme1/bg.png", "verified": false, "profile_text_color": "000000", "profile_image_url_https": "https://pbs.twimg.com/profile_images/630613614391496704/PA-c1acD_normal.jpg", "profile_sidebar_fill_color": "000000", "entities": {"description": {"urls": []}}, "followers_count": 1677, "profile_sidebar_border_color": "000000", "id_str": "792802638", "profile_background_color": "000000", "listed_count": 52, "is_translation_enabled": false, "utc_offset": -25200, "statuses_count": 26568, "description": "Constitution is not an instrument for government to restrain the people,it is an instrument for the people to restrain government~Patrick Henry\n#2A #gunsense", "friends_count": 2159, "location": "USA", "profile_link_color": "000000", "profile_image_url": "http://pbs.twimg.com/profile_images/630613614391496704/PA-c1acD_normal.jpg", "following": null, "geo_enabled": false, "profile_banner_url": "https://pbs.twimg.com/profile_banners/792802638/1439185160", "profile_background_image_url": "http://abs.twimg.com/images/themes/theme1/bg.png", "screen_name": "XManSV", "lang": "en", "profile_background_tile": false, "favourites_count": 7067, "name": "X-Man \ufe3b\u2566\u2564\u2500", "notifications": null, "url": null, "created_at": "Fri Aug 31 01:43:54 +0000 2012", "contributors_enabled": false, "time_zone": "Pacific Time (US & Canada)", "protected": false, "default_profile": false, "is_translator": false}, "geo": null, "in_reply_to_user_id_str": null, "possibly_sensitive": false, "lang": "und", "created_at": "Wed Oct 21 18:36:29 +0000 2015", "in_reply_to_status_id_str": null, "place": null, "metadata": {"iso_language_code": "und", "result_type": "recent"}}