{"contributors": null, "truncated": false, "text": "#FeelTheBern #BernieSanders #Bernie2016 #Socialism #LiberalLogic #TCOT #WakeUpAmerica #CCOT #Hillary2016 #Hillary https://t.co/VycDC4KjeC", "is_quote_status": false, "in_reply_to_status_id": null, "id": 656902672805576704, "favorite_count": 1, "source": "<a href=\"http://twitter.com\" rel=\"nofollow\">Twitter Web Client</a>", "retweeted": false, "coordinates": null, "entities": {"symbols": [], "user_mentions": [], "hashtags": [{"indices": [0, 12], "text": "FeelTheBern"}, {"indices": [13, 27], "text": "BernieSanders"}, {"indices": [28, 39], "text": "Bernie2016"}, {"indices": [40, 50], "text": "Socialism"}, {"indices": [51, 64], "text": "LiberalLogic"}, {"indices": [65, 70], "text": "TCOT"}, {"indices": [71, 85], "text": "WakeUpAmerica"}, {"indices": [86, 91], "text": "CCOT"}, {"indices": [92, 104], "text": "Hillary2016"}, {"indices": [105, 113], "text": "Hillary"}], "urls": [], "media": [{"expanded_url": "http://twitter.com/CitizenAnalyst/status/656902672805576704/photo/1", "display_url": "pic.twitter.com/VycDC4KjeC", "url": "https://t.co/VycDC4KjeC", "media_url_https": "https://pbs.twimg.com/media/CR3JgAdUwAAZB1j.png", "id_str": "656902672381952000", "sizes": {"small": {"h": 340, "resize": "fit", "w": 340}, "large": {"h": 600, "resize": "fit", "w": 600}, "medium": {"h": 600, "resize": "fit", "w": 600}, "thumb": {"h": 150, "resize": "crop", "w": 150}}, "indices": [114, 137], "type": "photo", "id": 656902672381952000, "media_url": "http://pbs.twimg.com/media/CR3JgAdUwAAZB1j.png"}]}, "in_reply_to_screen_name": null, "in_reply_to_user_id": null, "retweet_count": 0, "id_str": "656902672805576704", "favorited": false, "user": {"follow_request_sent": null, "has_extended_profile": false, "profile_use_background_image": true, "default_profile_image": false, "id": 2918039334, "profile_background_image_url_https": "https://abs.twimg.com/images/themes/theme1/bg.png", "verified": false, "profile_text_color": "333333", "profile_image_url_https": "https://pbs.twimg.com/profile_images/540319242478833664/jPbuHZrM_normal.jpeg", "profile_sidebar_fill_color": "DDEEF6", "entities": {"url": {"urls": [{"url": "http://t.co/5yXbmcfcs6", "indices": [0, 22], "expanded_url": "http://CitizenAnalyst.net", "display_url": "CitizenAnalyst.net"}]}, "description": {"urls": []}}, "followers_count": 1338, "profile_sidebar_border_color": "C0DEED", "id_str": "2918039334", "profile_background_color": "C0DEED", "listed_count": 34, "is_translation_enabled": false, "utc_offset": -25200, "statuses_count": 5502, "description": "Aggregation & Analysis of Current Political, Societal, and Cultural News & Events", "friends_count": 1982, "location": "Perpetually Seeking Truth", "profile_link_color": "0084B4", "profile_image_url": "http://pbs.twimg.com/profile_images/540319242478833664/jPbuHZrM_normal.jpeg", "following": null, "geo_enabled": false, "profile_banner_url": "https://pbs.twimg.com/profile_banners/2918039334/1426826058", "profile_background_image_url": "http://abs.twimg.com/images/themes/theme1/bg.png", "screen_name": "CitizenAnalyst", "lang": "en", "profile_background_tile": false, "favourites_count": 2826, "name": "Citizen Analyst", "notifications": null, "url": "http://t.co/5yXbmcfcs6", "created_at": "Thu Dec 04 01:37:02 +0000 2014", "contributors_enabled": false, "time_zone": "Tijuana", "protected": false, "default_profile": true, "is_translator": false}, "geo": null, "in_reply_to_user_id_str": null, "possibly_sensitive": false, "lang": "und", "created_at": "Wed Oct 21 18:39:36 +0000 2015", "in_reply_to_status_id_str": null, "place": null, "metadata": {"iso_language_code": "und", "result_type": "recent"}}