{"contributors": null, "truncated": false, "text": "RT @dave_gosh: A vote for Hillary Clinton is a Vote Towards Destroying our 2ndAmendment! #HillaryClinton #guns #2ndAmendment #freedom #Libe\u2026", "is_quote_status": false, "in_reply_to_status_id": null, "id": 656913023563493376, "favorite_count": 0, "source": "<a href=\"http://twitter.com/download/android\" rel=\"nofollow\">Twitter for Android</a>", "retweeted": false, "coordinates": null, "entities": {"symbols": [], "user_mentions": [{"id": 582109728, "indices": [3, 13], "id_str": "582109728", "screen_name": "dave_gosh", "name": "Dave Gosh"}], "hashtags": [{"indices": [89, 104], "text": "HillaryClinton"}, {"indices": [105, 110], "text": "guns"}, {"indices": [111, 124], "text": "2ndAmendment"}, {"indices": [125, 133], "text": "freedom"}, {"indices": [134, 140], "text": "Liberty"}, {"indices": [139, 140], "text": "tcot"}], "urls": []}, "in_reply_to_screen_name": null, "in_reply_to_user_id": null, "retweet_count": 67, "id_str": "656913023563493376", "favorited": false, "retweeted_status": {"contributors": null, "truncated": false, "text": "A vote for Hillary Clinton is a Vote Towards Destroying our 2ndAmendment! #HillaryClinton #guns #2ndAmendment #freedom #Liberty #tcot", "is_quote_status": false, "in_reply_to_status_id": null, "id": 656512045613887488, "favorite_count": 42, "source": "<a href=\"http://twitter.com/download/android\" rel=\"nofollow\">Twitter for Android</a>", "retweeted": false, "coordinates": null, "entities": {"symbols": [], "user_mentions": [], "hashtags": [{"indices": [74, 89], "text": "HillaryClinton"}, {"indices": [90, 95], "text": "guns"}, {"indices": [96, 109], "text": "2ndAmendment"}, {"indices": [110, 118], "text": "freedom"}, {"indices": [119, 127], "text": "Liberty"}, {"indices": [128, 133], "text": "tcot"}], "urls": []}, "in_reply_to_screen_name": null, "in_reply_to_user_id": null, "retweet_count": 67, "id_str": "656512045613887488", "favorited": false, "user": {"follow_request_sent": null, "has_extended_profile": false, "profile_use_background_image": true, "default_profile_image": false, "id": 582109728, "profile_background_image_url_https": "https://abs.twimg.com/images/themes/theme1/bg.png", "verified": false, "profile_text_color": "333333", "profile_image_url_https": "https://pbs.twimg.com/profile_images/515367799066083328/HYrjlNPY_normal.jpeg", "profile_sidebar_fill_color": "DDEEF6", "entities": {"description": {"urls": []}}, "followers_count": 10365, "profile_sidebar_border_color": "C0DEED", "id_str": "582109728", "profile_background_color": "C0DEED", "listed_count": 134, "is_translation_enabled": false, "utc_offset": null, "statuses_count": 2996, "description": "Im a Conservative limited Govt, Pro life, Liberty, Freedom, and Guns", "friends_count": 8447, "location": "", "profile_link_color": "0084B4", "profile_image_url": "http://pbs.twimg.com/profile_images/515367799066083328/HYrjlNPY_normal.jpeg", "following": null, "geo_enabled": true, "profile_banner_url": "https://pbs.twimg.com/profile_banners/582109728/1404796028", "profile_background_image_url": "http://abs.twimg.com/images/themes/theme1/bg.png", "screen_name": "dave_gosh", "lang": "en", "profile_background_tile": false, "favourites_count": 5922, "name": "Dave Gosh", "notifications": null, "url": null, "created_at": "Wed May 16 17:47:46 +0000 2012", "contributors_enabled": false, "time_zone": null, "protected": false, "default_profile": true, "is_translator": false}, "geo": null, "in_reply_to_user_id_str": null, "lang": "en", "created_at": "Tue Oct 20 16:47:23 +0000 2015", "in_reply_to_status_id_str": null, "place": null, "metadata": {"iso_language_code": "en", "result_type": "recent"}}, "user": {"follow_request_sent": null, "has_extended_profile": false, "profile_use_background_image": true, "default_profile_image": false, "id": 1894464324, "profile_background_image_url_https": "https://abs.twimg.com/images/themes/theme1/bg.png", "verified": false, "profile_text_color": "333333", "profile_image_url_https": "https://pbs.twimg.com/profile_images/378800000493802157/493666088c118c5107f104eda6c648ef_normal.jpeg", "profile_sidebar_fill_color": "DDEEF6", "entities": {"description": {"urls": []}}, "followers_count": 162, "profile_sidebar_border_color": "C0DEED", "id_str": "1894464324", "profile_background_color": "C0DEED", "listed_count": 0, "is_translation_enabled": false, "utc_offset": null, "statuses_count": 319, "description": "Working with Best Biz and helping others do the same :) #followmeback", "friends_count": 353, "location": "Reno, NV", "profile_link_color": "0084B4", "profile_image_url": "http://pbs.twimg.com/profile_images/378800000493802157/493666088c118c5107f104eda6c648ef_normal.jpeg", "following": null, "geo_enabled": false, "profile_background_image_url": "http://abs.twimg.com/images/themes/theme1/bg.png", "screen_name": "BarbBartter", "lang": "en", "profile_background_tile": false, "favourites_count": 642, "name": "Barb Bartter", "notifications": null, "url": null, "created_at": "Sun Sep 22 17:33:24 +0000 2013", "contributors_enabled": false, "time_zone": null, "protected": false, "default_profile": true, "is_translator": false}, "geo": null, "in_reply_to_user_id_str": null, "lang": "en", "created_at": "Wed Oct 21 19:20:44 +0000 2015", "in_reply_to_status_id_str": null, "place": null, "metadata": {"iso_language_code": "en", "result_type": "recent"}}