{"contributors": null, "truncated": false, "text": "Thank you for your support of .@HillaryClinton! #Hillary2016  https://t.co/sSk0zfMzs7", "is_quote_status": true, "in_reply_to_status_id": null, "id": 656902139718057984, "favorite_count": 1, "entities": {"symbols": [], "user_mentions": [{"id": 1339835893, "indices": [31, 46], "id_str": "1339835893", "screen_name": "HillaryClinton", "name": "Hillary Clinton"}], "hashtags": [{"indices": [48, 60], "text": "Hillary2016"}], "urls": [{"url": "https://t.co/sSk0zfMzs7", "indices": [62, 85], "expanded_url": "https://twitter.com/larryornez/status/656884632823164929", "display_url": "twitter.com/larryornez/sta\u2026"}]}, "quoted_status_id": 656884632823164929, "retweeted": false, "coordinates": null, "quoted_status": {"contributors": null, "truncated": false, "text": "Alright, Madam Secretary, finish this up. Take us to victory.", "is_quote_status": false, "in_reply_to_status_id": null, "id": 656884632823164929, "favorite_count": 9, "source": "<a href=\"http://twitter.com/download/iphone\" rel=\"nofollow\">Twitter for iPhone</a>", "retweeted": false, "coordinates": null, "entities": {"symbols": [], "user_mentions": [], "hashtags": [], "urls": []}, "in_reply_to_screen_name": null, "in_reply_to_user_id": null, "retweet_count": 6, "id_str": "656884632823164929", "favorited": false, "user": {"follow_request_sent": null, "has_extended_profile": false, "profile_use_background_image": true, "default_profile_image": false, "id": 591324380, "profile_background_image_url_https": "https://pbs.twimg.com/profile_background_images/521403399900631043/2r7UBGR0.jpeg", "verified": false, "profile_text_color": "666666", "profile_image_url_https": "https://pbs.twimg.com/profile_images/656497608991637504/xdiDRQ2-_normal.jpg", "profile_sidebar_fill_color": "252429", "entities": {"url": {"urls": [{"url": "https://t.co/wufZsJALHy", "indices": [0, 23], "expanded_url": "http://diplomacist.com/", "display_url": "diplomacist.com"}]}, "description": {"urls": []}}, "followers_count": 578, "profile_sidebar_border_color": "FFFFFF", "id_str": "591324380", "profile_background_color": "1A1B1F", "listed_count": 9, "is_translation_enabled": false, "utc_offset": -14400, "statuses_count": 10583, "description": "Idealism with a dash of pragmatism. US foreign policy. Humanitarian hawk. @Cornell and @Illinois_Alma.", "friends_count": 499, "location": "Chicago | \u00d6sterreich | NY | DC", "profile_link_color": "3B94D9", "profile_image_url": "http://pbs.twimg.com/profile_images/656497608991637504/xdiDRQ2-_normal.jpg", "following": null, "geo_enabled": false, "profile_banner_url": "https://pbs.twimg.com/profile_banners/591324380/1445356301", "profile_background_image_url": "http://pbs.twimg.com/profile_background_images/521403399900631043/2r7UBGR0.jpeg", "screen_name": "LarryOrnez", "lang": "en", "profile_background_tile": true, "favourites_count": 1145, "name": "Harris", "notifications": null, "url": "https://t.co/wufZsJALHy", "created_at": "Sat May 26 23:04:49 +0000 2012", "contributors_enabled": false, "time_zone": "Eastern Time (US & Canada)", "protected": false, "default_profile": false, "is_translator": false}, "geo": null, "in_reply_to_user_id_str": null, "lang": "en", "created_at": "Wed Oct 21 17:27:55 +0000 2015", "in_reply_to_status_id_str": null, "place": null, "metadata": {"iso_language_code": "en", "result_type": "recent"}}, "source": "<a href=\"http://twitter.com/download/iphone\" rel=\"nofollow\">Twitter for iPhone</a>", "in_reply_to_screen_name": null, "in_reply_to_user_id": null, "retweet_count": 0, "id_str": "656902139718057984", "favorited": false, "user": {"follow_request_sent": null, "has_extended_profile": true, "profile_use_background_image": true, "default_profile_image": false, "id": 326518767, "profile_background_image_url_https": "https://abs.twimg.com/images/themes/theme1/bg.png", "verified": false, "profile_text_color": "333333", "profile_image_url_https": "https://pbs.twimg.com/profile_images/639820698966474753/UmiyvNmn_normal.jpg", "profile_sidebar_fill_color": "DDEEF6", "entities": {"url": {"urls": [{"url": "https://t.co/Lxq2BWsAOu", "indices": [0, 23], "expanded_url": "https://m.youtube.com/watch?v=Grpp77P_--w&feature=youtu.be", "display_url": "m.youtube.com/watch?v=Grpp77\u2026"}]}, "description": {"urls": []}}, "followers_count": 1562, "profile_sidebar_border_color": "C0DEED", "id_str": "326518767", "profile_background_color": "C0DEED", "listed_count": 21, "is_translation_enabled": false, "utc_offset": -18000, "statuses_count": 69070, "description": "Student Trustee, @IUB_Presents President, & @TheHRCSuperVols. @Illinois_Alma '16. Follow: @oppnation, @MikeForIllinois, @danielbiss, & @HillaryClinton.", "friends_count": 1796, "location": "Chicago & Urbana-Champaign, IL", "profile_link_color": "0084B4", "profile_image_url": "http://pbs.twimg.com/profile_images/639820698966474753/UmiyvNmn_normal.jpg", "following": null, "geo_enabled": true, "profile_banner_url": "https://pbs.twimg.com/profile_banners/326518767/1424550062", "profile_background_image_url": "http://abs.twimg.com/images/themes/theme1/bg.png", "screen_name": "Aspiring_ESQ", "lang": "en", "profile_background_tile": false, "favourites_count": 1, "name": "Jaylin McClinton", "notifications": null, "url": "https://t.co/Lxq2BWsAOu", "created_at": "Thu Jun 30 01:44:18 +0000 2011", "contributors_enabled": false, "time_zone": "Central Time (US & Canada)", "protected": false, "default_profile": true, "is_translator": false}, "geo": null, "in_reply_to_user_id_str": null, "possibly_sensitive": false, "lang": "en", "created_at": "Wed Oct 21 18:37:29 +0000 2015", "quoted_status_id_str": "656884632823164929", "in_reply_to_status_id_str": null, "place": null, "metadata": {"iso_language_code": "en", "result_type": "recent"}}