{"contributors": null, "truncated": false, "text": "RT @foxnation: Why Benghazi Still Makes A Difference https://t.co/47eRrkLZxs #Benghazi #HillaryClinton", "is_quote_status": false, "in_reply_to_status_id": null, "id": 656904105013702661, "favorite_count": 0, "source": "<a href=\"http://twitter.com/download/iphone\" rel=\"nofollow\">Twitter for iPhone</a>", "retweeted": false, "coordinates": null, "entities": {"symbols": [], "user_mentions": [{"id": 37764422, "indices": [3, 13], "id_str": "37764422", "screen_name": "foxnation", "name": "Fox Nation"}], "hashtags": [{"indices": [77, 86], "text": "Benghazi"}, {"indices": [87, 102], "text": "HillaryClinton"}], "urls": [{"url": "https://t.co/47eRrkLZxs", "indices": [53, 76], "expanded_url": "http://bit.ly/1GijaJU", "display_url": "bit.ly/1GijaJU"}]}, "in_reply_to_screen_name": null, "in_reply_to_user_id": null, "retweet_count": 15, "id_str": "656904105013702661", "favorited": false, "retweeted_status": {"contributors": null, "truncated": false, "text": "Why Benghazi Still Makes A Difference https://t.co/47eRrkLZxs #Benghazi #HillaryClinton", "is_quote_status": false, "in_reply_to_status_id": null, "id": 656868404624760832, "favorite_count": 7, "source": "<a href=\"http://twitter.com\" rel=\"nofollow\">Twitter Web Client</a>", "retweeted": false, "coordinates": null, "entities": {"symbols": [], "user_mentions": [], "hashtags": [{"indices": [62, 71], "text": "Benghazi"}, {"indices": [72, 87], "text": "HillaryClinton"}], "urls": [{"url": "https://t.co/47eRrkLZxs", "indices": [38, 61], "expanded_url": "http://bit.ly/1GijaJU", "display_url": "bit.ly/1GijaJU"}]}, "in_reply_to_screen_name": null, "in_reply_to_user_id": null, "retweet_count": 15, "id_str": "656868404624760832", "favorited": false, "user": {"follow_request_sent": null, "has_extended_profile": false, "profile_use_background_image": true, "default_profile_image": false, "id": 37764422, "profile_background_image_url_https": "https://pbs.twimg.com/profile_background_images/166298717/tile.jpg", "verified": true, "profile_text_color": "000000", "profile_image_url_https": "https://pbs.twimg.com/profile_images/1272378281/wp-foxnewsheadlines_normal.jpg", "profile_sidebar_fill_color": "A8A8A8", "entities": {"url": {"urls": [{"url": "http://t.co/3JIKguw0Ue", "indices": [0, 22], "expanded_url": "http://www.foxnation.com/", "display_url": "foxnation.com"}]}, "description": {"urls": []}}, "followers_count": 205943, "profile_sidebar_border_color": "07598F", "id_str": "37764422", "profile_background_color": "000000", "listed_count": 3828, "is_translation_enabled": false, "utc_offset": -14400, "statuses_count": 55329, "description": "Join the community that believes in the American dream.", "friends_count": 385, "location": "", "profile_link_color": "8F0404", "profile_image_url": "http://pbs.twimg.com/profile_images/1272378281/wp-foxnewsheadlines_normal.jpg", "following": null, "geo_enabled": false, "profile_banner_url": "https://pbs.twimg.com/profile_banners/37764422/1358199697", "profile_background_image_url": "http://pbs.twimg.com/profile_background_images/166298717/tile.jpg", "screen_name": "foxnation", "lang": "en", "profile_background_tile": true, "favourites_count": 41, "name": "Fox Nation", "notifications": null, "url": "http://t.co/3JIKguw0Ue", "created_at": "Mon May 04 21:25:22 +0000 2009", "contributors_enabled": false, "time_zone": "Eastern Time (US & Canada)", "protected": false, "default_profile": false, "is_translator": false}, "geo": null, "in_reply_to_user_id_str": null, "possibly_sensitive": false, "lang": "en", "created_at": "Wed Oct 21 16:23:26 +0000 2015", "in_reply_to_status_id_str": null, "place": null, "metadata": {"iso_language_code": "en", "result_type": "recent"}}, "user": {"follow_request_sent": null, "has_extended_profile": false, "profile_use_background_image": true, "default_profile_image": false, "id": 3952108109, "profile_background_image_url_https": "https://abs.twimg.com/images/themes/theme1/bg.png", "verified": false, "profile_text_color": "333333", "profile_image_url_https": "https://pbs.twimg.com/profile_images/654144026862583808/PfXreK2y_normal.jpg", "profile_sidebar_fill_color": "DDEEF6", "entities": {"description": {"urls": []}}, "followers_count": 10, "profile_sidebar_border_color": "C0DEED", "id_str": "3952108109", "profile_background_color": "C0DEED", "listed_count": 0, "is_translation_enabled": false, "utc_offset": null, "statuses_count": 27, "description": "", "friends_count": 47, "location": "", "profile_link_color": "0084B4", "profile_image_url": "http://pbs.twimg.com/profile_images/654144026862583808/PfXreK2y_normal.jpg", "following": null, "geo_enabled": false, "profile_background_image_url": "http://abs.twimg.com/images/themes/theme1/bg.png", "screen_name": "SwazayAngela", "lang": "en", "profile_background_tile": false, "favourites_count": 2, "name": "Angela Swazay", "notifications": null, "url": null, "created_at": "Wed Oct 14 03:01:36 +0000 2015", "contributors_enabled": false, "time_zone": null, "protected": false, "default_profile": true, "is_translator": false}, "geo": null, "in_reply_to_user_id_str": null, "possibly_sensitive": false, "lang": "en", "created_at": "Wed Oct 21 18:45:17 +0000 2015", "in_reply_to_status_id_str": null, "place": null, "metadata": {"iso_language_code": "en", "result_type": "recent"}}