{"contributors": null, "truncated": false, "text": "Are we going to have a lady as the most powerful person in the world soon? It's closer to happening now.\n#JoeBiden #Hillary2016", "is_quote_status": false, "in_reply_to_status_id": null, "id": 656905109062983680, "favorite_count": 0, "source": "<a href=\"http://twitter.com\" rel=\"nofollow\">Twitter Web Client</a>", "retweeted": false, "coordinates": null, "entities": {"symbols": [], "user_mentions": [], "hashtags": [{"indices": [105, 114], "text": "JoeBiden"}, {"indices": [115, 127], "text": "Hillary2016"}], "urls": []}, "in_reply_to_screen_name": null, "in_reply_to_user_id": null, "retweet_count": 0, "id_str": "656905109062983680", "favorited": false, "user": {"follow_request_sent": null, "has_extended_profile": false, "profile_use_background_image": true, "default_profile_image": false, "id": 546763075, "profile_background_image_url_https": "https://pbs.twimg.com/profile_background_images/378800000102663776/a5e15a145b90b2167b648aef3f521746.jpeg", "verified": false, "profile_text_color": "333333", "profile_image_url_https": "https://pbs.twimg.com/profile_images/598122295740243968/IATx-aax_normal.jpg", "profile_sidebar_fill_color": "F6F6F6", "entities": {"url": {"urls": [{"url": "http://t.co/WXpYcuvoCn", "indices": [0, 22], "expanded_url": "http://www.shakilak.com", "display_url": "shakilak.com"}]}, "description": {"urls": []}}, "followers_count": 3719, "profile_sidebar_border_color": "FFFFFF", "id_str": "546763075", "profile_background_color": "FF0066", "listed_count": 24, "is_translation_enabled": false, "utc_offset": 3600, "statuses_count": 7572, "description": "I live to make people smile. :) Instagram:Shakilaaaa", "friends_count": 3861, "location": "England", "profile_link_color": "FF00AE", "profile_image_url": "http://pbs.twimg.com/profile_images/598122295740243968/IATx-aax_normal.jpg", "following": null, "geo_enabled": true, "profile_banner_url": "https://pbs.twimg.com/profile_banners/546763075/1428887412", "profile_background_image_url": "http://pbs.twimg.com/profile_background_images/378800000102663776/a5e15a145b90b2167b648aef3f521746.jpeg", "screen_name": "1Shakila", "lang": "en", "profile_background_tile": true, "favourites_count": 783, "name": "Shakila Karim", "notifications": null, "url": "http://t.co/WXpYcuvoCn", "created_at": "Fri Apr 06 12:17:09 +0000 2012", "contributors_enabled": false, "time_zone": "London", "protected": false, "default_profile": false, "is_translator": false}, "geo": null, "in_reply_to_user_id_str": null, "lang": "en", "created_at": "Wed Oct 21 18:49:17 +0000 2015", "in_reply_to_status_id_str": null, "place": null, "metadata": {"iso_language_code": "en", "result_type": "recent"}}