{"contributors": null, "truncated": false, "text": "Already excited for @VP #JoeBiden speech at #DNC Convention in #Philly for #Election2016--LOVE Joe! https://t.co/thCfvSghcP\n#Hillary2016", "is_quote_status": true, "in_reply_to_status_id": null, "id": 656900317372641280, "favorite_count": 0, "entities": {"symbols": [], "user_mentions": [{"id": 325830217, "indices": [20, 23], "id_str": "325830217", "screen_name": "VP", "name": "Vice President Biden"}], "hashtags": [{"indices": [24, 33], "text": "JoeBiden"}, {"indices": [44, 48], "text": "DNC"}, {"indices": [63, 70], "text": "Philly"}, {"indices": [75, 88], "text": "Election2016"}, {"indices": [124, 136], "text": "Hillary2016"}], "urls": [{"url": "https://t.co/thCfvSghcP", "indices": [100, 123], "expanded_url": "https://twitter.com/POLITICOMag/status/656877649785192448", "display_url": "twitter.com/POLITICOMag/st\u2026"}]}, "quoted_status_id": 656877649785192448, "retweeted": false, "coordinates": null, "quoted_status": {"contributors": null, "truncated": false, "text": "The best Biden gaffes, slip-ups, and plain old bloopers. https://t.co/rKAVi6qOzr | Ben Baker/Redux https://t.co/flV81ZCTAf", "is_quote_status": false, "in_reply_to_status_id": null, "id": 656877649785192448, "favorite_count": 32, "source": "<a href=\"http://www.socialflow.com\" rel=\"nofollow\">SocialFlow</a>", "retweeted": false, "coordinates": null, "entities": {"symbols": [], "user_mentions": [], "hashtags": [], "urls": [{"url": "https://t.co/rKAVi6qOzr", "indices": [57, 80], "expanded_url": "http://politi.co/1Kox08F", "display_url": "politi.co/1Kox08F"}], "media": [{"expanded_url": "http://twitter.com/POLITICOMag/status/656877649785192448/photo/1", "display_url": "pic.twitter.com/flV81ZCTAf", "url": "https://t.co/flV81ZCTAf", "media_url_https": "https://pbs.twimg.com/media/CR2yvdRVAAAfVhX.jpg", "id_str": "656877649046863872", "sizes": {"large": {"h": 555, "resize": "fit", "w": 1024}, "small": {"h": 184, "resize": "fit", "w": 340}, "medium": {"h": 325, "resize": "fit", "w": 600}, "thumb": {"h": 150, "resize": "crop", "w": 150}}, "indices": [99, 122], "type": "photo", "id": 656877649046863872, "media_url": "http://pbs.twimg.com/media/CR2yvdRVAAAfVhX.jpg"}]}, "in_reply_to_screen_name": null, "in_reply_to_user_id": null, "retweet_count": 33, "id_str": "656877649785192448", "favorited": false, "user": {"follow_request_sent": null, "has_extended_profile": false, "profile_use_background_image": true, "default_profile_image": false, "id": 1548489476, "profile_background_image_url_https": "https://pbs.twimg.com/profile_background_images/378800000112251885/e1634257da8293a9d1acf64a641ed1c9.jpeg", "verified": true, "profile_text_color": "333333", "profile_image_url_https": "https://pbs.twimg.com/profile_images/529325577698676736/v7z0nmA4_normal.jpeg", "profile_sidebar_fill_color": "DDEEF6", "entities": {"url": {"urls": [{"url": "http://t.co/o4DemqxHzp", "indices": [0, 22], "expanded_url": "http://www.politico.com/magazine", "display_url": "politico.com/magazine"}]}, "description": {"urls": [{"url": "http://t.co/pw8FtKWC1u", "indices": [129, 151], "expanded_url": "http://politi.co/1NjNhBl", "display_url": "politi.co/1NjNhBl"}]}}, "followers_count": 22795, "profile_sidebar_border_color": "FFFFFF", "id_str": "1548489476", "profile_background_color": "131516", "listed_count": 779, "is_translation_enabled": false, "utc_offset": -14400, "statuses_count": 5104, "description": "Featuring hard-hitting reporting and original ideas about the stories that matter most in Washington. NOW LIVE: The #POLITICO50: http://t.co/pw8FtKWC1u", "friends_count": 108, "location": "", "profile_link_color": "009999", "profile_image_url": "http://pbs.twimg.com/profile_images/529325577698676736/v7z0nmA4_normal.jpeg", "following": null, "geo_enabled": false, "profile_banner_url": "https://pbs.twimg.com/profile_banners/1548489476/1441887038", "profile_background_image_url": "http://pbs.twimg.com/profile_background_images/378800000112251885/e1634257da8293a9d1acf64a641ed1c9.jpeg", "screen_name": "POLITICOMag", "lang": "en", "profile_background_tile": true, "favourites_count": 75, "name": "POLITICO Magazine", "notifications": null, "url": "http://t.co/o4DemqxHzp", "created_at": "Wed Jun 26 15:44:07 +0000 2013", "contributors_enabled": false, "time_zone": "Eastern Time (US & Canada)", "protected": false, "default_profile": false, "is_translator": false}, "geo": null, "in_reply_to_user_id_str": null, "possibly_sensitive": false, "lang": "en", "created_at": "Wed Oct 21 17:00:10 +0000 2015", "in_reply_to_status_id_str": null, "place": null, "metadata": {"iso_language_code": "en", "result_type": "recent"}}, "source": "<a href=\"http://twitter.com\" rel=\"nofollow\">Twitter Web Client</a>", "in_reply_to_screen_name": null, "in_reply_to_user_id": null, "retweet_count": 0, "id_str": "656900317372641280", "favorited": false, "user": {"follow_request_sent": null, "has_extended_profile": false, "profile_use_background_image": true, "default_profile_image": false, "id": 1036306028, "profile_background_image_url_https": "https://abs.twimg.com/images/themes/theme1/bg.png", "verified": false, "profile_text_color": "333333", "profile_image_url_https": "https://pbs.twimg.com/profile_images/3172410545/23099e1074a00e9f0fd3602724ad638d_normal.jpeg", "profile_sidebar_fill_color": "DDEEF6", "entities": {"description": {"urls": []}}, "followers_count": 311, "profile_sidebar_border_color": "C0DEED", "id_str": "1036306028", "profile_background_color": "C0DEED", "listed_count": 17, "is_translation_enabled": false, "utc_offset": -14400, "statuses_count": 1891, "description": "aka @hampshiredeeds-Register of Deeds/Hampshire Cty-Democrat-Elected 2012-Avid follower/retweeter of all things political.Tweets not = endorsement", "friends_count": 438, "location": "Hampshire County, MA", "profile_link_color": "0084B4", "profile_image_url": "http://pbs.twimg.com/profile_images/3172410545/23099e1074a00e9f0fd3602724ad638d_normal.jpeg", "following": null, "geo_enabled": true, "profile_banner_url": "https://pbs.twimg.com/profile_banners/1036306028/1436220678", "profile_background_image_url": "http://abs.twimg.com/images/themes/theme1/bg.png", "screen_name": "mary_olberding", "lang": "en", "profile_background_tile": false, "favourites_count": 2504, "name": "Mary Olberding", "notifications": null, "url": null, "created_at": "Wed Dec 26 04:36:42 +0000 2012", "contributors_enabled": false, "time_zone": "Eastern Time (US & Canada)", "protected": false, "default_profile": true, "is_translator": false}, "geo": null, "in_reply_to_user_id_str": null, "possibly_sensitive": false, "lang": "en", "created_at": "Wed Oct 21 18:30:14 +0000 2015", "quoted_status_id_str": "656877649785192448", "in_reply_to_status_id_str": null, "place": null, "metadata": {"iso_language_code": "en", "result_type": "recent"}}