{"contributors": null, "truncated": false, "text": "First Draft: Joe Biden Takes Shots at Hillary Clinton, Though Not by Name https://t.co/8oKWM9zQq8 #joebiden #hillaryclinton", "is_quote_status": false, "in_reply_to_status_id": null, "id": 656909369569890304, "favorite_count": 0, "source": "<a href=\"http://www.newswits.com/\" rel=\"nofollow\">newswits share</a>", "retweeted": false, "coordinates": null, "entities": {"symbols": [], "user_mentions": [], "hashtags": [{"indices": [98, 107], "text": "joebiden"}, {"indices": [108, 123], "text": "hillaryclinton"}], "urls": [{"url": "https://t.co/8oKWM9zQq8", "indices": [74, 97], "expanded_url": "http://www.newswits.com/2015/10/21/first-draft-joe-biden-takes-shots-at-hillary-clinton-though-not-by-name-cdhgifl.html", "display_url": "newswits.com/2015/10/21/fir\u2026"}]}, "in_reply_to_screen_name": null, "in_reply_to_user_id": null, "retweet_count": 0, "id_str": "656909369569890304", "favorited": false, "user": {"follow_request_sent": null, "has_extended_profile": false, "profile_use_background_image": true, "default_profile_image": false, "id": 1403186060, "profile_background_image_url_https": "https://abs.twimg.com/images/themes/theme1/bg.png", "verified": false, "profile_text_color": "333333", "profile_image_url_https": "https://pbs.twimg.com/profile_images/444862317679767552/O1J7JWOk_normal.png", "profile_sidebar_fill_color": "DDEEF6", "entities": {"url": {"urls": [{"url": "http://t.co/11Lj3StqJn", "indices": [0, 22], "expanded_url": "http://www.newswits.com", "display_url": "newswits.com"}]}, "description": {"urls": []}}, "followers_count": 61, "profile_sidebar_border_color": "C0DEED", "id_str": "1403186060", "profile_background_color": "C0DEED", "listed_count": 53, "is_translation_enabled": false, "utc_offset": null, "statuses_count": 7398, "description": "All news in the world - you decide what's important!", "friends_count": 44, "location": "The World", "profile_link_color": "0084B4", "profile_image_url": "http://pbs.twimg.com/profile_images/444862317679767552/O1J7JWOk_normal.png", "following": null, "geo_enabled": false, "profile_background_image_url": "http://abs.twimg.com/images/themes/theme1/bg.png", "screen_name": "newswits", "lang": "en", "profile_background_tile": false, "favourites_count": 0, "name": "newswits", "notifications": null, "url": "http://t.co/11Lj3StqJn", "created_at": "Sat May 04 19:19:10 +0000 2013", "contributors_enabled": false, "time_zone": null, "protected": false, "default_profile": true, "is_translator": false}, "geo": null, "in_reply_to_user_id_str": null, "possibly_sensitive": false, "lang": "en", "created_at": "Wed Oct 21 19:06:13 +0000 2015", "in_reply_to_status_id_str": null, "place": null, "metadata": {"iso_language_code": "en", "result_type": "recent"}}