{"contributors": null, "truncated": false, "text": "User Poll: Is #HillaryClinton 'Less Ethical' Than Others?\nVote &gt;&gt; https://t.co/ww5jciEGwp\n#SaeptaVote #DNC https://t.co/LEwZqfRPdg", "is_quote_status": false, "in_reply_to_status_id": null, "id": 656908216450830336, "favorite_count": 0, "source": "<a href=\"http://www.hootsuite.com\" rel=\"nofollow\">Hootsuite</a>", "retweeted": false, "coordinates": null, "entities": {"symbols": [], "user_mentions": [], "hashtags": [{"indices": [14, 29], "text": "HillaryClinton"}, {"indices": [96, 107], "text": "SaeptaVote"}, {"indices": [108, 112], "text": "DNC"}], "urls": [{"url": "https://t.co/ww5jciEGwp", "indices": [72, 95], "expanded_url": "http://saepta.com/?vote=2719", "display_url": "saepta.com/?vote=2719"}], "media": [{"expanded_url": "http://twitter.com/saeptavote/status/656908216450830336/photo/1", "display_url": "pic.twitter.com/LEwZqfRPdg", "url": "https://t.co/LEwZqfRPdg", "media_url_https": "https://pbs.twimg.com/media/CR3OisWUEAAUzfb.jpg", "id_str": "656908216081584128", "sizes": {"large": {"h": 269, "resize": "fit", "w": 370}, "small": {"h": 247, "resize": "fit", "w": 340}, "medium": {"h": 269, "resize": "fit", "w": 370}, "thumb": {"h": 150, "resize": "crop", "w": 150}}, "indices": [113, 136], "type": "photo", "id": 656908216081584128, "media_url": "http://pbs.twimg.com/media/CR3OisWUEAAUzfb.jpg"}]}, "in_reply_to_screen_name": null, "in_reply_to_user_id": null, "retweet_count": 0, "id_str": "656908216450830336", "favorited": false, "user": {"follow_request_sent": null, "has_extended_profile": false, "profile_use_background_image": true, "default_profile_image": false, "id": 2152098571, "profile_background_image_url_https": "https://pbs.twimg.com/profile_background_images/378800000128855777/CneokkpK.png", "verified": false, "profile_text_color": "333333", "profile_image_url_https": "https://pbs.twimg.com/profile_images/617079922536771584/x-Kx-Wum_normal.png", "profile_sidebar_fill_color": "DDEEF6", "entities": {"url": {"urls": [{"url": "http://t.co/pJgdajiws2", "indices": [0, 22], "expanded_url": "http://get.saepta.com", "display_url": "get.saepta.com"}]}, "description": {"urls": [{"url": "http://t.co/TpeDgqlEtd", "indices": [0, 22], "expanded_url": "http://Saepta.com", "display_url": "Saepta.com"}]}}, "followers_count": 29996, "profile_sidebar_border_color": "000000", "id_str": "2152098571", "profile_background_color": "FFFFFF", "listed_count": 394, "is_translation_enabled": false, "utc_offset": -25200, "statuses_count": 20688, "description": "http://t.co/TpeDgqlEtd - In Ancient Rome the Saepta Julia was the place to cast your vote. Today, everyone can post a poll for social voting with Saepta", "friends_count": 19791, "location": "San Jose, California", "profile_link_color": "006838", "profile_image_url": "http://pbs.twimg.com/profile_images/617079922536771584/x-Kx-Wum_normal.png", "following": null, "geo_enabled": false, "profile_banner_url": "https://pbs.twimg.com/profile_banners/2152098571/1439830195", "profile_background_image_url": "http://pbs.twimg.com/profile_background_images/378800000128855777/CneokkpK.png", "screen_name": "saeptavote", "lang": "en", "profile_background_tile": false, "favourites_count": 467, "name": "saepta", "notifications": null, "url": "http://t.co/pJgdajiws2", "created_at": "Thu Oct 24 02:50:46 +0000 2013", "contributors_enabled": false, "time_zone": "Pacific Time (US & Canada)", "protected": false, "default_profile": false, "is_translator": false}, "geo": null, "in_reply_to_user_id_str": null, "possibly_sensitive": false, "lang": "en", "created_at": "Wed Oct 21 19:01:38 +0000 2015", "in_reply_to_status_id_str": null, "place": null, "metadata": {"iso_language_code": "en", "result_type": "recent"}}