{"contributors": null, "truncated": false, "text": "RT @Asher_P_Fly: Let us NOT forget the families of the Patriots lost at #Benghazi; they deserve JUSTICE for their loved ones! Not a #Hillar\u2026", "is_quote_status": false, "in_reply_to_status_id": null, "id": 656901679388979200, "favorite_count": 0, "source": "<a href=\"http://www.twitter.com\" rel=\"nofollow\">Twitter for Windows Phone</a>", "retweeted": false, "coordinates": null, "entities": {"symbols": [], "user_mentions": [{"id": 714798361, "indices": [3, 15], "id_str": "714798361", "screen_name": "Asher_P_Fly", "name": "Aka @Clickman8"}], "hashtags": [{"indices": [72, 81], "text": "Benghazi"}, {"indices": [132, 140], "text": "HillaryClinton"}], "urls": []}, "in_reply_to_screen_name": null, "in_reply_to_user_id": null, "retweet_count": 2, "id_str": "656901679388979200", "favorited": false, "retweeted_status": {"contributors": null, "truncated": false, "text": "Let us NOT forget the families of the Patriots lost at #Benghazi; they deserve JUSTICE for their loved ones! Not a #HillaryClinton Cover-up!", "is_quote_status": false, "in_reply_to_status_id": null, "id": 656882134603333633, "favorite_count": 1, "source": "<a href=\"http://twitter.com\" rel=\"nofollow\">Twitter Web Client</a>", "retweeted": false, "coordinates": null, "entities": {"symbols": [], "user_mentions": [], "hashtags": [{"indices": [55, 64], "text": "Benghazi"}, {"indices": [115, 130], "text": "HillaryClinton"}], "urls": []}, "in_reply_to_screen_name": null, "in_reply_to_user_id": null, "retweet_count": 2, "id_str": "656882134603333633", "favorited": false, "user": {"follow_request_sent": null, "has_extended_profile": true, "profile_use_background_image": true, "default_profile_image": false, "id": 714798361, "profile_background_image_url_https": "https://abs.twimg.com/images/themes/theme2/bg.gif", "verified": false, "profile_text_color": "663B12", "profile_image_url_https": "https://pbs.twimg.com/profile_images/513078882518315009/oA4Dkfx3_normal.jpeg", "profile_sidebar_fill_color": "DAECF4", "entities": {"description": {"urls": []}}, "followers_count": 7849, "profile_sidebar_border_color": "C6E2EE", "id_str": "714798361", "profile_background_color": "C6E2EE", "listed_count": 166, "is_translation_enabled": false, "utc_offset": -25200, "statuses_count": 56295, "description": "I often wonder if someday CHRISTIANS will be persecuted in our so-called 'One Nation, Under God, Indivisible with Liberty and Justice for All'...could happen...", "friends_count": 7017, "location": "", "profile_link_color": "1F98C7", "profile_image_url": "http://pbs.twimg.com/profile_images/513078882518315009/oA4Dkfx3_normal.jpeg", "following": null, "geo_enabled": false, "profile_background_image_url": "http://abs.twimg.com/images/themes/theme2/bg.gif", "screen_name": "Asher_P_Fly", "lang": "en", "profile_background_tile": false, "favourites_count": 308, "name": "Aka @Clickman8", "notifications": null, "url": null, "created_at": "Tue Jul 24 19:24:44 +0000 2012", "contributors_enabled": false, "time_zone": "Arizona", "protected": false, "default_profile": false, "is_translator": false}, "geo": null, "in_reply_to_user_id_str": null, "lang": "en", "created_at": "Wed Oct 21 17:17:59 +0000 2015", "in_reply_to_status_id_str": null, "place": null, "metadata": {"iso_language_code": "en", "result_type": "recent"}}, "user": {"follow_request_sent": null, "has_extended_profile": false, "profile_use_background_image": true, "default_profile_image": false, "id": 114821430, "profile_background_image_url_https": "https://pbs.twimg.com/profile_background_images/378800000111777664/eee2a033085be3a07fb415df29a2901f.jpeg", "verified": false, "profile_text_color": "333333", "profile_image_url_https": "https://pbs.twimg.com/profile_images/529305170027757568/O8_7syKA_normal.jpeg", "profile_sidebar_fill_color": "DDEEF6", "entities": {"description": {"urls": []}}, "followers_count": 221, "profile_sidebar_border_color": "000000", "id_str": "114821430", "profile_background_color": "C0DEED", "listed_count": 14, "is_translation_enabled": false, "utc_offset": -18000, "statuses_count": 3645, "description": "I ain't here for a long time, i'm here for a good time", "friends_count": 165, "location": "", "profile_link_color": "0084B4", "profile_image_url": "http://pbs.twimg.com/profile_images/529305170027757568/O8_7syKA_normal.jpeg", "following": null, "geo_enabled": false, "profile_background_image_url": "http://pbs.twimg.com/profile_background_images/378800000111777664/eee2a033085be3a07fb415df29a2901f.jpeg", "screen_name": "bigdaddyruss", "lang": "en", "profile_background_tile": true, "favourites_count": 4047, "name": "Russell Wheat", "notifications": null, "url": null, "created_at": "Tue Feb 16 18:28:14 +0000 2010", "contributors_enabled": false, "time_zone": "America/Chicago", "protected": false, "default_profile": false, "is_translator": false}, "geo": null, "in_reply_to_user_id_str": null, "lang": "en", "created_at": "Wed Oct 21 18:35:39 +0000 2015", "in_reply_to_status_id_str": null, "place": null, "metadata": {"iso_language_code": "en", "result_type": "recent"}}