{"contributors": null, "truncated": false, "text": ".@HillaryClinton called @vp after announcement.  #classact #ImWithHer  https://t.co/HeMCowcukw", "is_quote_status": true, "in_reply_to_status_id": null, "id": 656913667401748480, "favorite_count": 3, "entities": {"symbols": [], "user_mentions": [{"id": 1339835893, "indices": [1, 16], "id_str": "1339835893", "screen_name": "HillaryClinton", "name": "Hillary Clinton"}, {"id": 325830217, "indices": [24, 27], "id_str": "325830217", "screen_name": "VP", "name": "Vice President Biden"}], "hashtags": [{"indices": [49, 58], "text": "classact"}, {"indices": [59, 69], "text": "ImWithHer"}], "urls": [{"url": "https://t.co/HeMCowcukw", "indices": [71, 94], "expanded_url": "https://twitter.com/christians4hrc/status/656913186851958784", "display_url": "twitter.com/christians4hrc\u2026"}]}, "quoted_status_id": 656913186851958784, "retweeted": false, "coordinates": null, "quoted_status": {"contributors": null, "truncated": false, "text": "Joe Biden is a beloved public servant &amp; he made the right choice for himself, @TheDemocrats and this race. It's time to unite #Hillary2016!", "is_quote_status": false, "in_reply_to_status_id": null, "id": 656913186851958784, "favorite_count": 2, "source": "<a href=\"http://twitter.com\" rel=\"nofollow\">Twitter Web Client</a>", "retweeted": false, "coordinates": null, "entities": {"symbols": [], "user_mentions": [{"id": 14377605, "indices": [82, 95], "id_str": "14377605", "screen_name": "TheDemocrats", "name": "The Democrats"}], "hashtags": [{"indices": [130, 142], "text": "Hillary2016"}], "urls": []}, "in_reply_to_screen_name": null, "in_reply_to_user_id": null, "retweet_count": 1, "id_str": "656913186851958784", "favorited": false, "user": {"follow_request_sent": null, "has_extended_profile": false, "profile_use_background_image": true, "default_profile_image": false, "id": 3167335095, "profile_background_image_url_https": "https://abs.twimg.com/images/themes/theme1/bg.png", "verified": false, "profile_text_color": "333333", "profile_image_url_https": "https://pbs.twimg.com/profile_images/651476594226147328/a6Lyqxe1_normal.jpg", "profile_sidebar_fill_color": "DDEEF6", "entities": {"url": {"urls": [{"url": "http://t.co/7ggbSTHS6y", "indices": [0, 22], "expanded_url": "http://www.christiandemocratsofamerica.org", "display_url": "christiandemocratsofamerica.org"}]}, "description": {"urls": []}}, "followers_count": 2131, "profile_sidebar_border_color": "C0DEED", "id_str": "3167335095", "profile_background_color": "C0DEED", "listed_count": 3, "is_translation_enabled": false, "utc_offset": null, "statuses_count": 324, "description": "We are Christians proud to support Hillary, 2016! An initiative for Hillary for President sponsored by @ChristianDems. #Christians4Hillary", "friends_count": 42, "location": "United States", "profile_link_color": "0084B4", "profile_image_url": "http://pbs.twimg.com/profile_images/651476594226147328/a6Lyqxe1_normal.jpg", "following": null, "geo_enabled": false, "profile_banner_url": "https://pbs.twimg.com/profile_banners/3167335095/1444862091", "profile_background_image_url": "http://abs.twimg.com/images/themes/theme1/bg.png", "screen_name": "Christians4HRC", "lang": "en", "profile_background_tile": false, "favourites_count": 97, "name": "Christians 4 Hillary", "notifications": null, "url": "http://t.co/7ggbSTHS6y", "created_at": "Tue Apr 14 22:28:00 +0000 2015", "contributors_enabled": false, "time_zone": null, "protected": false, "default_profile": true, "is_translator": false}, "geo": null, "in_reply_to_user_id_str": null, "lang": "en", "created_at": "Wed Oct 21 19:21:23 +0000 2015", "in_reply_to_status_id_str": null, "place": null, "metadata": {"iso_language_code": "en", "result_type": "recent"}}, "source": "<a href=\"http://twitter.com/download/iphone\" rel=\"nofollow\">Twitter for iPhone</a>", "in_reply_to_screen_name": null, "in_reply_to_user_id": null, "retweet_count": 1, "id_str": "656913667401748480", "favorited": false, "user": {"follow_request_sent": null, "has_extended_profile": false, "profile_use_background_image": true, "default_profile_image": false, "id": 3217694460, "profile_background_image_url_https": "https://abs.twimg.com/images/themes/theme1/bg.png", "verified": false, "profile_text_color": "333333", "profile_image_url_https": "https://pbs.twimg.com/profile_images/655398802262593537/aX4p4Tig_normal.jpg", "profile_sidebar_fill_color": "DDEEF6", "entities": {"url": {"urls": [{"url": "https://t.co/6yuYvCYmZ4", "indices": [0, 23], "expanded_url": "http://hillaryclinton.com", "display_url": "hillaryclinton.com"}]}, "description": {"urls": []}}, "followers_count": 1406, "profile_sidebar_border_color": "C0DEED", "id_str": "3217694460", "profile_background_color": "C0DEED", "listed_count": 112, "is_translation_enabled": false, "utc_offset": null, "statuses_count": 27796, "description": "#Hillary2016 #Volunteer #LGBTrights #BLM #UniteBlue #revolutionofLove MY TWEETS ARE MY OWN #notfeelingthebern #nogop #shutdownbenghazicommittee #gowdyforprison", "friends_count": 1044, "location": "Summerlin South, NV", "profile_link_color": "0084B4", "profile_image_url": "http://pbs.twimg.com/profile_images/655398802262593537/aX4p4Tig_normal.jpg", "following": null, "geo_enabled": true, "profile_banner_url": "https://pbs.twimg.com/profile_banners/3217694460/1445486341", "profile_background_image_url": "http://abs.twimg.com/images/themes/theme1/bg.png", "screen_name": "stylistkavin", "lang": "en", "profile_background_tile": false, "favourites_count": 30485, "name": "Kavin", "notifications": null, "url": "https://t.co/6yuYvCYmZ4", "created_at": "Sun May 17 22:44:49 +0000 2015", "contributors_enabled": false, "time_zone": null, "protected": false, "default_profile": true, "is_translator": false}, "geo": null, "in_reply_to_user_id_str": null, "possibly_sensitive": false, "lang": "en", "created_at": "Wed Oct 21 19:23:17 +0000 2015", "quoted_status_id_str": "656913186851958784", "in_reply_to_status_id_str": null, "place": {"full_name": "Nevada, USA", "url": "https://api.twitter.com/1.1/geo/id/d374fb61a20fb74f.json", "country": "United States", "place_type": "admin", "bounding_box": {"type": "Polygon", "coordinates": [[[-120.00574, 35.002086], [-114.039649, 35.002086], [-114.039649, 42.002208], [-120.00574, 42.002208]]]}, "contained_within": [], "country_code": "US", "attributes": {}, "id": "d374fb61a20fb74f", "name": "Nevada"}, "metadata": {"iso_language_code": "en", "result_type": "recent"}}