{"contributors": null, "truncated": false, "text": "Biden says he won't run for president, a boost for Clinton  https://t.co/0n5Jh6GNk6  #joebiden #hillaryclinton #POTUS", "is_quote_status": false, "in_reply_to_status_id": null, "id": 656905596797480960, "favorite_count": 0, "source": "<a href=\"http://twitter.com\" rel=\"nofollow\">Twitter Web Client</a>", "retweeted": false, "coordinates": null, "entities": {"symbols": [], "user_mentions": [], "hashtags": [{"indices": [85, 94], "text": "joebiden"}, {"indices": [95, 110], "text": "hillaryclinton"}, {"indices": [111, 117], "text": "POTUS"}], "urls": [{"url": "https://t.co/0n5Jh6GNk6", "indices": [60, 83], "expanded_url": "http://apne.ws/1NnR6o8", "display_url": "apne.ws/1NnR6o8"}]}, "in_reply_to_screen_name": null, "in_reply_to_user_id": null, "retweet_count": 0, "id_str": "656905596797480960", "favorited": false, "user": {"follow_request_sent": null, "has_extended_profile": false, "profile_use_background_image": true, "default_profile_image": false, "id": 25223310, "profile_background_image_url_https": "https://abs.twimg.com/images/themes/theme8/bg.gif", "verified": false, "profile_text_color": "333333", "profile_image_url_https": "https://pbs.twimg.com/profile_images/606369454604230656/QU33142r_normal.jpg", "profile_sidebar_fill_color": "EADEAA", "entities": {"url": {"urls": [{"url": "http://t.co/q9XKBteC3Y", "indices": [0, 22], "expanded_url": "http://jasontom.com/contact", "display_url": "jasontom.com/contact"}]}, "description": {"urls": []}}, "followers_count": 1505, "profile_sidebar_border_color": "D9B17E", "id_str": "25223310", "profile_background_color": "8B542B", "listed_count": 49, "is_translation_enabled": true, "utc_offset": -36000, "statuses_count": 7760, "description": "Jason Tom the Human Beatbox from Hawaii. #JasonTom", "friends_count": 981, "location": "Hawaii, USA", "profile_link_color": "9D582E", "profile_image_url": "http://pbs.twimg.com/profile_images/606369454604230656/QU33142r_normal.jpg", "following": null, "geo_enabled": true, "profile_banner_url": "https://pbs.twimg.com/profile_banners/25223310/1444788690", "profile_background_image_url": "http://abs.twimg.com/images/themes/theme8/bg.gif", "screen_name": "iamjasontom", "lang": "en", "profile_background_tile": true, "favourites_count": 1655, "name": "Jason Tom", "notifications": null, "url": "http://t.co/q9XKBteC3Y", "created_at": "Thu Mar 19 02:56:10 +0000 2009", "contributors_enabled": false, "time_zone": "Hawaii", "protected": false, "default_profile": false, "is_translator": false}, "geo": null, "in_reply_to_user_id_str": null, "possibly_sensitive": false, "lang": "en", "created_at": "Wed Oct 21 18:51:13 +0000 2015", "in_reply_to_status_id_str": null, "place": null, "metadata": {"iso_language_code": "en", "result_type": "recent"}}