{"contributors": null, "truncated": false, "text": "RT @OBAMA4ME2: Really?\nJoe Biden signaled No intention 2 back any Dem\n#ImWithHer \n#Hillary2016 Most Admired\nhttps://t.co/XMNCFPH9IM https:/\u2026", "is_quote_status": false, "in_reply_to_status_id": null, "id": 656910428711186433, "favorite_count": 0, "source": "<a href=\"http://twitter.com/download/android\" rel=\"nofollow\">Twitter for Android</a>", "retweeted": false, "coordinates": null, "entities": {"symbols": [], "user_mentions": [{"id": 390103810, "indices": [3, 13], "id_str": "390103810", "screen_name": "OBAMA4ME2", "name": "Mrs. Kelly Jacobs"}], "hashtags": [{"indices": [70, 80], "text": "ImWithHer"}, {"indices": [82, 94], "text": "Hillary2016"}], "urls": [{"url": "https://t.co/XMNCFPH9IM", "indices": [108, 131], "expanded_url": "http://politi.co/1OICAKD", "display_url": "politi.co/1OICAKD"}], "media": [{"source_user_id": 390103810, "source_status_id_str": "656908410546462720", "expanded_url": "http://twitter.com/OBAMA4ME2/status/656908410546462720/photo/1", "display_url": "pic.twitter.com/YL38Z4j9CH", "url": "https://t.co/YL38Z4j9CH", "media_url_https": "https://pbs.twimg.com/media/CR3Ot7WVEAA8Wo6.jpg", "source_user_id_str": "390103810", "source_status_id": 656908410546462720, "id_str": "656908409086742528", "sizes": {"small": {"h": 340, "resize": "fit", "w": 340}, "large": {"h": 600, "resize": "fit", "w": 600}, "medium": {"h": 600, "resize": "fit", "w": 600}, "thumb": {"h": 150, "resize": "crop", "w": 150}}, "indices": [139, 140], "type": "photo", "id": 656908409086742528, "media_url": "http://pbs.twimg.com/media/CR3Ot7WVEAA8Wo6.jpg"}]}, "in_reply_to_screen_name": null, "in_reply_to_user_id": null, "retweet_count": 5, "id_str": "656910428711186433", "favorited": false, "retweeted_status": {"contributors": null, "truncated": false, "text": "Really?\nJoe Biden signaled No intention 2 back any Dem\n#ImWithHer \n#Hillary2016 Most Admired\nhttps://t.co/XMNCFPH9IM https://t.co/YL38Z4j9CH", "is_quote_status": false, "in_reply_to_status_id": null, "id": 656908410546462720, "favorite_count": 7, "source": "<a href=\"http://twitter.com\" rel=\"nofollow\">Twitter Web Client</a>", "retweeted": false, "coordinates": null, "entities": {"symbols": [], "user_mentions": [], "hashtags": [{"indices": [55, 65], "text": "ImWithHer"}, {"indices": [67, 79], "text": "Hillary2016"}], "urls": [{"url": "https://t.co/XMNCFPH9IM", "indices": [93, 116], "expanded_url": "http://politi.co/1OICAKD", "display_url": "politi.co/1OICAKD"}], "media": [{"expanded_url": "http://twitter.com/OBAMA4ME2/status/656908410546462720/photo/1", "display_url": "pic.twitter.com/YL38Z4j9CH", "url": "https://t.co/YL38Z4j9CH", "media_url_https": "https://pbs.twimg.com/media/CR3Ot7WVEAA8Wo6.jpg", "id_str": "656908409086742528", "sizes": {"small": {"h": 340, "resize": "fit", "w": 340}, "large": {"h": 600, "resize": "fit", "w": 600}, "medium": {"h": 600, "resize": "fit", "w": 600}, "thumb": {"h": 150, "resize": "crop", "w": 150}}, "indices": [117, 140], "type": "photo", "id": 656908409086742528, "media_url": "http://pbs.twimg.com/media/CR3Ot7WVEAA8Wo6.jpg"}]}, "in_reply_to_screen_name": null, "in_reply_to_user_id": null, "retweet_count": 5, "id_str": "656908410546462720", "favorited": false, "user": {"follow_request_sent": null, "has_extended_profile": false, "profile_use_background_image": true, "default_profile_image": false, "id": 390103810, "profile_background_image_url_https": "https://pbs.twimg.com/profile_background_images/817710381/8e79324abb9401a0c76ed42fd56803a5.jpeg", "verified": false, "profile_text_color": "333333", "profile_image_url_https": "https://pbs.twimg.com/profile_images/648191465991053312/x7WU2TKk_normal.jpg", "profile_sidebar_fill_color": "DDEEF6", "entities": {"url": {"urls": [{"url": "http://t.co/ikRjbHbdLe", "indices": [0, 22], "expanded_url": "http://www.yesonproposition48.org", "display_url": "yesonproposition48.org"}]}, "description": {"urls": []}}, "followers_count": 7070, "profile_sidebar_border_color": "000000", "id_str": "390103810", "profile_background_color": "C0DEED", "listed_count": 120, "is_translation_enabled": false, "utc_offset": -18000, "statuses_count": 24552, "description": "\u266b\u266a(\u273f\u25e0\u203f\u25e0) iSupportOBAMA, MistressofEnthusiasm Peace&Civil RightsActivist Sponsor Legalize #Marijuana 4 Mississippi\n#Bi48 Regulation Works\nPardon #Cannabis Crimes", "friends_count": 7164, "location": "Hernando, Mississippi", "profile_link_color": "0084B4", "profile_image_url": "http://pbs.twimg.com/profile_images/648191465991053312/x7WU2TKk_normal.jpg", "following": null, "geo_enabled": true, "profile_banner_url": "https://pbs.twimg.com/profile_banners/390103810/1445286687", "profile_background_image_url": "http://pbs.twimg.com/profile_background_images/817710381/8e79324abb9401a0c76ed42fd56803a5.jpeg", "screen_name": "OBAMA4ME2", "lang": "en", "profile_background_tile": true, "favourites_count": 20932, "name": "Mrs. Kelly Jacobs", "notifications": null, "url": "http://t.co/ikRjbHbdLe", "created_at": "Thu Oct 13 13:30:49 +0000 2011", "contributors_enabled": false, "time_zone": "Central Time (US & Canada)", "protected": false, "default_profile": false, "is_translator": false}, "geo": null, "in_reply_to_user_id_str": null, "possibly_sensitive": false, "lang": "en", "created_at": "Wed Oct 21 19:02:24 +0000 2015", "in_reply_to_status_id_str": null, "place": {"full_name": "Mississippi, USA", "url": "https://api.twitter.com/1.1/geo/id/43d2418301bf1a49.json", "country": "United States", "place_type": "admin", "bounding_box": {"type": "Polygon", "coordinates": [[[-91.655009, 30.146096], [-88.097889, 30.146096], [-88.097889, 34.995968], [-91.655009, 34.995968]]]}, "contained_within": [], "country_code": "US", "attributes": {}, "id": "43d2418301bf1a49", "name": "Mississippi"}, "metadata": {"iso_language_code": "en", "result_type": "recent"}}, "user": {"follow_request_sent": null, "has_extended_profile": false, "profile_use_background_image": false, "default_profile_image": false, "id": 129281932, "profile_background_image_url_https": "https://abs.twimg.com/images/themes/theme1/bg.png", "verified": false, "profile_text_color": "000000", "profile_image_url_https": "https://pbs.twimg.com/profile_images/576895655601287171/DokorE0G_normal.jpeg", "profile_sidebar_fill_color": "000000", "entities": {"description": {"urls": []}}, "followers_count": 439, "profile_sidebar_border_color": "000000", "id_str": "129281932", "profile_background_color": "000000", "listed_count": 14, "is_translation_enabled": false, "utc_offset": null, "statuses_count": 3296, "description": "I have lived in a handful of different countries, lean very left, love animals, hate injustice and think critical thinking is crucial to development.", "friends_count": 470, "location": "CA. USA", "profile_link_color": "3B94D9", "profile_image_url": "http://pbs.twimg.com/profile_images/576895655601287171/DokorE0G_normal.jpeg", "following": null, "geo_enabled": true, "profile_banner_url": "https://pbs.twimg.com/profile_banners/129281932/1438564147", "profile_background_image_url": "http://abs.twimg.com/images/themes/theme1/bg.png", "screen_name": "andrewjgregor", "lang": "en", "profile_background_tile": false, "favourites_count": 3023, "name": "Andrew James Gregor", "notifications": null, "url": null, "created_at": "Sat Apr 03 19:46:23 +0000 2010", "contributors_enabled": false, "time_zone": null, "protected": false, "default_profile": false, "is_translator": false}, "geo": null, "in_reply_to_user_id_str": null, "possibly_sensitive": false, "lang": "en", "created_at": "Wed Oct 21 19:10:25 +0000 2015", "in_reply_to_status_id_str": null, "place": null, "metadata": {"iso_language_code": "en", "result_type": "recent"}}