{"contributors": null, "truncated": false, "text": "RT @BerniesHomie: #BlackLivesMatter #FeelTheBern #Hillary2016 https://t.co/tD4bVR9VL2", "is_quote_status": false, "in_reply_to_status_id": null, "id": 656907456845508608, "favorite_count": 0, "source": "<a href=\"http://twitter.com\" rel=\"nofollow\">Twitter Web Client</a>", "retweeted": false, "coordinates": null, "entities": {"symbols": [], "user_mentions": [{"id": 3287916110, "indices": [3, 16], "id_str": "3287916110", "screen_name": "BerniesHomie", "name": "Bernie's Homie"}], "hashtags": [{"indices": [18, 35], "text": "BlackLivesMatter"}, {"indices": [36, 48], "text": "FeelTheBern"}, {"indices": [49, 61], "text": "Hillary2016"}], "urls": [], "media": [{"source_user_id": 34349031, "source_status_id_str": "656553541461409792", "expanded_url": "http://twitter.com/Jeannine_C_/status/656553541461409792/photo/1", "display_url": "pic.twitter.com/tD4bVR9VL2", "url": "https://t.co/tD4bVR9VL2", "media_url_https": "https://pbs.twimg.com/media/CRyL93FUsAAGzrH.jpg", "source_user_id_str": "34349031", "source_status_id": 656553541461409792, "id_str": "656553540563808256", "sizes": {"small": {"h": 340, "resize": "fit", "w": 340}, "large": {"h": 720, "resize": "fit", "w": 720}, "medium": {"h": 600, "resize": "fit", "w": 600}, "thumb": {"h": 150, "resize": "crop", "w": 150}}, "indices": [62, 85], "type": "photo", "id": 656553540563808256, "media_url": "http://pbs.twimg.com/media/CRyL93FUsAAGzrH.jpg"}]}, "in_reply_to_screen_name": null, "in_reply_to_user_id": null, "retweet_count": 20, "id_str": "656907456845508608", "favorited": false, "retweeted_status": {"contributors": null, "truncated": false, "text": "#BlackLivesMatter #FeelTheBern #Hillary2016 https://t.co/tD4bVR9VL2", "is_quote_status": false, "in_reply_to_status_id": null, "id": 656632833209843712, "favorite_count": 20, "source": "<a href=\"http://twitter.com\" rel=\"nofollow\">Twitter Web Client</a>", "retweeted": false, "coordinates": null, "entities": {"symbols": [], "user_mentions": [], "hashtags": [{"indices": [0, 17], "text": "BlackLivesMatter"}, {"indices": [18, 30], "text": "FeelTheBern"}, {"indices": [31, 43], "text": "Hillary2016"}], "urls": [], "media": [{"source_user_id": 34349031, "source_status_id_str": "656553541461409792", "expanded_url": "http://twitter.com/Jeannine_C_/status/656553541461409792/photo/1", "display_url": "pic.twitter.com/tD4bVR9VL2", "url": "https://t.co/tD4bVR9VL2", "media_url_https": "https://pbs.twimg.com/media/CRyL93FUsAAGzrH.jpg", "source_user_id_str": "34349031", "source_status_id": 656553541461409792, "id_str": "656553540563808256", "sizes": {"small": {"h": 340, "resize": "fit", "w": 340}, "large": {"h": 720, "resize": "fit", "w": 720}, "medium": {"h": 600, "resize": "fit", "w": 600}, "thumb": {"h": 150, "resize": "crop", "w": 150}}, "indices": [44, 67], "type": "photo", "id": 656553540563808256, "media_url": "http://pbs.twimg.com/media/CRyL93FUsAAGzrH.jpg"}]}, "in_reply_to_screen_name": null, "in_reply_to_user_id": null, "retweet_count": 20, "id_str": "656632833209843712", "favorited": false, "user": {"follow_request_sent": null, "has_extended_profile": false, "profile_use_background_image": true, "default_profile_image": false, "id": 3287916110, "profile_background_image_url_https": "https://pbs.twimg.com/profile_background_images/631720479338815488/DaI5MzH3.jpg", "verified": false, "profile_text_color": "000000", "profile_image_url_https": "https://pbs.twimg.com/profile_images/623961120345174017/ebIe0HiL_normal.jpg", "profile_sidebar_fill_color": "000000", "entities": {"url": {"urls": [{"url": "http://t.co/7zE08e6YhU", "indices": [0, 22], "expanded_url": "http://feelthebern.org/", "display_url": "feelthebern.org"}]}, "description": {"urls": []}}, "followers_count": 11374, "profile_sidebar_border_color": "000000", "id_str": "3287916110", "profile_background_color": "C0DEED", "listed_count": 138, "is_translation_enabled": false, "utc_offset": -25200, "statuses_count": 8086, "description": "Speaking up for my homeboy Bernie Sanders. #FeelTheBern #WeStandTogether #NotForSale", "friends_count": 10143, "location": "/r/sandersforpresident", "profile_link_color": "0084B4", "profile_image_url": "http://pbs.twimg.com/profile_images/623961120345174017/ebIe0HiL_normal.jpg", "following": null, "geo_enabled": false, "profile_banner_url": "https://pbs.twimg.com/profile_banners/3287916110/1437599086", "profile_background_image_url": "http://pbs.twimg.com/profile_background_images/631720479338815488/DaI5MzH3.jpg", "screen_name": "BerniesHomie", "lang": "en", "profile_background_tile": false, "favourites_count": 9196, "name": "Bernie's Homie", "notifications": null, "url": "http://t.co/7zE08e6YhU", "created_at": "Wed Jul 22 20:58:34 +0000 2015", "contributors_enabled": false, "time_zone": "Pacific Time (US & Canada)", "protected": false, "default_profile": false, "is_translator": false}, "geo": null, "in_reply_to_user_id_str": null, "possibly_sensitive": false, "lang": "und", "created_at": "Wed Oct 21 00:47:21 +0000 2015", "in_reply_to_status_id_str": null, "place": null, "metadata": {"iso_language_code": "und", "result_type": "recent"}}, "user": {"follow_request_sent": null, "has_extended_profile": false, "profile_use_background_image": true, "default_profile_image": false, "id": 379869831, "profile_background_image_url_https": "https://pbs.twimg.com/profile_background_images/431846059/xed893a06ca9933f76ec60764caa4dc0.jpg", "verified": false, "profile_text_color": "877F63", "profile_image_url_https": "https://pbs.twimg.com/profile_images/648513900204290049/QG2ORVVS_normal.png", "profile_sidebar_fill_color": "E2EAEF", "entities": {"url": {"urls": [{"url": "http://t.co/EvvTbp0PKE", "indices": [0, 22], "expanded_url": "http://artistwebsites.com/profiles/paintingsbycharlesmunn.html?tab=artwork", "display_url": "artistwebsites.com/profiles/paint\u2026"}]}, "description": {"urls": []}}, "followers_count": 76957, "profile_sidebar_border_color": "E2EAEF", "id_str": "379869831", "profile_background_color": "DADDC0", "listed_count": 979, "is_translation_enabled": false, "utc_offset": -25200, "statuses_count": 128740, "description": "Democratic Socialist,painter&author. Mother was a Texan, father an ET.Tries to be kind&follows back all. Bernie Sanders, 2016!", "friends_count": 75839, "location": "Becoming", "profile_link_color": "6C961C", "profile_image_url": "http://pbs.twimg.com/profile_images/648513900204290049/QG2ORVVS_normal.png", "following": null, "geo_enabled": true, "profile_banner_url": "https://pbs.twimg.com/profile_banners/379869831/1444954435", "profile_background_image_url": "http://pbs.twimg.com/profile_background_images/431846059/xed893a06ca9933f76ec60764caa4dc0.jpg", "screen_name": "CharlesMunn1", "lang": "en", "profile_background_tile": false, "favourites_count": 22448, "name": "Charles Munn,", "notifications": null, "url": "http://t.co/EvvTbp0PKE", "created_at": "Sun Sep 25 18:04:41 +0000 2011", "contributors_enabled": false, "time_zone": "Pacific Time (US & Canada)", "protected": false, "default_profile": false, "is_translator": false}, "geo": null, "in_reply_to_user_id_str": null, "possibly_sensitive": false, "lang": "und", "created_at": "Wed Oct 21 18:58:37 +0000 2015", "in_reply_to_status_id_str": null, "place": null, "metadata": {"iso_language_code": "und", "result_type": "recent"}}