{"contributors": null, "truncated": false, "text": "New rules help #HillaryClinton tap big donors to help the #DemocraticParty https://t.co/wu2eetNH2T  https://t.co/jOwn2W2KcW", "is_quote_status": false, "in_reply_to_status_id": null, "id": 656906776160268288, "favorite_count": 0, "source": "<a href=\"http://twitter.com\" rel=\"nofollow\">Twitter Web Client</a>", "retweeted": false, "coordinates": null, "entities": {"symbols": [], "user_mentions": [], "hashtags": [{"indices": [15, 30], "text": "HillaryClinton"}, {"indices": [58, 74], "text": "DemocraticParty"}], "urls": [{"url": "https://t.co/wu2eetNH2T", "indices": [75, 98], "expanded_url": "http://huff.to/1PAoV8N", "display_url": "huff.to/1PAoV8N"}], "media": [{"source_user_id": 15458694, "source_status_id_str": "656903054541852673", "expanded_url": "http://twitter.com/HuffPostPol/status/656903054541852673/photo/1", "display_url": "pic.twitter.com/jOwn2W2KcW", "url": "https://t.co/jOwn2W2KcW", "media_url_https": "https://pbs.twimg.com/media/CR3J2NwWEAAfEUS.jpg", "source_user_id_str": "15458694", "source_status_id": 656903054541852673, "id_str": "656903053908512768", "sizes": {"large": {"h": 537, "resize": "fit", "w": 1024}, "small": {"h": 178, "resize": "fit", "w": 340}, "medium": {"h": 315, "resize": "fit", "w": 600}, "thumb": {"h": 150, "resize": "crop", "w": 150}}, "indices": [100, 123], "type": "photo", "id": 656903053908512768, "media_url": "http://pbs.twimg.com/media/CR3J2NwWEAAfEUS.jpg"}]}, "in_reply_to_screen_name": null, "in_reply_to_user_id": null, "retweet_count": 0, "id_str": "656906776160268288", "favorited": false, "user": {"follow_request_sent": null, "has_extended_profile": false, "profile_use_background_image": true, "default_profile_image": false, "id": 20562843, "profile_background_image_url_https": "https://abs.twimg.com/images/themes/theme5/bg.gif", "verified": false, "profile_text_color": "3E4415", "profile_image_url_https": "https://pbs.twimg.com/profile_images/636583307065487360/kmtTorlq_normal.jpg", "profile_sidebar_fill_color": "99CC33", "entities": {"description": {"urls": []}}, "followers_count": 495, "profile_sidebar_border_color": "829D5E", "id_str": "20562843", "profile_background_color": "352726", "listed_count": 29, "is_translation_enabled": false, "utc_offset": -18000, "statuses_count": 52405, "description": "Interesting Texan | B.S. in Psychology | ~News, Science, Sports & Politics~ |  Get it all here. | Live. Get out, explore.", "friends_count": 1365, "location": "Austin, Texas, USA", "profile_link_color": "4A913C", "profile_image_url": "http://pbs.twimg.com/profile_images/636583307065487360/kmtTorlq_normal.jpg", "following": null, "geo_enabled": true, "profile_banner_url": "https://pbs.twimg.com/profile_banners/20562843/1424192334", "profile_background_image_url": "http://abs.twimg.com/images/themes/theme5/bg.gif", "screen_name": "zachschurmann", "lang": "en", "profile_background_tile": false, "favourites_count": 368, "name": "Zach Schurmann", "notifications": null, "url": null, "created_at": "Wed Feb 11 01:22:49 +0000 2009", "contributors_enabled": false, "time_zone": "Central Time (US & Canada)", "protected": false, "default_profile": false, "is_translator": false}, "geo": null, "in_reply_to_user_id_str": null, "possibly_sensitive": false, "lang": "en", "created_at": "Wed Oct 21 18:55:54 +0000 2015", "in_reply_to_status_id_str": null, "place": {"full_name": "Texas, USA", "url": "https://api.twitter.com/1.1/geo/id/e0060cda70f5f341.json", "country": "United States", "place_type": "admin", "bounding_box": {"type": "Polygon", "coordinates": [[[-106.645646, 25.837092], [-93.508131, 25.837092], [-93.508131, 36.500695], [-106.645646, 36.500695]]]}, "contained_within": [], "country_code": "US", "attributes": {}, "id": "e0060cda70f5f341", "name": "Texas"}, "metadata": {"iso_language_code": "en", "result_type": "recent"}}