{"contributors": null, "truncated": false, "text": "I just became a #Hillary2016 grassroots tweeter for @HillaryClinton. She needs you in her corner too! Join:  https://t.co/HcadBv1700", "is_quote_status": false, "in_reply_to_status_id": null, "id": 656902957896630272, "favorite_count": 0, "source": "<a href=\"http://twitter.com\" rel=\"nofollow\">Twitter Web Client</a>", "retweeted": false, "coordinates": null, "entities": {"symbols": [], "user_mentions": [{"id": 1339835893, "indices": [52, 67], "id_str": "1339835893", "screen_name": "HillaryClinton", "name": "Hillary Clinton"}], "hashtags": [{"indices": [16, 28], "text": "Hillary2016"}], "urls": [{"url": "https://t.co/HcadBv1700", "indices": [109, 132], "expanded_url": "https://www.hillaryclinton.com/signup/become-grassroots-tweeter/", "display_url": "hillaryclinton.com/signup/become-\u2026"}]}, "in_reply_to_screen_name": null, "in_reply_to_user_id": null, "retweet_count": 2, "id_str": "656902957896630272", "favorited": false, "user": {"follow_request_sent": null, "has_extended_profile": false, "profile_use_background_image": true, "default_profile_image": false, "id": 3883979774, "profile_background_image_url_https": "https://pbs.twimg.com/profile_background_images/654699935267328001/2E8jH4XE.jpg", "verified": false, "profile_text_color": "000000", "profile_image_url_https": "https://pbs.twimg.com/profile_images/654531055089659904/jUcaLw8N_normal.png", "profile_sidebar_fill_color": "000000", "entities": {"description": {"urls": [{"url": "https://t.co/FBon84MmOP", "indices": [127, 150], "expanded_url": "https://www.hillaryclinton.com/", "display_url": "hillaryclinton.com"}]}}, "followers_count": 83, "profile_sidebar_border_color": "000000", "id_str": "3883979774", "profile_background_color": "C0DEED", "listed_count": 1, "is_translation_enabled": false, "utc_offset": null, "statuses_count": 884, "description": "FOLLOW ME IF YOU ARE FOR  @HillaryClinton #Hillary2016 #LGBT #Equality  #EndGunViolence #KeepShoutingOnGuns #ImmigrationReform https://t.co/FBon84MmOP", "friends_count": 280, "location": "Washington, USA", "profile_link_color": "89C9FA", "profile_image_url": "http://pbs.twimg.com/profile_images/654531055089659904/jUcaLw8N_normal.png", "following": null, "geo_enabled": false, "profile_banner_url": "https://pbs.twimg.com/profile_banners/3883979774/1444887980", "profile_background_image_url": "http://pbs.twimg.com/profile_background_images/654699935267328001/2E8jH4XE.jpg", "screen_name": "BlueInTheFace6", "lang": "en", "profile_background_tile": true, "favourites_count": 387, "name": "Blue In The Face", "notifications": null, "url": null, "created_at": "Tue Oct 13 19:56:01 +0000 2015", "contributors_enabled": false, "time_zone": null, "protected": false, "default_profile": false, "is_translator": false}, "geo": null, "in_reply_to_user_id_str": null, "possibly_sensitive": false, "lang": "en", "created_at": "Wed Oct 21 18:40:44 +0000 2015", "in_reply_to_status_id_str": null, "place": null, "metadata": {"iso_language_code": "en", "result_type": "recent"}}