{"contributors": null, "truncated": false, "text": "WOW!!! So bad for #hillaryclinton PLS RT... Mother of Benghazi Victim Erupts at Hillary: 'She's Lying!' https://t.co/eNraIPRj9i  @mediaite", "is_quote_status": false, "in_reply_to_status_id": null, "id": 656911586632859648, "favorite_count": 2, "source": "<a href=\"http://twitter.com\" rel=\"nofollow\">Twitter Web Client</a>", "retweeted": false, "coordinates": null, "entities": {"symbols": [], "user_mentions": [{"id": 29465136, "indices": [129, 138], "id_str": "29465136", "screen_name": "Mediaite", "name": "Mediaite"}], "hashtags": [{"indices": [18, 33], "text": "hillaryclinton"}], "urls": [{"url": "https://t.co/eNraIPRj9i", "indices": [104, 127], "expanded_url": "http://www.mediaite.com/tv/mother-of-benghazi-victim-erupts-at-hillary-clinton-shes-lying/", "display_url": "mediaite.com/tv/mother-of-b\u2026"}]}, "in_reply_to_screen_name": null, "in_reply_to_user_id": null, "retweet_count": 5, "id_str": "656911586632859648", "favorited": false, "user": {"follow_request_sent": null, "has_extended_profile": false, "profile_use_background_image": false, "default_profile_image": false, "id": 3384693167, "profile_background_image_url_https": "https://abs.twimg.com/images/themes/theme1/bg.png", "verified": false, "profile_text_color": "000000", "profile_image_url_https": "https://pbs.twimg.com/profile_images/623177942789681152/EEnH1GP9_normal.jpg", "profile_sidebar_fill_color": "000000", "entities": {"description": {"urls": []}}, "followers_count": 931, "profile_sidebar_border_color": "000000", "id_str": "3384693167", "profile_background_color": "000000", "listed_count": 12, "is_translation_enabled": false, "utc_offset": null, "statuses_count": 2672, "description": "Establishment Politicians & Mainstream Media Are The Problem - Very Corrupt!\nFollowed by @seanhannity #MakeAmericaGreatAgain #Trump2016", "friends_count": 373, "location": "USA", "profile_link_color": "9266CC", "profile_image_url": "http://pbs.twimg.com/profile_images/623177942789681152/EEnH1GP9_normal.jpg", "following": null, "geo_enabled": true, "profile_banner_url": "https://pbs.twimg.com/profile_banners/3384693167/1437412757", "profile_background_image_url": "http://abs.twimg.com/images/themes/theme1/bg.png", "screen_name": "FreemarketSara", "lang": "en", "profile_background_tile": false, "favourites_count": 27, "name": "Sara", "notifications": null, "url": null, "created_at": "Mon Jul 20 16:52:26 +0000 2015", "contributors_enabled": false, "time_zone": null, "protected": false, "default_profile": false, "is_translator": false}, "geo": null, "in_reply_to_user_id_str": null, "possibly_sensitive": false, "lang": "en", "created_at": "Wed Oct 21 19:15:01 +0000 2015", "in_reply_to_status_id_str": null, "place": null, "metadata": {"iso_language_code": "en", "result_type": "recent"}}