{"contributors": null, "truncated": false, "text": "#HillaryClinton, #DonaldTrump, #BernieSanders, react to #JoeBiden decision not to run -  https://t.co/axheWJHquP", "is_quote_status": false, "in_reply_to_status_id": null, "id": 656903990039343104, "favorite_count": 0, "source": "<a href=\"http://www.socialnewsdesk.com\" rel=\"nofollow\">SocialNewsDesk</a>", "retweeted": false, "coordinates": null, "entities": {"symbols": [], "user_mentions": [], "hashtags": [{"indices": [0, 15], "text": "HillaryClinton"}, {"indices": [17, 29], "text": "DonaldTrump"}, {"indices": [31, 45], "text": "BernieSanders"}, {"indices": [56, 65], "text": "JoeBiden"}], "urls": [{"url": "https://t.co/axheWJHquP", "indices": [89, 112], "expanded_url": "http://bit.ly/Biden-National-Reaction?cid=twitter_WTNH", "display_url": "bit.ly/Biden-National\u2026"}]}, "in_reply_to_screen_name": null, "in_reply_to_user_id": null, "retweet_count": 1, "id_str": "656903990039343104", "favorited": false, "user": {"follow_request_sent": null, "has_extended_profile": false, "profile_use_background_image": true, "default_profile_image": false, "id": 14262811, "profile_background_image_url_https": "https://pbs.twimg.com/profile_background_images/155098822/twitter-red-sept2010.png", "verified": true, "profile_text_color": "000000", "profile_image_url_https": "https://pbs.twimg.com/profile_images/466243416477560832/VkFkQ-_J_normal.png", "profile_sidebar_fill_color": "EEEEEE", "entities": {"url": {"urls": [{"url": "http://t.co/kEDyyLtq9a", "indices": [0, 22], "expanded_url": "http://wtnh.com", "display_url": "wtnh.com"}]}, "description": {"urls": []}}, "followers_count": 95325, "profile_sidebar_border_color": "FFFFFF", "id_str": "14262811", "profile_background_color": "FFFFFF", "listed_count": 1288, "is_translation_enabled": false, "utc_offset": -14400, "statuses_count": 41521, "description": "#BreakingNews, #Connecticut weather and live video alerts from Connecticut's News 8 WTNH-TV.", "friends_count": 1119, "location": "New Haven, CT, USA", "profile_link_color": "D80304", "profile_image_url": "http://pbs.twimg.com/profile_images/466243416477560832/VkFkQ-_J_normal.png", "following": null, "geo_enabled": true, "profile_banner_url": "https://pbs.twimg.com/profile_banners/14262811/1441835033", "profile_background_image_url": "http://pbs.twimg.com/profile_background_images/155098822/twitter-red-sept2010.png", "screen_name": "WTNH", "lang": "en", "profile_background_tile": false, "favourites_count": 71, "name": "WTNH News 8", "notifications": null, "url": "http://t.co/kEDyyLtq9a", "created_at": "Mon Mar 31 02:20:31 +0000 2008", "contributors_enabled": false, "time_zone": "Eastern Time (US & Canada)", "protected": false, "default_profile": false, "is_translator": false}, "geo": null, "in_reply_to_user_id_str": null, "possibly_sensitive": false, "lang": "en", "created_at": "Wed Oct 21 18:44:50 +0000 2015", "in_reply_to_status_id_str": null, "place": null, "metadata": {"iso_language_code": "en", "result_type": "recent"}}