{"contributors": null, "truncated": false, "text": "@TrishIntel @Judgenap Do you anticipate HRC to plead the 5th and stonewall the committee? #HillaryClinton", "is_quote_status": false, "in_reply_to_status_id": 656905804012982272, "id": 656907776535359488, "favorite_count": 0, "source": "<a href=\"http://tapbots.com/tweetbot\" rel=\"nofollow\">Tweetbot for i\u039fS</a>", "retweeted": false, "coordinates": null, "entities": {"symbols": [], "user_mentions": [{"id": 3221357514, "indices": [0, 11], "id_str": "3221357514", "screen_name": "TrishIntel", "name": "Trish Regan Intel"}, {"id": 29216764, "indices": [12, 21], "id_str": "29216764", "screen_name": "Judgenap", "name": "Judge Napolitano "}], "hashtags": [{"indices": [90, 105], "text": "HillaryClinton"}], "urls": []}, "in_reply_to_screen_name": "TrishIntel", "in_reply_to_user_id": 3221357514, "retweet_count": 0, "id_str": "656907776535359488", "favorited": false, "user": {"follow_request_sent": null, "has_extended_profile": false, "profile_use_background_image": true, "default_profile_image": false, "id": 2959980871, "profile_background_image_url_https": "https://abs.twimg.com/images/themes/theme1/bg.png", "verified": false, "profile_text_color": "333333", "profile_image_url_https": "https://pbs.twimg.com/profile_images/552663396525436928/VFBllDP4_normal.jpeg", "profile_sidebar_fill_color": "DDEEF6", "entities": {"description": {"urls": []}}, "followers_count": 71, "profile_sidebar_border_color": "C0DEED", "id_str": "2959980871", "profile_background_color": "C0DEED", "listed_count": 7, "is_translation_enabled": false, "utc_offset": null, "statuses_count": 1494, "description": "", "friends_count": 209, "location": "", "profile_link_color": "0084B4", "profile_image_url": "http://pbs.twimg.com/profile_images/552663396525436928/VFBllDP4_normal.jpeg", "following": null, "geo_enabled": true, "profile_background_image_url": "http://abs.twimg.com/images/themes/theme1/bg.png", "screen_name": "BTKjam", "lang": "en", "profile_background_tile": false, "favourites_count": 3409, "name": "Bryan Kawakami", "notifications": null, "url": null, "created_at": "Mon Jan 05 18:19:56 +0000 2015", "contributors_enabled": false, "time_zone": null, "protected": false, "default_profile": true, "is_translator": false}, "geo": null, "in_reply_to_user_id_str": "3221357514", "lang": "en", "created_at": "Wed Oct 21 18:59:53 +0000 2015", "in_reply_to_status_id_str": "656905804012982272", "place": {"full_name": "Marina, CA", "url": "https://api.twitter.com/1.1/geo/id/7a3fb038dd5b70e7.json", "country": "United States", "place_type": "city", "bounding_box": {"type": "Polygon", "coordinates": [[[-121.817399, 36.652284], [-121.741899, 36.652284], [-121.741899, 36.707451], [-121.817399, 36.707451]]]}, "contained_within": [], "country_code": "US", "attributes": {}, "id": "7a3fb038dd5b70e7", "name": "Marina"}, "metadata": {"iso_language_code": "en", "result_type": "recent"}}