{"contributors": null, "truncated": false, "text": "RT @llendonmar46: WTF. !: #GOP  Congressman Already Floating Impeachment For #HillaryClinton . https://t.co/BDyNkmJIqx #p2 #UniteBlue #USLa\u2026", "is_quote_status": false, "in_reply_to_status_id": null, "id": 656903552871215104, "favorite_count": 0, "source": "<a href=\"http://twitter.com/download/android\" rel=\"nofollow\">Twitter for Android</a>", "retweeted": false, "coordinates": null, "entities": {"symbols": [], "user_mentions": [{"id": 2286862575, "indices": [3, 16], "id_str": "2286862575", "screen_name": "llendonmar46", "name": "Mario Estevez "}], "hashtags": [{"indices": [26, 30], "text": "GOP"}, {"indices": [77, 92], "text": "HillaryClinton"}, {"indices": [119, 122], "text": "p2"}, {"indices": [123, 133], "text": "UniteBlue"}, {"indices": [134, 140], "text": "USLatino"}], "urls": [{"url": "https://t.co/BDyNkmJIqx", "indices": [95, 118], "expanded_url": "http://google.com/newsstand/s/CBIwwOHT2iI", "display_url": "google.com/newsstand/s/CB\u2026"}]}, "in_reply_to_screen_name": null, "in_reply_to_user_id": null, "retweet_count": 57, "id_str": "656903552871215104", "favorited": false, "retweeted_status": {"contributors": null, "truncated": false, "text": "WTF. !: #GOP  Congressman Already Floating Impeachment For #HillaryClinton . https://t.co/BDyNkmJIqx #p2 #UniteBlue #USLatino", "is_quote_status": false, "in_reply_to_status_id": null, "id": 656181271509512196, "favorite_count": 8, "source": "<a href=\"http://twitter.com/download/android\" rel=\"nofollow\">Twitter for Android</a>", "retweeted": false, "coordinates": null, "entities": {"symbols": [], "user_mentions": [], "hashtags": [{"indices": [8, 12], "text": "GOP"}, {"indices": [59, 74], "text": "HillaryClinton"}, {"indices": [101, 104], "text": "p2"}, {"indices": [105, 115], "text": "UniteBlue"}, {"indices": [116, 125], "text": "USLatino"}], "urls": [{"url": "https://t.co/BDyNkmJIqx", "indices": [77, 100], "expanded_url": "http://google.com/newsstand/s/CBIwwOHT2iI", "display_url": "google.com/newsstand/s/CB\u2026"}]}, "in_reply_to_screen_name": null, "in_reply_to_user_id": null, "retweet_count": 57, "id_str": "656181271509512196", "favorited": false, "user": {"follow_request_sent": null, "has_extended_profile": false, "profile_use_background_image": true, "default_profile_image": false, "id": 2286862575, "profile_background_image_url_https": "https://abs.twimg.com/images/themes/theme1/bg.png", "verified": false, "profile_text_color": "333333", "profile_image_url_https": "https://pbs.twimg.com/profile_images/495334323109654528/6shtpgi3_normal.png", "profile_sidebar_fill_color": "DDEEF6", "entities": {"description": {"urls": []}}, "followers_count": 3831, "profile_sidebar_border_color": "C0DEED", "id_str": "2286862575", "profile_background_color": "C0DEED", "listed_count": 138, "is_translation_enabled": false, "utc_offset": null, "statuses_count": 53289, "description": "#political #AnimalLove #progressive #Science #USLatino #Immigration #equalrightsforeverypHone #WomenRights #NoReligion", "friends_count": 3923, "location": "USA ", "profile_link_color": "0084B4", "profile_image_url": "http://pbs.twimg.com/profile_images/495334323109654528/6shtpgi3_normal.png", "following": null, "geo_enabled": true, "profile_background_image_url": "http://abs.twimg.com/images/themes/theme1/bg.png", "screen_name": "llendonmar46", "lang": "en", "profile_background_tile": false, "favourites_count": 31822, "name": "Mario Estevez ", "notifications": null, "url": null, "created_at": "Thu Jan 16 23:13:36 +0000 2014", "contributors_enabled": false, "time_zone": null, "protected": false, "default_profile": true, "is_translator": false}, "geo": null, "in_reply_to_user_id_str": null, "possibly_sensitive": false, "lang": "en", "created_at": "Mon Oct 19 18:53:01 +0000 2015", "in_reply_to_status_id_str": null, "place": null, "metadata": {"iso_language_code": "en", "result_type": "recent"}}, "user": {"follow_request_sent": null, "has_extended_profile": false, "profile_use_background_image": true, "default_profile_image": false, "id": 2610693114, "profile_background_image_url_https": "https://abs.twimg.com/images/themes/theme1/bg.png", "verified": false, "profile_text_color": "333333", "profile_image_url_https": "https://pbs.twimg.com/profile_images/526802466130886656/TuMFIakf_normal.jpeg", "profile_sidebar_fill_color": "DDEEF6", "entities": {"description": {"urls": []}}, "followers_count": 397, "profile_sidebar_border_color": "C0DEED", "id_str": "2610693114", "profile_background_color": "C0DEED", "listed_count": 24, "is_translation_enabled": false, "utc_offset": null, "statuses_count": 12168, "description": "", "friends_count": 372, "location": "", "profile_link_color": "0084B4", "profile_image_url": "http://pbs.twimg.com/profile_images/526802466130886656/TuMFIakf_normal.jpeg", "following": null, "geo_enabled": true, "profile_banner_url": "https://pbs.twimg.com/profile_banners/2610693114/1435762499", "profile_background_image_url": "http://abs.twimg.com/images/themes/theme1/bg.png", "screen_name": "rosy_tnt", "lang": "es", "profile_background_tile": false, "favourites_count": 1433, "name": "Rosy ", "notifications": null, "url": null, "created_at": "Tue Jul 08 00:20:17 +0000 2014", "contributors_enabled": false, "time_zone": null, "protected": false, "default_profile": true, "is_translator": false}, "geo": null, "in_reply_to_user_id_str": null, "possibly_sensitive": false, "lang": "en", "created_at": "Wed Oct 21 18:43:06 +0000 2015", "in_reply_to_status_id_str": null, "place": null, "metadata": {"iso_language_code": "en", "result_type": "recent"}}