{"contributors": null, "truncated": false, "text": "With #Biden announcing he won't run, #HillaryClinton now has the nomination in the bag. Now it's about beating Hillary, not each other @GOP", "is_quote_status": false, "in_reply_to_status_id": null, "id": 656904577011351552, "favorite_count": 0, "source": "<a href=\"http://twitter.com/download/android\" rel=\"nofollow\">Twitter for Android</a>", "retweeted": false, "coordinates": null, "entities": {"symbols": [], "user_mentions": [{"id": 11134252, "indices": [135, 139], "id_str": "11134252", "screen_name": "GOP", "name": "RNC"}], "hashtags": [{"indices": [5, 11], "text": "Biden"}, {"indices": [37, 52], "text": "HillaryClinton"}], "urls": []}, "in_reply_to_screen_name": null, "in_reply_to_user_id": null, "retweet_count": 0, "id_str": "656904577011351552", "favorited": false, "user": {"follow_request_sent": null, "has_extended_profile": false, "profile_use_background_image": true, "default_profile_image": false, "id": 453638618, "profile_background_image_url_https": "https://pbs.twimg.com/profile_background_images/509089076855595008/zEVR5vuP.jpeg", "verified": false, "profile_text_color": "333333", "profile_image_url_https": "https://pbs.twimg.com/profile_images/656476795743678464/XMFgem2s_normal.jpg", "profile_sidebar_fill_color": "F6FFD1", "entities": {"description": {"urls": []}}, "followers_count": 177, "profile_sidebar_border_color": "000000", "id_str": "453638618", "profile_background_color": "89C9FA", "listed_count": 2, "is_translation_enabled": false, "utc_offset": -14400, "statuses_count": 2727, "description": "Conservative. Proud American. Smaller Government = Smarter Government \n#tcot #MillenialConservative\n#grassroots\n#StandwithRand #RandPaul2016", "friends_count": 234, "location": "Cincinnati, OH/ Boston, MA", "profile_link_color": "DD2E44", "profile_image_url": "http://pbs.twimg.com/profile_images/656476795743678464/XMFgem2s_normal.jpg", "following": null, "geo_enabled": false, "profile_banner_url": "https://pbs.twimg.com/profile_banners/453638618/1441061475", "profile_background_image_url": "http://pbs.twimg.com/profile_background_images/509089076855595008/zEVR5vuP.jpeg", "screen_name": "theandrewramsey", "lang": "en", "profile_background_tile": true, "favourites_count": 954, "name": "Andrew Ramsey", "notifications": null, "url": null, "created_at": "Tue Jan 03 04:02:56 +0000 2012", "contributors_enabled": false, "time_zone": "Eastern Time (US & Canada)", "protected": false, "default_profile": false, "is_translator": false}, "geo": null, "in_reply_to_user_id_str": null, "lang": "en", "created_at": "Wed Oct 21 18:47:10 +0000 2015", "in_reply_to_status_id_str": null, "place": null, "metadata": {"iso_language_code": "en", "result_type": "recent"}}