{"contributors": null, "truncated": false, "text": "I love #JoeBiden but why is he taking cheap swaps at #HillaryClinton? Of course the GOP is the enemy of everything we hold dear as Democrats", "is_quote_status": false, "in_reply_to_status_id": null, "id": 656902887579062272, "favorite_count": 0, "source": "<a href=\"http://twitter.com/download/iphone\" rel=\"nofollow\">Twitter for iPhone</a>", "retweeted": false, "coordinates": null, "entities": {"symbols": [], "user_mentions": [], "hashtags": [{"indices": [7, 16], "text": "JoeBiden"}, {"indices": [53, 68], "text": "HillaryClinton"}], "urls": []}, "in_reply_to_screen_name": null, "in_reply_to_user_id": null, "retweet_count": 0, "id_str": "656902887579062272", "favorited": false, "user": {"follow_request_sent": null, "has_extended_profile": true, "profile_use_background_image": true, "default_profile_image": false, "id": 16361290, "profile_background_image_url_https": "https://pbs.twimg.com/profile_background_images/480024854008066049/ERh7HhJG.png", "verified": false, "profile_text_color": "A81F07", "profile_image_url_https": "https://pbs.twimg.com/profile_images/581225450946449408/zkK9FpD1_normal.jpg", "profile_sidebar_fill_color": "BDC5C9", "entities": {"description": {"urls": []}}, "followers_count": 1482, "profile_sidebar_border_color": "FFFFFF", "id_str": "16361290", "profile_background_color": "EBEBEB", "listed_count": 36, "is_translation_enabled": false, "utc_offset": -18000, "statuses_count": 2227, "description": "A proud American,a proud Democrat,with zero tolerance for Tea lunacy and stupid right wingers, and an avid Blogger on politics, news, and government.", "friends_count": 1901, "location": "Minneapolis, MN", "profile_link_color": "990000", "profile_image_url": "http://pbs.twimg.com/profile_images/581225450946449408/zkK9FpD1_normal.jpg", "following": null, "geo_enabled": true, "profile_banner_url": "https://pbs.twimg.com/profile_banners/16361290/1403320811", "profile_background_image_url": "http://pbs.twimg.com/profile_background_images/480024854008066049/ERh7HhJG.png", "screen_name": "emmanuel763", "lang": "en", "profile_background_tile": true, "favourites_count": 36, "name": "Michael Liu", "notifications": null, "url": null, "created_at": "Fri Sep 19 09:13:30 +0000 2008", "contributors_enabled": false, "time_zone": "Central Time (US & Canada)", "protected": false, "default_profile": false, "is_translator": false}, "geo": null, "in_reply_to_user_id_str": null, "lang": "en", "created_at": "Wed Oct 21 18:40:27 +0000 2015", "in_reply_to_status_id_str": null, "place": {"full_name": "Brooklyn Center, MN", "url": "https://api.twitter.com/1.1/geo/id/70e030d7c5f03769.json", "country": "United States", "place_type": "city", "bounding_box": {"type": "Polygon", "coordinates": [[[-93.351357, 45.039888], [-93.281148, 45.039888], [-93.281148, 45.087566], [-93.351357, 45.087566]]]}, "contained_within": [], "country_code": "US", "attributes": {}, "id": "70e030d7c5f03769", "name": "Brooklyn Center"}, "metadata": {"iso_language_code": "en", "result_type": "recent"}}