{"contributors": null, "truncated": false, "text": "RT @StrengthenTheUS: No children, it's not Halloween. It's just the wicked witch melting. https://t.co/bRxsKXOU5l #Hillary2016 #Hillary htt\u2026", "is_quote_status": false, "in_reply_to_status_id": null, "id": 656901149853749248, "favorite_count": 0, "source": "<a href=\"http://twitter.com/download/iphone\" rel=\"nofollow\">Twitter for iPhone</a>", "retweeted": false, "coordinates": null, "entities": {"symbols": [], "user_mentions": [{"id": 2252839610, "indices": [3, 19], "id_str": "2252839610", "screen_name": "StrengthenTheUS", "name": "Strengthen The US"}], "hashtags": [{"indices": [114, 126], "text": "Hillary2016"}, {"indices": [127, 135], "text": "Hillary"}], "urls": [{"url": "https://t.co/bRxsKXOU5l", "indices": [90, 113], "expanded_url": "http://hotair.com/archives/2015/10/10/reuters-poll-shows-hillary-dropping-10-points-among-dems-in-a-week", "display_url": "hotair.com/archives/2015/\u2026"}], "media": [{"source_user_id": 2252839610, "source_status_id_str": "656876357415145472", "expanded_url": "http://twitter.com/StrengthenTheUS/status/656876357415145472/photo/1", "display_url": "pic.twitter.com/ett07z9z43", "url": "https://t.co/ett07z9z43", "media_url_https": "https://pbs.twimg.com/media/CR2xkOaU8AAQ-xS.png", "source_user_id_str": "2252839610", "source_status_id": 656876357415145472, "id_str": "656876356567887872", "sizes": {"large": {"h": 581, "resize": "fit", "w": 597}, "small": {"h": 330, "resize": "fit", "w": 340}, "medium": {"h": 581, "resize": "fit", "w": 597}, "thumb": {"h": 150, "resize": "crop", "w": 150}}, "indices": [139, 140], "type": "photo", "id": 656876356567887872, "media_url": "http://pbs.twimg.com/media/CR2xkOaU8AAQ-xS.png"}]}, "in_reply_to_screen_name": null, "in_reply_to_user_id": null, "retweet_count": 29, "id_str": "656901149853749248", "favorited": false, "retweeted_status": {"contributors": null, "truncated": false, "text": "No children, it's not Halloween. It's just the wicked witch melting. https://t.co/bRxsKXOU5l #Hillary2016 #Hillary https://t.co/ett07z9z43", "is_quote_status": false, "in_reply_to_status_id": null, "id": 656876357415145472, "favorite_count": 33, "source": "<a href=\"http://twitter.com\" rel=\"nofollow\">Twitter Web Client</a>", "retweeted": false, "coordinates": null, "entities": {"symbols": [], "user_mentions": [], "hashtags": [{"indices": [93, 105], "text": "Hillary2016"}, {"indices": [106, 114], "text": "Hillary"}], "urls": [{"url": "https://t.co/bRxsKXOU5l", "indices": [69, 92], "expanded_url": "http://hotair.com/archives/2015/10/10/reuters-poll-shows-hillary-dropping-10-points-among-dems-in-a-week", "display_url": "hotair.com/archives/2015/\u2026"}], "media": [{"expanded_url": "http://twitter.com/StrengthenTheUS/status/656876357415145472/photo/1", "display_url": "pic.twitter.com/ett07z9z43", "url": "https://t.co/ett07z9z43", "media_url_https": "https://pbs.twimg.com/media/CR2xkOaU8AAQ-xS.png", "id_str": "656876356567887872", "sizes": {"large": {"h": 581, "resize": "fit", "w": 597}, "small": {"h": 330, "resize": "fit", "w": 340}, "medium": {"h": 581, "resize": "fit", "w": 597}, "thumb": {"h": 150, "resize": "crop", "w": 150}}, "indices": [115, 138], "type": "photo", "id": 656876356567887872, "media_url": "http://pbs.twimg.com/media/CR2xkOaU8AAQ-xS.png"}]}, "in_reply_to_screen_name": null, "in_reply_to_user_id": null, "retweet_count": 29, "id_str": "656876357415145472", "favorited": false, "user": {"follow_request_sent": null, "has_extended_profile": true, "profile_use_background_image": true, "default_profile_image": false, "id": 2252839610, "profile_background_image_url_https": "https://pbs.twimg.com/profile_background_images/378800000165624405/hO2cC0MD.jpeg", "verified": false, "profile_text_color": "333333", "profile_image_url_https": "https://pbs.twimg.com/profile_images/631456885896392704/B7PelwwK_normal.png", "profile_sidebar_fill_color": "DDEEF6", "entities": {"url": {"urls": [{"url": "https://t.co/JGoByZoon5", "indices": [0, 23], "expanded_url": "https://www.youtube.com/StrengthenTheUS", "display_url": "youtube.com/StrengthenTheUS"}]}, "description": {"urls": []}}, "followers_count": 108042, "profile_sidebar_border_color": "000000", "id_str": "2252839610", "profile_background_color": "000000", "listed_count": 184, "is_translation_enabled": false, "utc_offset": -18000, "statuses_count": 3687, "description": "The #TrumpTrain Station!  End politics as usual that is destroying America.  #Trump will #MakeAmericaGreatAgain! #2A #SOT #Trump2016 RT\u2260endorsement", "friends_count": 38150, "location": "America", "profile_link_color": "840F21", "profile_image_url": "http://pbs.twimg.com/profile_images/631456885896392704/B7PelwwK_normal.png", "following": null, "geo_enabled": false, "profile_banner_url": "https://pbs.twimg.com/profile_banners/2252839610/1439711792", "profile_background_image_url": "http://pbs.twimg.com/profile_background_images/378800000165624405/hO2cC0MD.jpeg", "screen_name": "StrengthenTheUS", "lang": "en", "profile_background_tile": false, "favourites_count": 14195, "name": "Strengthen The US", "notifications": null, "url": "https://t.co/JGoByZoon5", "created_at": "Thu Dec 19 02:23:46 +0000 2013", "contributors_enabled": false, "time_zone": "Central Time (US & Canada)", "protected": false, "default_profile": false, "is_translator": false}, "geo": null, "in_reply_to_user_id_str": null, "possibly_sensitive": false, "lang": "en", "created_at": "Wed Oct 21 16:55:02 +0000 2015", "in_reply_to_status_id_str": null, "place": null, "metadata": {"iso_language_code": "en", "result_type": "recent"}}, "user": {"follow_request_sent": null, "has_extended_profile": true, "profile_use_background_image": true, "default_profile_image": false, "id": 282113215, "profile_background_image_url_https": "https://abs.twimg.com/images/themes/theme1/bg.png", "verified": false, "profile_text_color": "333333", "profile_image_url_https": "https://pbs.twimg.com/profile_images/439907652991078400/GB3xMqJY_normal.jpeg", "profile_sidebar_fill_color": "DDEEF6", "entities": {"description": {"urls": []}}, "followers_count": 76, "profile_sidebar_border_color": "C0DEED", "id_str": "282113215", "profile_background_color": "C0DEED", "listed_count": 2, "is_translation_enabled": false, "utc_offset": null, "statuses_count": 2457, "description": "ALWAYS IN SEARCH OF KATIE - KATELYNN SPAUGH SAMUEL MURRAY JERIMIAH MURRAY AND SARAH ROSE SPAUGH", "friends_count": 197, "location": "", "profile_link_color": "0084B4", "profile_image_url": "http://pbs.twimg.com/profile_images/439907652991078400/GB3xMqJY_normal.jpeg", "following": null, "geo_enabled": false, "profile_banner_url": "https://pbs.twimg.com/profile_banners/282113215/1393717232", "profile_background_image_url": "http://abs.twimg.com/images/themes/theme1/bg.png", "screen_name": "FacesofAngelss", "lang": "en", "profile_background_tile": false, "favourites_count": 440, "name": "Penny School", "notifications": null, "url": null, "created_at": "Thu Apr 14 15:34:12 +0000 2011", "contributors_enabled": false, "time_zone": null, "protected": false, "default_profile": true, "is_translator": false}, "geo": null, "in_reply_to_user_id_str": null, "possibly_sensitive": false, "lang": "en", "created_at": "Wed Oct 21 18:33:33 +0000 2015", "in_reply_to_status_id_str": null, "place": null, "metadata": {"iso_language_code": "en", "result_type": "recent"}}