{"contributors": null, "truncated": false, "text": "will #Hillary2016 supporters watch this entire clip?  #lyingbitch #Benghazi   https://t.co/JC0Jr3YgZi", "is_quote_status": false, "in_reply_to_status_id": null, "id": 656910833667039232, "favorite_count": 0, "source": "<a href=\"http://twitter.com\" rel=\"nofollow\">Twitter Web Client</a>", "retweeted": false, "coordinates": null, "entities": {"symbols": [], "user_mentions": [], "hashtags": [{"indices": [5, 17], "text": "Hillary2016"}, {"indices": [54, 65], "text": "lyingbitch"}, {"indices": [66, 75], "text": "Benghazi"}], "urls": [{"url": "https://t.co/JC0Jr3YgZi", "indices": [78, 101], "expanded_url": "http://www.mediaite.com/tv/mother-of-benghazi-victim-erupts-at-hillary-clinton-shes-lying/", "display_url": "mediaite.com/tv/mother-of-b\u2026"}]}, "in_reply_to_screen_name": null, "in_reply_to_user_id": null, "retweet_count": 0, "id_str": "656910833667039232", "favorited": false, "user": {"follow_request_sent": null, "has_extended_profile": false, "profile_use_background_image": true, "default_profile_image": false, "id": 3241498603, "profile_background_image_url_https": "https://abs.twimg.com/images/themes/theme1/bg.png", "verified": false, "profile_text_color": "333333", "profile_image_url_https": "https://pbs.twimg.com/profile_images/642732917647503361/mPtqHobn_normal.jpg", "profile_sidebar_fill_color": "DDEEF6", "entities": {"description": {"urls": []}}, "followers_count": 59, "profile_sidebar_border_color": "C0DEED", "id_str": "3241498603", "profile_background_color": "C0DEED", "listed_count": 1, "is_translation_enabled": true, "utc_offset": -25200, "statuses_count": 1300, "description": "#sarcasticentertainment / My tolerance for your ignorance is fleeting / Arizona Coyotes STH for Life", "friends_count": 149, "location": "Planet Earth", "profile_link_color": "0084B4", "profile_image_url": "http://pbs.twimg.com/profile_images/642732917647503361/mPtqHobn_normal.jpg", "following": null, "geo_enabled": false, "profile_banner_url": "https://pbs.twimg.com/profile_banners/3241498603/1435619139", "profile_background_image_url": "http://abs.twimg.com/images/themes/theme1/bg.png", "screen_name": "KYOHTEEZ", "lang": "en", "profile_background_tile": false, "favourites_count": 1345, "name": "KYOHTZ", "notifications": null, "url": null, "created_at": "Wed Jun 10 15:04:17 +0000 2015", "contributors_enabled": false, "time_zone": "Arizona", "protected": false, "default_profile": true, "is_translator": false}, "geo": null, "in_reply_to_user_id_str": null, "possibly_sensitive": false, "lang": "en", "created_at": "Wed Oct 21 19:12:02 +0000 2015", "in_reply_to_status_id_str": null, "place": null, "metadata": {"iso_language_code": "en", "result_type": "recent"}}