{"contributors": null, "truncated": false, "text": "RT @ZonkerPA: #HillaryClinton v. W Bush\n#Benghazi v. 13 embassy (&amp; 9-11) attacks \n#HillaryEmail v 5mil emails deleted\n#Hillary2016 https://\u2026", "is_quote_status": false, "in_reply_to_status_id": null, "id": 656907606317928448, "favorite_count": 0, "source": "<a href=\"http://twitter.com/download/iphone\" rel=\"nofollow\">Twitter for iPhone</a>", "retweeted": false, "coordinates": null, "entities": {"symbols": [], "user_mentions": [{"id": 248270337, "indices": [3, 12], "id_str": "248270337", "screen_name": "ZonkerPA", "name": "Curtis "}], "hashtags": [{"indices": [14, 29], "text": "HillaryClinton"}, {"indices": [40, 49], "text": "Benghazi"}, {"indices": [86, 99], "text": "HillaryEmail"}, {"indices": [122, 134], "text": "Hillary2016"}], "urls": [], "media": [{"source_user_id": 248270337, "source_status_id_str": "656789502409572352", "expanded_url": "http://twitter.com/ZonkerPA/status/656789502409572352/photo/1", "display_url": "pic.twitter.com/UkAySye8Fg", "url": "https://t.co/UkAySye8Fg", "media_url_https": "https://pbs.twimg.com/media/CR1iknUWUAA3Ki8.jpg", "source_user_id_str": "248270337", "source_status_id": 656789502409572352, "id_str": "656789501835104256", "sizes": {"large": {"h": 960, "resize": "fit", "w": 960}, "small": {"h": 340, "resize": "fit", "w": 340}, "medium": {"h": 600, "resize": "fit", "w": 600}, "thumb": {"h": 150, "resize": "crop", "w": 150}}, "indices": [143, 144], "type": "photo", "id": 656789501835104256, "media_url": "http://pbs.twimg.com/media/CR1iknUWUAA3Ki8.jpg"}]}, "in_reply_to_screen_name": null, "in_reply_to_user_id": null, "retweet_count": 6, "id_str": "656907606317928448", "favorited": false, "retweeted_status": {"contributors": null, "truncated": false, "text": "#HillaryClinton v. W Bush\n#Benghazi v. 13 embassy (&amp; 9-11) attacks \n#HillaryEmail v 5mil emails deleted\n#Hillary2016 https://t.co/UkAySye8Fg", "is_quote_status": false, "in_reply_to_status_id": null, "id": 656789502409572352, "favorite_count": 2, "source": "<a href=\"http://twitter.com\" rel=\"nofollow\">Twitter Web Client</a>", "retweeted": false, "coordinates": null, "entities": {"symbols": [], "user_mentions": [], "hashtags": [{"indices": [0, 15], "text": "HillaryClinton"}, {"indices": [26, 35], "text": "Benghazi"}, {"indices": [72, 85], "text": "HillaryEmail"}, {"indices": [108, 120], "text": "Hillary2016"}], "urls": [], "media": [{"expanded_url": "http://twitter.com/ZonkerPA/status/656789502409572352/photo/1", "display_url": "pic.twitter.com/UkAySye8Fg", "url": "https://t.co/UkAySye8Fg", "media_url_https": "https://pbs.twimg.com/media/CR1iknUWUAA3Ki8.jpg", "id_str": "656789501835104256", "sizes": {"large": {"h": 960, "resize": "fit", "w": 960}, "small": {"h": 340, "resize": "fit", "w": 340}, "medium": {"h": 600, "resize": "fit", "w": 600}, "thumb": {"h": 150, "resize": "crop", "w": 150}}, "indices": [121, 144], "type": "photo", "id": 656789501835104256, "media_url": "http://pbs.twimg.com/media/CR1iknUWUAA3Ki8.jpg"}]}, "in_reply_to_screen_name": null, "in_reply_to_user_id": null, "retweet_count": 6, "id_str": "656789502409572352", "favorited": false, "user": {"follow_request_sent": null, "has_extended_profile": false, "profile_use_background_image": true, "default_profile_image": false, "id": 248270337, "profile_background_image_url_https": "https://pbs.twimg.com/profile_background_images/750700158/08e6cad61f8247f34bf3ae8483b5031f.jpeg", "verified": false, "profile_text_color": "333333", "profile_image_url_https": "https://pbs.twimg.com/profile_images/3088671036/5983ea72861681a4ee624dc600438971_normal.jpeg", "profile_sidebar_fill_color": "EFEFEF", "entities": {"description": {"urls": []}}, "followers_count": 4127, "profile_sidebar_border_color": "FFFFFF", "id_str": "248270337", "profile_background_color": "131516", "listed_count": 133, "is_translation_enabled": true, "utc_offset": -14400, "statuses_count": 16840, "description": "Small business owner. Books, movies, music. #hashtag games. Eagles, Phillies, Flyers, Union #Labor #Green #EqualityForAll #UniteBlue", "friends_count": 3829, "location": "Philadelphia, PA.", "profile_link_color": "009999", "profile_image_url": "http://pbs.twimg.com/profile_images/3088671036/5983ea72861681a4ee624dc600438971_normal.jpeg", "following": null, "geo_enabled": false, "profile_banner_url": "https://pbs.twimg.com/profile_banners/248270337/1359685945", "profile_background_image_url": "http://pbs.twimg.com/profile_background_images/750700158/08e6cad61f8247f34bf3ae8483b5031f.jpeg", "screen_name": "ZonkerPA", "lang": "en", "profile_background_tile": false, "favourites_count": 7288, "name": "Curtis ", "notifications": null, "url": null, "created_at": "Sun Feb 06 16:53:38 +0000 2011", "contributors_enabled": false, "time_zone": "Eastern Time (US & Canada)", "protected": false, "default_profile": false, "is_translator": false}, "geo": null, "in_reply_to_user_id_str": null, "possibly_sensitive": false, "lang": "en", "created_at": "Wed Oct 21 11:09:54 +0000 2015", "in_reply_to_status_id_str": null, "place": null, "metadata": {"iso_language_code": "en", "result_type": "recent"}}, "user": {"follow_request_sent": null, "has_extended_profile": false, "profile_use_background_image": true, "default_profile_image": false, "id": 2980186012, "profile_background_image_url_https": "https://abs.twimg.com/images/themes/theme1/bg.png", "verified": false, "profile_text_color": "333333", "profile_image_url_https": "https://pbs.twimg.com/profile_images/621527075757801472/1rqLXcow_normal.jpg", "profile_sidebar_fill_color": "DDEEF6", "entities": {"description": {"urls": []}}, "followers_count": 4076, "profile_sidebar_border_color": "C0DEED", "id_str": "2980186012", "profile_background_color": "C0DEED", "listed_count": 152, "is_translation_enabled": false, "utc_offset": null, "statuses_count": 56911, "description": "I believe that OUR COUNTRY needs to BAN ISLAM and #DeportALLMOSLEMS! Islam is pure evil! STANDUP, FIGHTBACK, SPEAKUP TAKE OUR COUNTRY BACK ..INFIDELFORLIFE!!", "friends_count": 4992, "location": "USA ", "profile_link_color": "0084B4", "profile_image_url": "http://pbs.twimg.com/profile_images/621527075757801472/1rqLXcow_normal.jpg", "following": null, "geo_enabled": true, "profile_banner_url": "https://pbs.twimg.com/profile_banners/2980186012/1427743024", "profile_background_image_url": "http://abs.twimg.com/images/themes/theme1/bg.png", "screen_name": "CathyTo47590555", "lang": "en", "profile_background_tile": false, "favourites_count": 76785, "name": "Infidel2", "notifications": null, "url": null, "created_at": "Thu Jan 15 18:18:25 +0000 2015", "contributors_enabled": false, "time_zone": null, "protected": false, "default_profile": true, "is_translator": false}, "geo": null, "in_reply_to_user_id_str": null, "possibly_sensitive": false, "lang": "en", "created_at": "Wed Oct 21 18:59:12 +0000 2015", "in_reply_to_status_id_str": null, "place": null, "metadata": {"iso_language_code": "en", "result_type": "recent"}}