{"contributors": null, "truncated": false, "text": "\"Back to the Future\" predicted a female US President around this time. You heard it here first. #Illuminati #Hillary2016", "is_quote_status": false, "in_reply_to_status_id": null, "id": 656900195939188736, "favorite_count": 0, "source": "<a href=\"http://www.tweetcaster.com\" rel=\"nofollow\">TweetCaster for Android</a>", "retweeted": false, "coordinates": null, "entities": {"symbols": [], "user_mentions": [], "hashtags": [{"indices": [96, 107], "text": "Illuminati"}, {"indices": [108, 120], "text": "Hillary2016"}], "urls": []}, "in_reply_to_screen_name": null, "in_reply_to_user_id": null, "retweet_count": 0, "id_str": "656900195939188736", "favorited": false, "user": {"follow_request_sent": null, "has_extended_profile": false, "profile_use_background_image": true, "default_profile_image": false, "id": 159748772, "profile_background_image_url_https": "https://abs.twimg.com/images/themes/theme14/bg.gif", "verified": false, "profile_text_color": "333333", "profile_image_url_https": "https://pbs.twimg.com/profile_images/643385024255889408/8ILFQSZR_normal.jpg", "profile_sidebar_fill_color": "EFEFEF", "entities": {"description": {"urls": []}}, "followers_count": 328, "profile_sidebar_border_color": "FFFFFF", "id_str": "159748772", "profile_background_color": "131516", "listed_count": 7, "is_translation_enabled": false, "utc_offset": 18000, "statuses_count": 20833, "description": "Maybe we'll fly, beyond the blue horizon\nIG / SC: Ibleiis", "friends_count": 115, "location": "Pakistan", "profile_link_color": "3B94D9", "profile_image_url": "http://pbs.twimg.com/profile_images/643385024255889408/8ILFQSZR_normal.jpg", "following": null, "geo_enabled": true, "profile_banner_url": "https://pbs.twimg.com/profile_banners/159748772/1442671678", "profile_background_image_url": "http://abs.twimg.com/images/themes/theme14/bg.gif", "screen_name": "RocknR0lla", "lang": "en", "profile_background_tile": true, "favourites_count": 3148, "name": "Zain", "notifications": null, "url": null, "created_at": "Sat Jun 26 06:49:03 +0000 2010", "contributors_enabled": false, "time_zone": "Karachi", "protected": false, "default_profile": false, "is_translator": false}, "geo": null, "in_reply_to_user_id_str": null, "lang": "en", "created_at": "Wed Oct 21 18:29:45 +0000 2015", "in_reply_to_status_id_str": null, "place": null, "metadata": {"iso_language_code": "en", "result_type": "recent"}}