{"contributors": null, "truncated": false, "text": "Told you all you were being nuts. #Hillary2016", "is_quote_status": false, "in_reply_to_status_id": null, "id": 656912830667575296, "favorite_count": 0, "source": "<a href=\"http://twitter.com\" rel=\"nofollow\">Twitter Web Client</a>", "retweeted": false, "coordinates": null, "entities": {"symbols": [], "user_mentions": [], "hashtags": [{"indices": [34, 46], "text": "Hillary2016"}], "urls": []}, "in_reply_to_screen_name": null, "in_reply_to_user_id": null, "retweet_count": 0, "id_str": "656912830667575296", "favorited": false, "user": {"follow_request_sent": null, "has_extended_profile": false, "profile_use_background_image": true, "default_profile_image": false, "id": 21453687, "profile_background_image_url_https": "https://abs.twimg.com/images/themes/theme18/bg.gif", "verified": false, "profile_text_color": "333333", "profile_image_url_https": "https://pbs.twimg.com/profile_images/535269667682938881/JtE8VUhM_normal.jpeg", "profile_sidebar_fill_color": "F6F6F6", "entities": {"url": {"urls": [{"url": "http://t.co/kwJPc5olWP", "indices": [0, 22], "expanded_url": "http://www.facebook.com/nathankoskella", "display_url": "facebook.com/nathankoskella"}]}, "description": {"urls": []}}, "followers_count": 174, "profile_sidebar_border_color": "EEEEEE", "id_str": "21453687", "profile_background_color": "0F4587", "listed_count": 7, "is_translation_enabled": false, "utc_offset": -14400, "statuses_count": 3979, "description": "@CornellLaw '16. Writer. Space-traveler. Vast left-wing conspirator yet proud Christian. Anglophile yet Eurofanatic. Parliamentary-royalist. @CocaCola addict.", "friends_count": 200, "location": "Ithaca, New York", "profile_link_color": "098043", "profile_image_url": "http://pbs.twimg.com/profile_images/535269667682938881/JtE8VUhM_normal.jpeg", "following": null, "geo_enabled": true, "profile_banner_url": "https://pbs.twimg.com/profile_banners/21453687/1386924510", "profile_background_image_url": "http://abs.twimg.com/images/themes/theme18/bg.gif", "screen_name": "JudgeNathan", "lang": "en", "profile_background_tile": true, "favourites_count": 211, "name": "Nathan K. Koskella", "notifications": null, "url": "http://t.co/kwJPc5olWP", "created_at": "Sat Feb 21 01:25:46 +0000 2009", "contributors_enabled": false, "time_zone": "Eastern Time (US & Canada)", "protected": false, "default_profile": false, "is_translator": false}, "geo": null, "in_reply_to_user_id_str": null, "lang": "en", "created_at": "Wed Oct 21 19:19:58 +0000 2015", "in_reply_to_status_id_str": null, "place": null, "metadata": {"iso_language_code": "en", "result_type": "recent"}}