{"contributors": null, "truncated": false, "text": "RT @PolToons: Wicked Witch Hillary by Randy Bish #SheLies #HillaryLiesMatter #StopHillary #Hillary2016 #FeelTheBern #Benghazi https://t.co/\u2026", "is_quote_status": false, "in_reply_to_status_id": null, "id": 656902716065775616, "favorite_count": 0, "source": "<a href=\"https://mobile.twitter.com\" rel=\"nofollow\">Mobile Web (M2)</a>", "retweeted": false, "coordinates": null, "entities": {"symbols": [], "user_mentions": [{"id": 2906962900, "indices": [3, 12], "id_str": "2906962900", "screen_name": "PolToons", "name": "Political Cartoons"}], "hashtags": [{"indices": [49, 57], "text": "SheLies"}, {"indices": [58, 76], "text": "HillaryLiesMatter"}, {"indices": [77, 89], "text": "StopHillary"}, {"indices": [90, 102], "text": "Hillary2016"}, {"indices": [103, 115], "text": "FeelTheBern"}, {"indices": [116, 125], "text": "Benghazi"}], "urls": [], "media": [{"source_user_id": 2906962900, "source_status_id_str": "656546918827479040", "expanded_url": "http://twitter.com/PolToons/status/656546918827479040/photo/1", "display_url": "pic.twitter.com/KKFQaYXWGQ", "url": "https://t.co/KKFQaYXWGQ", "media_url_https": "https://pbs.twimg.com/media/CRyF8ZvUcAA3agT.jpg", "source_user_id_str": "2906962900", "source_status_id": 656546918827479040, "id_str": "656546918437253120", "sizes": {"large": {"h": 424, "resize": "fit", "w": 600}, "small": {"h": 240, "resize": "fit", "w": 340}, "medium": {"h": 424, "resize": "fit", "w": 600}, "thumb": {"h": 150, "resize": "crop", "w": 150}}, "indices": [126, 140], "type": "photo", "id": 656546918437253120, "media_url": "http://pbs.twimg.com/media/CRyF8ZvUcAA3agT.jpg"}]}, "in_reply_to_screen_name": null, "in_reply_to_user_id": null, "retweet_count": 14, "id_str": "656902716065775616", "favorited": false, "retweeted_status": {"contributors": null, "truncated": false, "text": "Wicked Witch Hillary by Randy Bish #SheLies #HillaryLiesMatter #StopHillary #Hillary2016 #FeelTheBern #Benghazi https://t.co/KKFQaYXWGQ", "is_quote_status": false, "in_reply_to_status_id": null, "id": 656546918827479040, "favorite_count": 13, "source": "<a href=\"http://www.hootsuite.com\" rel=\"nofollow\">Hootsuite</a>", "retweeted": false, "coordinates": null, "entities": {"symbols": [], "user_mentions": [], "hashtags": [{"indices": [35, 43], "text": "SheLies"}, {"indices": [44, 62], "text": "HillaryLiesMatter"}, {"indices": [63, 75], "text": "StopHillary"}, {"indices": [76, 88], "text": "Hillary2016"}, {"indices": [89, 101], "text": "FeelTheBern"}, {"indices": [102, 111], "text": "Benghazi"}], "urls": [], "media": [{"expanded_url": "http://twitter.com/PolToons/status/656546918827479040/photo/1", "display_url": "pic.twitter.com/KKFQaYXWGQ", "url": "https://t.co/KKFQaYXWGQ", "media_url_https": "https://pbs.twimg.com/media/CRyF8ZvUcAA3agT.jpg", "id_str": "656546918437253120", "sizes": {"large": {"h": 424, "resize": "fit", "w": 600}, "small": {"h": 240, "resize": "fit", "w": 340}, "medium": {"h": 424, "resize": "fit", "w": 600}, "thumb": {"h": 150, "resize": "crop", "w": 150}}, "indices": [112, 135], "type": "photo", "id": 656546918437253120, "media_url": "http://pbs.twimg.com/media/CRyF8ZvUcAA3agT.jpg"}]}, "in_reply_to_screen_name": null, "in_reply_to_user_id": null, "retweet_count": 14, "id_str": "656546918827479040", "favorited": false, "user": {"follow_request_sent": null, "has_extended_profile": false, "profile_use_background_image": true, "default_profile_image": false, "id": 2906962900, "profile_background_image_url_https": "https://abs.twimg.com/images/themes/theme1/bg.png", "verified": false, "profile_text_color": "333333", "profile_image_url_https": "https://pbs.twimg.com/profile_images/641998061691109376/zw_jmBCX_normal.png", "profile_sidebar_fill_color": "DDEEF6", "entities": {"description": {"urls": []}}, "followers_count": 7190, "profile_sidebar_border_color": "C0DEED", "id_str": "2906962900", "profile_background_color": "C0DEED", "listed_count": 144, "is_translation_enabled": true, "utc_offset": -14400, "statuses_count": 2834, "description": "RT the best of the political cartoons. We are always Right. You should be too, but you should be able to laugh at anything. Especially DemoKKKrats.", "friends_count": 6593, "location": "USA", "profile_link_color": "0084B4", "profile_image_url": "http://pbs.twimg.com/profile_images/641998061691109376/zw_jmBCX_normal.png", "following": null, "geo_enabled": false, "profile_banner_url": "https://pbs.twimg.com/profile_banners/2906962900/1445438370", "profile_background_image_url": "http://abs.twimg.com/images/themes/theme1/bg.png", "screen_name": "PolToons", "lang": "en", "profile_background_tile": false, "favourites_count": 4911, "name": "Political Cartoons", "notifications": null, "url": null, "created_at": "Fri Dec 05 22:10:31 +0000 2014", "contributors_enabled": false, "time_zone": "Eastern Time (US & Canada)", "protected": false, "default_profile": true, "is_translator": false}, "geo": null, "in_reply_to_user_id_str": null, "possibly_sensitive": false, "lang": "en", "created_at": "Tue Oct 20 19:05:58 +0000 2015", "in_reply_to_status_id_str": null, "place": null, "metadata": {"iso_language_code": "en", "result_type": "recent"}}, "user": {"follow_request_sent": null, "has_extended_profile": false, "profile_use_background_image": true, "default_profile_image": false, "id": 29251012, "profile_background_image_url_https": "https://pbs.twimg.com/profile_background_images/378800000177672441/vA2a3nkk.jpeg", "verified": false, "profile_text_color": "333333", "profile_image_url_https": "https://pbs.twimg.com/profile_images/3512720097/13e38266d01a755db14abb1eaa7dfc5c_normal.jpeg", "profile_sidebar_fill_color": "D9E1F2", "entities": {"description": {"urls": []}}, "followers_count": 1021, "profile_sidebar_border_color": "000000", "id_str": "29251012", "profile_background_color": "9DA4E3", "listed_count": 18, "is_translation_enabled": false, "utc_offset": -25200, "statuses_count": 9382, "description": "Trump supporter, motorcar enthusiast. Had a pirate radio show for 4 years.", "friends_count": 1405, "location": " South Florida \u2665 United States of America", "profile_link_color": "F62217", "profile_image_url": "http://pbs.twimg.com/profile_images/3512720097/13e38266d01a755db14abb1eaa7dfc5c_normal.jpeg", "following": null, "geo_enabled": false, "profile_background_image_url": "http://pbs.twimg.com/profile_background_images/378800000177672441/vA2a3nkk.jpeg", "screen_name": "exlibinsf", "lang": "en", "profile_background_tile": true, "favourites_count": 4095, "name": "The Ex Liberal", "notifications": null, "url": null, "created_at": "Mon Apr 06 17:46:10 +0000 2009", "contributors_enabled": false, "time_zone": "Pacific Time (US & Canada)", "protected": false, "default_profile": false, "is_translator": false}, "geo": null, "in_reply_to_user_id_str": null, "possibly_sensitive": false, "lang": "en", "created_at": "Wed Oct 21 18:39:46 +0000 2015", "in_reply_to_status_id_str": null, "place": null, "metadata": {"iso_language_code": "en", "result_type": "recent"}}