{"contributors": null, "truncated": false, "text": "@myfoxla #HillaryClinton for prison 2016 \ud83c\uddfa\ud83c\uddf8", "is_quote_status": false, "in_reply_to_status_id": 656867513402175489, "id": 656901719238963200, "favorite_count": 0, "source": "<a href=\"http://twitter.com/download/iphone\" rel=\"nofollow\">Twitter for iPhone</a>", "retweeted": false, "coordinates": null, "entities": {"symbols": [], "user_mentions": [{"id": 9648652, "indices": [0, 8], "id_str": "9648652", "screen_name": "myfoxla", "name": "FOX 11 Los Angeles"}], "hashtags": [{"indices": [9, 24], "text": "HillaryClinton"}], "urls": []}, "in_reply_to_screen_name": "myfoxla", "in_reply_to_user_id": 9648652, "retweet_count": 0, "id_str": "656901719238963200", "favorited": false, "user": {"follow_request_sent": null, "has_extended_profile": true, "profile_use_background_image": false, "default_profile_image": false, "id": 548895463, "profile_background_image_url_https": "https://abs.twimg.com/images/themes/theme7/bg.gif", "verified": false, "profile_text_color": "000000", "profile_image_url_https": "https://pbs.twimg.com/profile_images/644557911042060288/yYlbSfGb_normal.jpg", "profile_sidebar_fill_color": "000000", "entities": {"description": {"urls": []}}, "followers_count": 125, "profile_sidebar_border_color": "000000", "id_str": "548895463", "profile_background_color": "000000", "listed_count": 0, "is_translation_enabled": false, "utc_offset": -25200, "statuses_count": 3985, "description": "", "friends_count": 26, "location": " ", "profile_link_color": "9266CC", "profile_image_url": "http://pbs.twimg.com/profile_images/644557911042060288/yYlbSfGb_normal.jpg", "following": null, "geo_enabled": true, "profile_banner_url": "https://pbs.twimg.com/profile_banners/548895463/1445234854", "profile_background_image_url": "http://abs.twimg.com/images/themes/theme7/bg.gif", "screen_name": "Brown_Eyes_83", "lang": "en", "profile_background_tile": false, "favourites_count": 905, "name": "\u043d\u03b1z\u0443 g\u044f\u03b1\u0443", "notifications": null, "url": null, "created_at": "Mon Apr 09 02:59:25 +0000 2012", "contributors_enabled": false, "time_zone": "Pacific Time (US & Canada)", "protected": false, "default_profile": false, "is_translator": false}, "geo": null, "in_reply_to_user_id_str": "9648652", "lang": "en", "created_at": "Wed Oct 21 18:35:49 +0000 2015", "in_reply_to_status_id_str": "656867513402175489", "place": null, "metadata": {"iso_language_code": "en", "result_type": "recent"}}