{"contributors": null, "truncated": false, "text": "RT @liviapolise: Smart, gracious, and presidential  #ImWithHer https://t.co/E9RQi38Xok", "is_quote_status": true, "in_reply_to_status_id": null, "id": 656913500904824832, "favorite_count": 0, "source": "<a href=\"http://twitter.com/download/iphone\" rel=\"nofollow\">Twitter for iPhone</a>", "retweeted": false, "coordinates": null, "entities": {"symbols": [], "user_mentions": [{"id": 3406500304, "indices": [3, 15], "id_str": "3406500304", "screen_name": "liviapolise", "name": "Livia Polise"}], "hashtags": [{"indices": [52, 62], "text": "ImWithHer"}], "urls": [{"url": "https://t.co/E9RQi38Xok", "indices": [63, 86], "expanded_url": "https://twitter.com/jconsolantis/status/656912539788451841", "display_url": "twitter.com/jconsolantis/s\u2026"}]}, "in_reply_to_screen_name": null, "in_reply_to_user_id": null, "retweet_count": 8, "id_str": "656913500904824832", "favorited": false, "retweeted_status": {"contributors": null, "truncated": false, "text": "Smart, gracious, and presidential  #ImWithHer https://t.co/E9RQi38Xok", "is_quote_status": true, "in_reply_to_status_id": null, "id": 656913202874335233, "favorite_count": 5, "entities": {"symbols": [], "user_mentions": [], "hashtags": [{"indices": [35, 45], "text": "ImWithHer"}], "urls": [{"url": "https://t.co/E9RQi38Xok", "indices": [46, 69], "expanded_url": "https://twitter.com/jconsolantis/status/656912539788451841", "display_url": "twitter.com/jconsolantis/s\u2026"}]}, "quoted_status_id": 656912539788451841, "retweeted": false, "coordinates": null, "quoted_status": {"contributors": null, "truncated": false, "text": "Hillary called Biden after his announcement. Class act Smart too #Hillary2016", "is_quote_status": false, "in_reply_to_status_id": null, "id": 656912539788451841, "favorite_count": 1, "source": "<a href=\"http://twitter.com/download/iphone\" rel=\"nofollow\">Twitter for iPhone</a>", "retweeted": false, "coordinates": null, "entities": {"symbols": [], "user_mentions": [], "hashtags": [{"indices": [65, 77], "text": "Hillary2016"}], "urls": []}, "in_reply_to_screen_name": null, "in_reply_to_user_id": null, "retweet_count": 1, "id_str": "656912539788451841", "favorited": false, "user": {"follow_request_sent": null, "has_extended_profile": false, "profile_use_background_image": true, "default_profile_image": false, "id": 882315709, "profile_background_image_url_https": "https://abs.twimg.com/images/themes/theme1/bg.png", "verified": false, "profile_text_color": "333333", "profile_image_url_https": "https://pbs.twimg.com/profile_images/611992128181288960/1pIhpXT6_normal.jpg", "profile_sidebar_fill_color": "DDEEF6", "entities": {"description": {"urls": []}}, "followers_count": 570, "profile_sidebar_border_color": "C0DEED", "id_str": "882315709", "profile_background_color": "C0DEED", "listed_count": 22, "is_translation_enabled": false, "utc_offset": -14400, "statuses_count": 7219, "description": "Brand guy, strategist, writer. New York MadMan in Miami. Founding partner of MidBeachConsulting. HeatLifer.", "friends_count": 755, "location": "", "profile_link_color": "0084B4", "profile_image_url": "http://pbs.twimg.com/profile_images/611992128181288960/1pIhpXT6_normal.jpg", "following": null, "geo_enabled": true, "profile_background_image_url": "http://abs.twimg.com/images/themes/theme1/bg.png", "screen_name": "jconsolantis", "lang": "en", "profile_background_tile": false, "favourites_count": 499, "name": "Jim Consolantis", "notifications": null, "url": null, "created_at": "Mon Oct 15 13:22:19 +0000 2012", "contributors_enabled": false, "time_zone": "Eastern Time (US & Canada)", "protected": false, "default_profile": true, "is_translator": false}, "geo": null, "in_reply_to_user_id_str": null, "lang": "en", "created_at": "Wed Oct 21 19:18:48 +0000 2015", "in_reply_to_status_id_str": null, "place": null, "metadata": {"iso_language_code": "en", "result_type": "recent"}}, "source": "<a href=\"http://twitter.com\" rel=\"nofollow\">Twitter Web Client</a>", "in_reply_to_screen_name": null, "in_reply_to_user_id": null, "retweet_count": 8, "id_str": "656913202874335233", "favorited": false, "user": {"follow_request_sent": null, "has_extended_profile": false, "profile_use_background_image": false, "default_profile_image": false, "id": 3406500304, "profile_background_image_url_https": "https://abs.twimg.com/images/themes/theme1/bg.png", "verified": false, "profile_text_color": "000000", "profile_image_url_https": "https://pbs.twimg.com/profile_images/655753958678491136/1BG5_-Od_normal.jpg", "profile_sidebar_fill_color": "000000", "entities": {"description": {"urls": []}}, "followers_count": 142, "profile_sidebar_border_color": "000000", "id_str": "3406500304", "profile_background_color": "000000", "listed_count": 9, "is_translation_enabled": false, "utc_offset": null, "statuses_count": 1986, "description": "Hillary 2016 #WomenForHillary", "friends_count": 258, "location": "", "profile_link_color": "9266CC", "profile_image_url": "http://pbs.twimg.com/profile_images/655753958678491136/1BG5_-Od_normal.jpg", "following": null, "geo_enabled": false, "profile_banner_url": "https://pbs.twimg.com/profile_banners/3406500304/1440469911", "profile_background_image_url": "http://abs.twimg.com/images/themes/theme1/bg.png", "screen_name": "liviapolise", "lang": "en", "profile_background_tile": false, "favourites_count": 936, "name": "Livia Polise", "notifications": null, "url": null, "created_at": "Fri Aug 07 01:10:47 +0000 2015", "contributors_enabled": false, "time_zone": null, "protected": false, "default_profile": false, "is_translator": false}, "geo": null, "in_reply_to_user_id_str": null, "possibly_sensitive": false, "lang": "en", "created_at": "Wed Oct 21 19:21:27 +0000 2015", "quoted_status_id_str": "656912539788451841", "in_reply_to_status_id_str": null, "place": null, "metadata": {"iso_language_code": "en", "result_type": "recent"}}, "user": {"follow_request_sent": null, "has_extended_profile": false, "profile_use_background_image": true, "default_profile_image": false, "id": 882315709, "profile_background_image_url_https": "https://abs.twimg.com/images/themes/theme1/bg.png", "verified": false, "profile_text_color": "333333", "profile_image_url_https": "https://pbs.twimg.com/profile_images/611992128181288960/1pIhpXT6_normal.jpg", "profile_sidebar_fill_color": "DDEEF6", "entities": {"description": {"urls": []}}, "followers_count": 570, "profile_sidebar_border_color": "C0DEED", "id_str": "882315709", "profile_background_color": "C0DEED", "listed_count": 22, "is_translation_enabled": false, "utc_offset": -14400, "statuses_count": 7219, "description": "Brand guy, strategist, writer. New York MadMan in Miami. Founding partner of MidBeachConsulting. HeatLifer.", "friends_count": 755, "location": "", "profile_link_color": "0084B4", "profile_image_url": "http://pbs.twimg.com/profile_images/611992128181288960/1pIhpXT6_normal.jpg", "following": null, "geo_enabled": true, "profile_background_image_url": "http://abs.twimg.com/images/themes/theme1/bg.png", "screen_name": "jconsolantis", "lang": "en", "profile_background_tile": false, "favourites_count": 499, "name": "Jim Consolantis", "notifications": null, "url": null, "created_at": "Mon Oct 15 13:22:19 +0000 2012", "contributors_enabled": false, "time_zone": "Eastern Time (US & Canada)", "protected": false, "default_profile": true, "is_translator": false}, "geo": null, "in_reply_to_user_id_str": null, "possibly_sensitive": false, "lang": "en", "created_at": "Wed Oct 21 19:22:38 +0000 2015", "in_reply_to_status_id_str": null, "place": null, "metadata": {"iso_language_code": "en", "result_type": "recent"}}