{"contributors": null, "truncated": false, "text": "#NowPlaying #BreakingNews: #HILLARY2016 - https://t.co/IvSFroRCVL https://t.co/wbfyY1eBTh", "is_quote_status": false, "in_reply_to_status_id": null, "id": 656903505068847104, "favorite_count": 1, "source": "<a href=\"http://sam-song.info\" rel=\"nofollow\">SAM Broadcaster Song Info</a>", "retweeted": false, "coordinates": null, "entities": {"symbols": [], "user_mentions": [], "hashtags": [{"indices": [0, 11], "text": "NowPlaying"}, {"indices": [12, 25], "text": "BreakingNews"}, {"indices": [27, 39], "text": "HILLARY2016"}], "urls": [{"url": "https://t.co/IvSFroRCVL", "indices": [42, 65], "expanded_url": "https://soundcloud.com/glennbeck/beck-blitz-former-white-house-chef-found-dead", "display_url": "soundcloud.com/glennbeck/beck\u2026"}, {"url": "https://t.co/wbfyY1eBTh", "indices": [66, 89], "expanded_url": "http://Roxfordradio.com", "display_url": "Roxfordradio.com"}]}, "in_reply_to_screen_name": null, "in_reply_to_user_id": null, "retweet_count": 0, "id_str": "656903505068847104", "favorited": false, "user": {"follow_request_sent": null, "has_extended_profile": false, "profile_use_background_image": true, "default_profile_image": false, "id": 359122436, "profile_background_image_url_https": "https://pbs.twimg.com/profile_background_images/378800000114739667/f10b1e92e5ef53f2b318c874f30a6aa6.jpeg", "verified": false, "profile_text_color": "333333", "profile_image_url_https": "https://pbs.twimg.com/profile_images/619031617835659264/siNp4Zho_normal.jpg", "profile_sidebar_fill_color": "DDEEF6", "entities": {"url": {"urls": [{"url": "http://t.co/4FkIUasWpw", "indices": [0, 22], "expanded_url": "http://www.RoxfordRadio.com", "display_url": "RoxfordRadio.com"}]}, "description": {"urls": [{"url": "http://t.co/D4OlQvjvN4", "indices": [35, 57], "expanded_url": "http://submit.roxfordradio.com", "display_url": "submit.roxfordradio.com"}]}}, "followers_count": 50297, "profile_sidebar_border_color": "FFFFFF", "id_str": "359122436", "profile_background_color": "C0DEED", "listed_count": 116, "is_translation_enabled": false, "utc_offset": null, "statuses_count": 324894, "description": "Writer/Producer/Dj * Submit Music: http://t.co/D4OlQvjvN4 Email: roxford@protonmail.ch", "friends_count": 6028, "location": "VEGAS/MIAMI", "profile_link_color": "0084B4", "profile_image_url": "http://pbs.twimg.com/profile_images/619031617835659264/siNp4Zho_normal.jpg", "following": null, "geo_enabled": false, "profile_banner_url": "https://pbs.twimg.com/profile_banners/359122436/1384204697", "profile_background_image_url": "http://pbs.twimg.com/profile_background_images/378800000114739667/f10b1e92e5ef53f2b318c874f30a6aa6.jpeg", "screen_name": "DJROMANROXFORD", "lang": "en", "profile_background_tile": false, "favourites_count": 441, "name": "ROXFORDRADIO", "notifications": null, "url": "http://t.co/4FkIUasWpw", "created_at": "Sun Aug 21 02:08:56 +0000 2011", "contributors_enabled": false, "time_zone": null, "protected": false, "default_profile": false, "is_translator": false}, "geo": null, "in_reply_to_user_id_str": null, "possibly_sensitive": false, "lang": "und", "created_at": "Wed Oct 21 18:42:54 +0000 2015", "in_reply_to_status_id_str": null, "place": null, "metadata": {"iso_language_code": "und", "result_type": "recent"}}