{"contributors": null, "truncated": false, "text": "RT @Pros4Hillary: Hillary believes that what\u2019s good for prostitutes is good for America. #HookersForHillary #Hillary2016 http://t.co/GiM7Ij\u2026", "is_quote_status": false, "in_reply_to_status_id": null, "id": 656912663734329344, "favorite_count": 0, "source": "<a href=\"http://twitter.com\" rel=\"nofollow\">Twitter Web Client</a>", "retweeted": false, "coordinates": null, "entities": {"symbols": [], "user_mentions": [{"id": 3302177517, "indices": [3, 16], "id_str": "3302177517", "screen_name": "Pros4Hillary", "name": "Hookers For Hillary"}], "hashtags": [{"indices": [89, 107], "text": "HookersForHillary"}, {"indices": [108, 120], "text": "Hillary2016"}], "urls": [], "media": [{"source_user_id": 1339835893, "source_status_id_str": "647164350411763712", "expanded_url": "http://twitter.com/HillaryClinton/status/647164350411763712/photo/1", "display_url": "pic.twitter.com/GiM7IjOI5k", "url": "http://t.co/GiM7IjOI5k", "media_url_https": "https://pbs.twimg.com/media/CPswjCIVAAAeLsb.png", "source_user_id_str": "1339835893", "source_status_id": 647164350411763712, "id_str": "647164349883154432", "sizes": {"small": {"h": 170, "resize": "fit", "w": 340}, "large": {"h": 512, "resize": "fit", "w": 1024}, "medium": {"h": 300, "resize": "fit", "w": 600}, "thumb": {"h": 150, "resize": "crop", "w": 150}}, "indices": [121, 140], "type": "photo", "id": 647164349883154432, "media_url": "http://pbs.twimg.com/media/CPswjCIVAAAeLsb.png"}]}, "in_reply_to_screen_name": null, "in_reply_to_user_id": null, "retweet_count": 40, "id_str": "656912663734329344", "favorited": false, "retweeted_status": {"contributors": null, "truncated": false, "text": "Hillary believes that what\u2019s good for prostitutes is good for America. #HookersForHillary #Hillary2016 http://t.co/GiM7IjOI5k", "is_quote_status": false, "in_reply_to_status_id": null, "id": 647225310191206400, "favorite_count": 36, "source": "<a href=\"http://twitter.com\" rel=\"nofollow\">Twitter Web Client</a>", "retweeted": false, "coordinates": null, "entities": {"symbols": [], "user_mentions": [], "hashtags": [{"indices": [71, 89], "text": "HookersForHillary"}, {"indices": [90, 102], "text": "Hillary2016"}], "urls": [], "media": [{"source_user_id": 1339835893, "source_status_id_str": "647164350411763712", "expanded_url": "http://twitter.com/HillaryClinton/status/647164350411763712/photo/1", "display_url": "pic.twitter.com/GiM7IjOI5k", "url": "http://t.co/GiM7IjOI5k", "media_url_https": "https://pbs.twimg.com/media/CPswjCIVAAAeLsb.png", "source_user_id_str": "1339835893", "source_status_id": 647164350411763712, "id_str": "647164349883154432", "sizes": {"small": {"h": 170, "resize": "fit", "w": 340}, "large": {"h": 512, "resize": "fit", "w": 1024}, "medium": {"h": 300, "resize": "fit", "w": 600}, "thumb": {"h": 150, "resize": "crop", "w": 150}}, "indices": [103, 125], "type": "photo", "id": 647164349883154432, "media_url": "http://pbs.twimg.com/media/CPswjCIVAAAeLsb.png"}]}, "in_reply_to_screen_name": null, "in_reply_to_user_id": null, "retweet_count": 40, "id_str": "647225310191206400", "favorited": false, "user": {"follow_request_sent": null, "has_extended_profile": false, "profile_use_background_image": true, "default_profile_image": false, "id": 3302177517, "profile_background_image_url_https": "https://abs.twimg.com/images/themes/theme1/bg.png", "verified": false, "profile_text_color": "333333", "profile_image_url_https": "https://pbs.twimg.com/profile_images/604431055697813505/wqHMWreB_normal.jpg", "profile_sidebar_fill_color": "DDEEF6", "entities": {"url": {"urls": [{"url": "http://t.co/xSjnqTgvRi", "indices": [0, 22], "expanded_url": "http://hookersforhillary.com/", "display_url": "hookersforhillary.com"}]}, "description": {"urls": []}}, "followers_count": 3549, "profile_sidebar_border_color": "C0DEED", "id_str": "3302177517", "profile_background_color": "C0DEED", "listed_count": 7, "is_translation_enabled": false, "utc_offset": null, "statuses_count": 501, "description": "The girls of @DennisHof @BunnyRanch are endorsing @HillaryClinton for President! #HookersForHillary (parody)", "friends_count": 3545, "location": "Carson City, Nevada  ", "profile_link_color": "0084B4", "profile_image_url": "http://pbs.twimg.com/profile_images/604431055697813505/wqHMWreB_normal.jpg", "following": null, "geo_enabled": false, "profile_banner_url": "https://pbs.twimg.com/profile_banners/3302177517/1432850810", "profile_background_image_url": "http://abs.twimg.com/images/themes/theme1/bg.png", "screen_name": "Pros4Hillary", "lang": "en", "profile_background_tile": false, "favourites_count": 2393, "name": "Hookers For Hillary", "notifications": null, "url": "http://t.co/xSjnqTgvRi", "created_at": "Thu May 28 22:04:01 +0000 2015", "contributors_enabled": false, "time_zone": null, "protected": false, "default_profile": true, "is_translator": false}, "geo": null, "in_reply_to_user_id_str": null, "possibly_sensitive": false, "lang": "en", "created_at": "Fri Sep 25 01:45:13 +0000 2015", "in_reply_to_status_id_str": null, "place": null, "metadata": {"iso_language_code": "en", "result_type": "recent"}}, "user": {"follow_request_sent": null, "has_extended_profile": false, "profile_use_background_image": true, "default_profile_image": false, "id": 4011530987, "profile_background_image_url_https": "https://abs.twimg.com/images/themes/theme1/bg.png", "verified": false, "profile_text_color": "333333", "profile_image_url_https": "https://pbs.twimg.com/profile_images/656910734983569412/z1f97wgs_normal.jpg", "profile_sidebar_fill_color": "DDEEF6", "entities": {"description": {"urls": []}}, "followers_count": 21, "profile_sidebar_border_color": "C0DEED", "id_str": "4011530987", "profile_background_color": "C0DEED", "listed_count": 1, "is_translation_enabled": false, "utc_offset": -25200, "statuses_count": 181, "description": "Hillary will say anything to get people to like her. Not just like most girls. Cause Hillary is really old, too.", "friends_count": 184, "location": "On The Campaign Trail ", "profile_link_color": "0084B4", "profile_image_url": "http://pbs.twimg.com/profile_images/656910734983569412/z1f97wgs_normal.jpg", "following": null, "geo_enabled": false, "profile_banner_url": "https://pbs.twimg.com/profile_banners/4011530987/1445454943", "profile_background_image_url": "http://abs.twimg.com/images/themes/theme1/bg.png", "screen_name": "ShellyLiesei", "lang": "en", "profile_background_tile": false, "favourites_count": 178, "name": "Hillary #SheLies", "notifications": null, "url": null, "created_at": "Wed Oct 21 19:09:49 +0000 2015", "contributors_enabled": false, "time_zone": "Pacific Time (US & Canada)", "protected": false, "default_profile": true, "is_translator": false}, "geo": null, "in_reply_to_user_id_str": null, "possibly_sensitive": false, "lang": "en", "created_at": "Wed Oct 21 19:19:18 +0000 2015", "in_reply_to_status_id_str": null, "place": null, "metadata": {"iso_language_code": "en", "result_type": "recent"}}