{"contributors": null, "truncated": false, "text": "RT @beststuffdaily: #justsayno  #HillaryClinton https://t.co/joHUu5YuCP", "is_quote_status": false, "in_reply_to_status_id": null, "id": 656904187746365444, "favorite_count": 0, "source": "<a href=\"http://twitter.com/download/iphone\" rel=\"nofollow\">Twitter for iPhone</a>", "retweeted": false, "coordinates": null, "entities": {"symbols": [], "user_mentions": [{"id": 3395335751, "indices": [3, 18], "id_str": "3395335751", "screen_name": "beststuffdaily", "name": "Best Stuff Daily"}], "hashtags": [{"indices": [20, 30], "text": "justsayno"}, {"indices": [32, 47], "text": "HillaryClinton"}], "urls": [{"url": "https://t.co/joHUu5YuCP", "indices": [48, 71], "expanded_url": "https://vine.co/v/ezbZjzvzL5r", "display_url": "vine.co/v/ezbZjzvzL5r"}]}, "in_reply_to_screen_name": null, "in_reply_to_user_id": null, "retweet_count": 130, "id_str": "656904187746365444", "favorited": false, "retweeted_status": {"contributors": null, "truncated": false, "text": "#justsayno  #HillaryClinton https://t.co/joHUu5YuCP", "is_quote_status": false, "in_reply_to_status_id": null, "id": 645679224863477760, "favorite_count": 140, "source": "<a href=\"https://vine.co\" rel=\"nofollow\">Vine for Android</a>", "retweeted": false, "coordinates": null, "entities": {"symbols": [], "user_mentions": [], "hashtags": [{"indices": [0, 10], "text": "justsayno"}, {"indices": [12, 27], "text": "HillaryClinton"}], "urls": [{"url": "https://t.co/joHUu5YuCP", "indices": [28, 51], "expanded_url": "https://vine.co/v/ezbZjzvzL5r", "display_url": "vine.co/v/ezbZjzvzL5r"}]}, "in_reply_to_screen_name": null, "in_reply_to_user_id": null, "retweet_count": 130, "id_str": "645679224863477760", "favorited": false, "user": {"follow_request_sent": null, "has_extended_profile": false, "profile_use_background_image": true, "default_profile_image": false, "id": 3395335751, "profile_background_image_url_https": "https://abs.twimg.com/images/themes/theme1/bg.png", "verified": false, "profile_text_color": "333333", "profile_image_url_https": "https://pbs.twimg.com/profile_images/629089152399708160/Ls7rME-3_normal.jpg", "profile_sidebar_fill_color": "DDEEF6", "entities": {"description": {"urls": []}}, "followers_count": 175944, "profile_sidebar_border_color": "C0DEED", "id_str": "3395335751", "profile_background_color": "C0DEED", "listed_count": 2, "is_translation_enabled": false, "utc_offset": -14400, "statuses_count": 81, "description": "For The Absolute Best Stuff Every Day\n\nSubmit your Best Stuff! bestcontentdaily@gmail.com", "friends_count": 8, "location": "World", "profile_link_color": "0084B4", "profile_image_url": "http://pbs.twimg.com/profile_images/629089152399708160/Ls7rME-3_normal.jpg", "following": null, "geo_enabled": false, "profile_banner_url": "https://pbs.twimg.com/profile_banners/3395335751/1438906072", "profile_background_image_url": "http://abs.twimg.com/images/themes/theme1/bg.png", "screen_name": "beststuffdaily", "lang": "en", "profile_background_tile": false, "favourites_count": 7, "name": "Best Content Daily", "notifications": null, "url": null, "created_at": "Thu Jul 30 10:26:51 +0000 2015", "contributors_enabled": false, "time_zone": "Eastern Time (US & Canada)", "protected": false, "default_profile": true, "is_translator": false}, "geo": null, "in_reply_to_user_id_str": null, "possibly_sensitive": false, "lang": "und", "created_at": "Sun Sep 20 19:21:38 +0000 2015", "in_reply_to_status_id_str": null, "place": null, "metadata": {"iso_language_code": "und", "result_type": "recent"}}, "user": {"follow_request_sent": null, "has_extended_profile": true, "profile_use_background_image": true, "default_profile_image": false, "id": 598897696, "profile_background_image_url_https": "https://pbs.twimg.com/profile_background_images/571647842/uc1kleeqwf7dmldjt1vg.jpeg", "verified": false, "profile_text_color": "333333", "profile_image_url_https": "https://pbs.twimg.com/profile_images/651763626831966208/2SsgbpU__normal.jpg", "profile_sidebar_fill_color": "DDEEF6", "entities": {"description": {"urls": []}}, "followers_count": 449, "profile_sidebar_border_color": "C0DEED", "id_str": "598897696", "profile_background_color": "C0DEED", "listed_count": 0, "is_translation_enabled": false, "utc_offset": -14400, "statuses_count": 11558, "description": "moto quads and mma baby nothing better", "friends_count": 444, "location": "Bethalto ", "profile_link_color": "DD2E44", "profile_image_url": "http://pbs.twimg.com/profile_images/651763626831966208/2SsgbpU__normal.jpg", "following": null, "geo_enabled": true, "profile_banner_url": "https://pbs.twimg.com/profile_banners/598897696/1434390192", "profile_background_image_url": "http://pbs.twimg.com/profile_background_images/571647842/uc1kleeqwf7dmldjt1vg.jpeg", "screen_name": "patrickmay24", "lang": "en", "profile_background_tile": false, "favourites_count": 1708, "name": "Classic Pat", "notifications": null, "url": null, "created_at": "Mon Jun 04 03:30:28 +0000 2012", "contributors_enabled": false, "time_zone": "Eastern Time (US & Canada)", "protected": false, "default_profile": false, "is_translator": false}, "geo": null, "in_reply_to_user_id_str": null, "possibly_sensitive": false, "lang": "und", "created_at": "Wed Oct 21 18:45:37 +0000 2015", "in_reply_to_status_id_str": null, "place": null, "metadata": {"iso_language_code": "und", "result_type": "recent"}}