{"contributors": null, "truncated": false, "text": "so much for the #NFL and their pink #BreastCancerAwareness weeks... @benshapiro #obama #obamacare @POTUS #tcot #Cancer #Hillary2016", "is_quote_status": false, "in_reply_to_status_id": 656909243195326464, "id": 656909776270438400, "favorite_count": 0, "source": "<a href=\"http://twitter.com\" rel=\"nofollow\">Twitter Web Client</a>", "retweeted": false, "coordinates": null, "entities": {"symbols": [], "user_mentions": [{"id": 17995040, "indices": [68, 79], "id_str": "17995040", "screen_name": "benshapiro", "name": "Ben Shapiro"}, {"id": 1536791610, "indices": [98, 104], "id_str": "1536791610", "screen_name": "POTUS", "name": "President Obama"}], "hashtags": [{"indices": [16, 20], "text": "NFL"}, {"indices": [36, 58], "text": "BreastCancerAwareness"}, {"indices": [80, 86], "text": "obama"}, {"indices": [87, 97], "text": "obamacare"}, {"indices": [105, 110], "text": "tcot"}, {"indices": [111, 118], "text": "Cancer"}, {"indices": [119, 131], "text": "Hillary2016"}], "urls": []}, "in_reply_to_screen_name": "benshapiro", "in_reply_to_user_id": 17995040, "retweet_count": 1, "id_str": "656909776270438400", "favorited": false, "user": {"follow_request_sent": null, "has_extended_profile": false, "profile_use_background_image": true, "default_profile_image": false, "id": 537819812, "profile_background_image_url_https": "https://abs.twimg.com/images/themes/theme1/bg.png", "verified": false, "profile_text_color": "333333", "profile_image_url_https": "https://pbs.twimg.com/profile_images/423550477104459776/jpp_rEdA_normal.jpeg", "profile_sidebar_fill_color": "DDEEF6", "entities": {"description": {"urls": []}}, "followers_count": 1480, "profile_sidebar_border_color": "C0DEED", "id_str": "537819812", "profile_background_color": "C0DEED", "listed_count": 77, "is_translation_enabled": false, "utc_offset": null, "statuses_count": 79507, "description": "Our prayers should be for blessings in general, for God knows best what is good for us. (unlike Govt)\r\nSocrates", "friends_count": 714, "location": "The greatest country ever", "profile_link_color": "0084B4", "profile_image_url": "http://pbs.twimg.com/profile_images/423550477104459776/jpp_rEdA_normal.jpeg", "following": null, "geo_enabled": false, "profile_background_image_url": "http://abs.twimg.com/images/themes/theme1/bg.png", "screen_name": "JohnFict", "lang": "en", "profile_background_tile": false, "favourites_count": 2340, "name": "dismemberment #7089", "notifications": null, "url": null, "created_at": "Tue Mar 27 03:45:42 +0000 2012", "contributors_enabled": false, "time_zone": null, "protected": false, "default_profile": true, "is_translator": false}, "geo": null, "in_reply_to_user_id_str": "17995040", "lang": "en", "created_at": "Wed Oct 21 19:07:50 +0000 2015", "in_reply_to_status_id_str": "656909243195326464", "place": null, "metadata": {"iso_language_code": "en", "result_type": "recent"}}