{"contributors": null, "truncated": false, "text": "RT @abc7newsBayArea: UPDATE: #HillaryClinton and #DonaldTrump weigh in on #JoeBiden's decision to not run: https://t.co/bIJqDHdBXn https://\u2026", "is_quote_status": false, "in_reply_to_status_id": null, "id": 656901653648445440, "favorite_count": 0, "source": "<a href=\"http://twitter.com/download/iphone\" rel=\"nofollow\">Twitter for iPhone</a>", "retweeted": false, "coordinates": null, "entities": {"symbols": [], "user_mentions": [{"id": 18993395, "indices": [3, 19], "id_str": "18993395", "screen_name": "abc7newsBayArea", "name": "ABC7 News"}], "hashtags": [{"indices": [29, 44], "text": "HillaryClinton"}, {"indices": [49, 61], "text": "DonaldTrump"}, {"indices": [74, 83], "text": "JoeBiden"}], "urls": [{"url": "https://t.co/bIJqDHdBXn", "indices": [107, 130], "expanded_url": "http://abc7ne.ws/1MErhx3", "display_url": "abc7ne.ws/1MErhx3"}], "media": [{"source_user_id": 18993395, "source_status_id_str": "656885856804859904", "expanded_url": "http://twitter.com/abc7newsBayArea/status/656885856804859904/photo/1", "display_url": "pic.twitter.com/DiSVAQTW9p", "url": "https://t.co/DiSVAQTW9p", "media_url_https": "https://pbs.twimg.com/media/CR26NL_UEAA9SN_.jpg", "source_user_id_str": "18993395", "source_status_id": 656885856804859904, "id_str": "656885856385372160", "sizes": {"small": {"h": 191, "resize": "fit", "w": 340}, "large": {"h": 576, "resize": "fit", "w": 1024}, "medium": {"h": 337, "resize": "fit", "w": 600}, "thumb": {"h": 150, "resize": "crop", "w": 150}}, "indices": [139, 140], "type": "photo", "id": 656885856385372160, "media_url": "http://pbs.twimg.com/media/CR26NL_UEAA9SN_.jpg"}]}, "in_reply_to_screen_name": null, "in_reply_to_user_id": null, "retweet_count": 5, "id_str": "656901653648445440", "favorited": false, "retweeted_status": {"contributors": null, "truncated": false, "text": "UPDATE: #HillaryClinton and #DonaldTrump weigh in on #JoeBiden's decision to not run: https://t.co/bIJqDHdBXn https://t.co/DiSVAQTW9p", "is_quote_status": false, "in_reply_to_status_id": null, "id": 656885856804859904, "favorite_count": 4, "source": "<a href=\"http://twitter.com\" rel=\"nofollow\">Twitter Web Client</a>", "retweeted": false, "coordinates": null, "entities": {"symbols": [], "user_mentions": [], "hashtags": [{"indices": [8, 23], "text": "HillaryClinton"}, {"indices": [28, 40], "text": "DonaldTrump"}, {"indices": [53, 62], "text": "JoeBiden"}], "urls": [{"url": "https://t.co/bIJqDHdBXn", "indices": [86, 109], "expanded_url": "http://abc7ne.ws/1MErhx3", "display_url": "abc7ne.ws/1MErhx3"}], "media": [{"expanded_url": "http://twitter.com/abc7newsBayArea/status/656885856804859904/photo/1", "display_url": "pic.twitter.com/DiSVAQTW9p", "url": "https://t.co/DiSVAQTW9p", "media_url_https": "https://pbs.twimg.com/media/CR26NL_UEAA9SN_.jpg", "id_str": "656885856385372160", "sizes": {"small": {"h": 191, "resize": "fit", "w": 340}, "large": {"h": 576, "resize": "fit", "w": 1024}, "medium": {"h": 337, "resize": "fit", "w": 600}, "thumb": {"h": 150, "resize": "crop", "w": 150}}, "indices": [110, 133], "type": "photo", "id": 656885856385372160, "media_url": "http://pbs.twimg.com/media/CR26NL_UEAA9SN_.jpg"}]}, "in_reply_to_screen_name": null, "in_reply_to_user_id": null, "retweet_count": 5, "id_str": "656885856804859904", "favorited": false, "user": {"follow_request_sent": null, "has_extended_profile": false, "profile_use_background_image": true, "default_profile_image": false, "id": 18993395, "profile_background_image_url_https": "https://pbs.twimg.com/profile_background_images/594222864187789312/3446uZs4.png", "verified": true, "profile_text_color": "0D0C0D", "profile_image_url_https": "https://pbs.twimg.com/profile_images/594224248505257985/WuV9Mpk3_normal.png", "profile_sidebar_fill_color": "A0DDFD", "entities": {"url": {"urls": [{"url": "http://t.co/2kLV4sehau", "indices": [0, 22], "expanded_url": "http://www.abc7news.com", "display_url": "abc7news.com"}]}, "description": {"urls": []}}, "followers_count": 194153, "profile_sidebar_border_color": "FFFFFF", "id_str": "18993395", "profile_background_color": "001D5F", "listed_count": 3920, "is_translation_enabled": false, "utc_offset": -25200, "statuses_count": 161463, "description": "#1 source for breaking news, weather, sports and more around the Bay Area. Share photos, videos, tips, and story ideas with us by tagging tweets #abc7now.", "friends_count": 25936, "location": "San Francisco Bay Area", "profile_link_color": "0084B4", "profile_image_url": "http://pbs.twimg.com/profile_images/594224248505257985/WuV9Mpk3_normal.png", "following": null, "geo_enabled": false, "profile_banner_url": "https://pbs.twimg.com/profile_banners/18993395/1430509095", "profile_background_image_url": "http://pbs.twimg.com/profile_background_images/594222864187789312/3446uZs4.png", "screen_name": "abc7newsBayArea", "lang": "en", "profile_background_tile": false, "favourites_count": 1366, "name": "ABC7 News", "notifications": null, "url": "http://t.co/2kLV4sehau", "created_at": "Wed Jan 14 20:20:22 +0000 2009", "contributors_enabled": false, "time_zone": "Pacific Time (US & Canada)", "protected": false, "default_profile": false, "is_translator": false}, "geo": null, "in_reply_to_user_id_str": null, "possibly_sensitive": false, "lang": "en", "created_at": "Wed Oct 21 17:32:47 +0000 2015", "in_reply_to_status_id_str": null, "place": null, "metadata": {"iso_language_code": "en", "result_type": "recent"}}, "user": {"follow_request_sent": null, "has_extended_profile": false, "profile_use_background_image": true, "default_profile_image": false, "id": 3237603240, "profile_background_image_url_https": "https://abs.twimg.com/images/themes/theme1/bg.png", "verified": false, "profile_text_color": "333333", "profile_image_url_https": "https://pbs.twimg.com/profile_images/616518796841349120/X-3COsMO_normal.jpg", "profile_sidebar_fill_color": "DDEEF6", "entities": {"description": {"urls": []}}, "followers_count": 24, "profile_sidebar_border_color": "C0DEED", "id_str": "3237603240", "profile_background_color": "C0DEED", "listed_count": 3, "is_translation_enabled": false, "utc_offset": null, "statuses_count": 148, "description": "", "friends_count": 57, "location": "Bay Area, CA", "profile_link_color": "0084B4", "profile_image_url": "http://pbs.twimg.com/profile_images/616518796841349120/X-3COsMO_normal.jpg", "following": null, "geo_enabled": false, "profile_banner_url": "https://pbs.twimg.com/profile_banners/3237603240/1445328182", "profile_background_image_url": "http://abs.twimg.com/images/themes/theme1/bg.png", "screen_name": "Sharmaine4OFA", "lang": "en", "profile_background_tile": false, "favourites_count": 62, "name": "Sharmaine Olay", "notifications": null, "url": null, "created_at": "Sat Jun 06 07:37:20 +0000 2015", "contributors_enabled": false, "time_zone": null, "protected": false, "default_profile": true, "is_translator": false}, "geo": null, "in_reply_to_user_id_str": null, "possibly_sensitive": false, "lang": "en", "created_at": "Wed Oct 21 18:35:33 +0000 2015", "in_reply_to_status_id_str": null, "place": null, "metadata": {"iso_language_code": "en", "result_type": "recent"}}