{"contributors": null, "truncated": false, "text": "Mother of #Benghazi Victim Erupts at Untrustworthy #HillaryClinton: \u2018She\u2019s Lying!\u2019\n\nhttps://t.co/6rpOmXmywz #ohhillno #hillaryforprision2016", "is_quote_status": false, "in_reply_to_status_id": null, "id": 656904339106189313, "favorite_count": 1, "source": "<a href=\"http://twitter.com\" rel=\"nofollow\">Twitter Web Client</a>", "retweeted": false, "coordinates": null, "entities": {"symbols": [], "user_mentions": [], "hashtags": [{"indices": [10, 19], "text": "Benghazi"}, {"indices": [51, 66], "text": "HillaryClinton"}, {"indices": [108, 117], "text": "ohhillno"}, {"indices": [118, 140], "text": "hillaryforprision2016"}], "urls": [{"url": "https://t.co/6rpOmXmywz", "indices": [84, 107], "expanded_url": "http://www.mediaite.com/tv/mother-of-benghazi-victim-erupts-at-hillary-clinton-shes-lying/", "display_url": "mediaite.com/tv/mother-of-b\u2026"}]}, "in_reply_to_screen_name": null, "in_reply_to_user_id": null, "retweet_count": 1, "id_str": "656904339106189313", "favorited": false, "user": {"follow_request_sent": null, "has_extended_profile": false, "profile_use_background_image": true, "default_profile_image": false, "id": 762534037, "profile_background_image_url_https": "https://abs.twimg.com/images/themes/theme15/bg.png", "verified": false, "profile_text_color": "333333", "profile_image_url_https": "https://pbs.twimg.com/profile_images/462364865613422592/ejCurA8u_normal.jpeg", "profile_sidebar_fill_color": "C0DFEC", "entities": {"description": {"urls": []}}, "followers_count": 7339, "profile_sidebar_border_color": "A8C7F7", "id_str": "762534037", "profile_background_color": "022330", "listed_count": 66, "is_translation_enabled": false, "utc_offset": -14400, "statuses_count": 11269, "description": "If a politician did not have double standards, then they would have no standards at all \u0669(\u0361\u0e4f\u032f\u0361\u0e4f)\u06f6", "friends_count": 2070, "location": "Satire, USA", "profile_link_color": "0084B4", "profile_image_url": "http://pbs.twimg.com/profile_images/462364865613422592/ejCurA8u_normal.jpeg", "following": null, "geo_enabled": false, "profile_banner_url": "https://pbs.twimg.com/profile_banners/762534037/1442106120", "profile_background_image_url": "http://abs.twimg.com/images/themes/theme15/bg.png", "screen_name": "kttk234567", "lang": "en", "profile_background_tile": false, "favourites_count": 11, "name": "Chet's Ascertainment", "notifications": null, "url": null, "created_at": "Thu Aug 16 23:21:27 +0000 2012", "contributors_enabled": false, "time_zone": "Eastern Time (US & Canada)", "protected": false, "default_profile": false, "is_translator": false}, "geo": null, "in_reply_to_user_id_str": null, "possibly_sensitive": false, "lang": "en", "created_at": "Wed Oct 21 18:46:13 +0000 2015", "in_reply_to_status_id_str": null, "place": null, "metadata": {"iso_language_code": "en", "result_type": "recent"}}