{"contributors": null, "truncated": false, "text": "I wonder what #HillaryClinton will say tomorrow about the #Video &amp; how SHE blamed it for #Benghazi! #LIAR", "is_quote_status": false, "in_reply_to_status_id": null, "id": 656911328951402496, "favorite_count": 0, "source": "<a href=\"http://www.twitter.com\" rel=\"nofollow\">Twitter for Windows</a>", "retweeted": false, "coordinates": null, "entities": {"symbols": [], "user_mentions": [], "hashtags": [{"indices": [14, 29], "text": "HillaryClinton"}, {"indices": [58, 64], "text": "Video"}, {"indices": [93, 102], "text": "Benghazi"}, {"indices": [104, 109], "text": "LIAR"}], "urls": []}, "in_reply_to_screen_name": null, "in_reply_to_user_id": null, "retweet_count": 0, "id_str": "656911328951402496", "favorited": false, "user": {"follow_request_sent": null, "has_extended_profile": false, "profile_use_background_image": true, "default_profile_image": false, "id": 1091216816, "profile_background_image_url_https": "https://abs.twimg.com/images/themes/theme1/bg.png", "verified": false, "profile_text_color": "333333", "profile_image_url_https": "https://pbs.twimg.com/profile_images/378800000051543962/82a1cc0b59054375b53be948d837e6a1_normal.jpeg", "profile_sidebar_fill_color": "DDEEF6", "entities": {"url": {"urls": [{"url": "http://t.co/HvguDh5bDd", "indices": [0, 22], "expanded_url": "http://page.is/david--benjamin", "display_url": "page.is/david--benjamin"}]}, "description": {"urls": []}}, "followers_count": 25510, "profile_sidebar_border_color": "C0DEED", "id_str": "1091216816", "profile_background_color": "C0DEED", "listed_count": 197, "is_translation_enabled": false, "utc_offset": -25200, "statuses_count": 100182, "description": "Media Consultant, Lakers Fan, Vegas Expert/Dodger Fan/Radio/TV Producer/ News Junky/ Creator of Products/Proud Military Supporter/ PJNET #MUZIKKZONE", "friends_count": 25870, "location": "Las Vegas, Nevada", "profile_link_color": "0024B3", "profile_image_url": "http://pbs.twimg.com/profile_images/378800000051543962/82a1cc0b59054375b53be948d837e6a1_normal.jpeg", "following": null, "geo_enabled": true, "profile_banner_url": "https://pbs.twimg.com/profile_banners/1091216816/1367379811", "profile_background_image_url": "http://abs.twimg.com/images/themes/theme1/bg.png", "screen_name": "thetoyman1", "lang": "en", "profile_background_tile": false, "favourites_count": 72596, "name": "David  Benjamin", "notifications": null, "url": "http://t.co/HvguDh5bDd", "created_at": "Tue Jan 15 06:27:44 +0000 2013", "contributors_enabled": false, "time_zone": "Pacific Time (US & Canada)", "protected": false, "default_profile": false, "is_translator": false}, "geo": null, "in_reply_to_user_id_str": null, "lang": "en", "created_at": "Wed Oct 21 19:14:00 +0000 2015", "in_reply_to_status_id_str": null, "place": null, "metadata": {"iso_language_code": "en", "result_type": "recent"}}