{"contributors": null, "truncated": false, "text": "Trump: Bring on #Hillary's Pathetic Record\n\nhttps://t.co/C4lkFVGjIr #GOP2016 #Trump2016 #HillaTheHun #Hillary2016\n\n#UniteBlue", "is_quote_status": false, "in_reply_to_status_id": null, "id": 656906424593715200, "favorite_count": 0, "source": "<a href=\"http://twitter.com\" rel=\"nofollow\">Twitter Web Client</a>", "retweeted": false, "coordinates": null, "entities": {"symbols": [], "user_mentions": [], "hashtags": [{"indices": [16, 24], "text": "Hillary"}, {"indices": [68, 76], "text": "GOP2016"}, {"indices": [77, 87], "text": "Trump2016"}, {"indices": [88, 100], "text": "HillaTheHun"}, {"indices": [101, 113], "text": "Hillary2016"}, {"indices": [115, 125], "text": "UniteBlue"}], "urls": [{"url": "https://t.co/C4lkFVGjIr", "indices": [44, 67], "expanded_url": "http://bit.ly/1MTETZP", "display_url": "bit.ly/1MTETZP"}]}, "in_reply_to_screen_name": null, "in_reply_to_user_id": null, "retweet_count": 2, "id_str": "656906424593715200", "favorited": false, "user": {"follow_request_sent": null, "has_extended_profile": false, "profile_use_background_image": true, "default_profile_image": false, "id": 2198298228, "profile_background_image_url_https": "https://abs.twimg.com/images/themes/theme1/bg.png", "verified": false, "profile_text_color": "333333", "profile_image_url_https": "https://pbs.twimg.com/profile_images/378800000846586814/5e751d3e11048f6cf9e7aec69639e309_normal.jpeg", "profile_sidebar_fill_color": "DDEEF6", "entities": {"description": {"urls": []}}, "followers_count": 12889, "profile_sidebar_border_color": "C0DEED", "id_str": "2198298228", "profile_background_color": "C0DEED", "listed_count": 143, "is_translation_enabled": false, "utc_offset": null, "statuses_count": 24970, "description": "USMCR Air Delivery. Slightly to the right of Genghis Khan.  Proudly blocked by Sharpton's NationalActionNet.\n\nAWESOME News Aggregator #2 (of 4)", "friends_count": 12874, "location": "CyberSpace", "profile_link_color": "0084B4", "profile_image_url": "http://pbs.twimg.com/profile_images/378800000846586814/5e751d3e11048f6cf9e7aec69639e309_normal.jpeg", "following": null, "geo_enabled": false, "profile_banner_url": "https://pbs.twimg.com/profile_banners/2198298228/1410910606", "profile_background_image_url": "http://abs.twimg.com/images/themes/theme1/bg.png", "screen_name": "1stAirDel_USMCR", "lang": "en", "profile_background_tile": false, "favourites_count": 122, "name": "Boycott Mexico", "notifications": null, "url": null, "created_at": "Sat Nov 16 19:37:05 +0000 2013", "contributors_enabled": false, "time_zone": null, "protected": false, "default_profile": true, "is_translator": false}, "geo": null, "in_reply_to_user_id_str": null, "possibly_sensitive": false, "lang": "en", "created_at": "Wed Oct 21 18:54:31 +0000 2015", "in_reply_to_status_id_str": null, "place": null, "metadata": {"iso_language_code": "en", "result_type": "recent"}}