{"contributors": null, "truncated": false, "text": "RT @stylistkavin: Via @Nate_Cohn #ImWithHer https://t.co/1j5bsf0w5m", "is_quote_status": false, "in_reply_to_status_id": null, "id": 656910515910918145, "favorite_count": 0, "source": "<a href=\"http://twitter.com/download/android\" rel=\"nofollow\">Twitter for Android</a>", "retweeted": false, "coordinates": null, "entities": {"symbols": [], "user_mentions": [{"id": 3217694460, "indices": [3, 16], "id_str": "3217694460", "screen_name": "stylistkavin", "name": "Kavin"}, {"id": 463765807, "indices": [22, 32], "id_str": "463765807", "screen_name": "Nate_Cohn", "name": "Nate Cohn"}], "hashtags": [{"indices": [33, 43], "text": "ImWithHer"}], "urls": [], "media": [{"source_user_id": 3217694460, "source_status_id_str": "656910276877418496", "expanded_url": "http://twitter.com/stylistkavin/status/656910276877418496/photo/1", "display_url": "pic.twitter.com/1j5bsf0w5m", "url": "https://t.co/1j5bsf0w5m", "media_url_https": "https://pbs.twimg.com/media/CR3QaiaVEAAoTUm.jpg", "source_user_id_str": "3217694460", "source_status_id": 656910276877418496, "id_str": "656910274998374400", "sizes": {"small": {"h": 118, "resize": "fit", "w": 340}, "large": {"h": 137, "resize": "fit", "w": 394}, "medium": {"h": 137, "resize": "fit", "w": 394}, "thumb": {"h": 137, "resize": "crop", "w": 150}}, "indices": [44, 67], "type": "photo", "id": 656910274998374400, "media_url": "http://pbs.twimg.com/media/CR3QaiaVEAAoTUm.jpg"}]}, "in_reply_to_screen_name": null, "in_reply_to_user_id": null, "retweet_count": 3, "id_str": "656910515910918145", "favorited": false, "retweeted_status": {"contributors": null, "truncated": false, "text": "Via @Nate_Cohn #ImWithHer https://t.co/1j5bsf0w5m", "is_quote_status": false, "in_reply_to_status_id": null, "id": 656910276877418496, "favorite_count": 3, "source": "<a href=\"http://twitter.com/download/iphone\" rel=\"nofollow\">Twitter for iPhone</a>", "retweeted": false, "coordinates": null, "entities": {"symbols": [], "user_mentions": [{"id": 463765807, "indices": [4, 14], "id_str": "463765807", "screen_name": "Nate_Cohn", "name": "Nate Cohn"}], "hashtags": [{"indices": [15, 25], "text": "ImWithHer"}], "urls": [], "media": [{"expanded_url": "http://twitter.com/stylistkavin/status/656910276877418496/photo/1", "display_url": "pic.twitter.com/1j5bsf0w5m", "url": "https://t.co/1j5bsf0w5m", "media_url_https": "https://pbs.twimg.com/media/CR3QaiaVEAAoTUm.jpg", "id_str": "656910274998374400", "sizes": {"small": {"h": 118, "resize": "fit", "w": 340}, "large": {"h": 137, "resize": "fit", "w": 394}, "medium": {"h": 137, "resize": "fit", "w": 394}, "thumb": {"h": 137, "resize": "crop", "w": 150}}, "indices": [26, 49], "type": "photo", "id": 656910274998374400, "media_url": "http://pbs.twimg.com/media/CR3QaiaVEAAoTUm.jpg"}]}, "in_reply_to_screen_name": null, "in_reply_to_user_id": null, "retweet_count": 3, "id_str": "656910276877418496", "favorited": false, "user": {"follow_request_sent": null, "has_extended_profile": false, "profile_use_background_image": true, "default_profile_image": false, "id": 3217694460, "profile_background_image_url_https": "https://abs.twimg.com/images/themes/theme1/bg.png", "verified": false, "profile_text_color": "333333", "profile_image_url_https": "https://pbs.twimg.com/profile_images/655398802262593537/aX4p4Tig_normal.jpg", "profile_sidebar_fill_color": "DDEEF6", "entities": {"url": {"urls": [{"url": "https://t.co/6yuYvCYmZ4", "indices": [0, 23], "expanded_url": "http://hillaryclinton.com", "display_url": "hillaryclinton.com"}]}, "description": {"urls": []}}, "followers_count": 1406, "profile_sidebar_border_color": "C0DEED", "id_str": "3217694460", "profile_background_color": "C0DEED", "listed_count": 112, "is_translation_enabled": false, "utc_offset": null, "statuses_count": 27796, "description": "#Hillary2016 #Volunteer #LGBTrights #BLM #UniteBlue #revolutionofLove MY TWEETS ARE MY OWN #notfeelingthebern #nogop #shutdownbenghazicommittee #gowdyforprison", "friends_count": 1044, "location": "Summerlin South, NV", "profile_link_color": "0084B4", "profile_image_url": "http://pbs.twimg.com/profile_images/655398802262593537/aX4p4Tig_normal.jpg", "following": null, "geo_enabled": true, "profile_banner_url": "https://pbs.twimg.com/profile_banners/3217694460/1445486341", "profile_background_image_url": "http://abs.twimg.com/images/themes/theme1/bg.png", "screen_name": "stylistkavin", "lang": "en", "profile_background_tile": false, "favourites_count": 30485, "name": "Kavin", "notifications": null, "url": "https://t.co/6yuYvCYmZ4", "created_at": "Sun May 17 22:44:49 +0000 2015", "contributors_enabled": false, "time_zone": null, "protected": false, "default_profile": true, "is_translator": false}, "geo": null, "in_reply_to_user_id_str": null, "possibly_sensitive": false, "lang": "und", "created_at": "Wed Oct 21 19:09:49 +0000 2015", "in_reply_to_status_id_str": null, "place": {"full_name": "Nevada, USA", "url": "https://api.twitter.com/1.1/geo/id/d374fb61a20fb74f.json", "country": "United States", "place_type": "admin", "bounding_box": {"type": "Polygon", "coordinates": [[[-120.00574, 35.002086], [-114.039649, 35.002086], [-114.039649, 42.002208], [-120.00574, 42.002208]]]}, "contained_within": [], "country_code": "US", "attributes": {}, "id": "d374fb61a20fb74f", "name": "Nevada"}, "metadata": {"iso_language_code": "und", "result_type": "recent"}}, "user": {"follow_request_sent": null, "has_extended_profile": true, "profile_use_background_image": false, "default_profile_image": false, "id": 183753455, "profile_background_image_url_https": "https://pbs.twimg.com/profile_background_images/512443427317743616/LEv84XBH.jpeg", "verified": false, "profile_text_color": "333333", "profile_image_url_https": "https://pbs.twimg.com/profile_images/655218663927193600/qPe8tPO1_normal.jpg", "profile_sidebar_fill_color": "DDEEF6", "entities": {"url": {"urls": [{"url": "https://t.co/xiJArNlCt2", "indices": [0, 23], "expanded_url": "http://Facebook.com/Damon.T.Bethea", "display_url": "Facebook.com/Damon.T.Bethea"}]}, "description": {"urls": []}}, "followers_count": 2290, "profile_sidebar_border_color": "000000", "id_str": "183753455", "profile_background_color": "000099", "listed_count": 86, "is_translation_enabled": false, "utc_offset": -14400, "statuses_count": 77644, "description": "A @HillaryClinton Democrat. Unwavering supporter & defender. HRC: Champion, Advocate, Fighter. Hillary Rodman Clinton: Smart Leadership for the 21st Century", "friends_count": 2185, "location": "Penn Hills, PA ( Pittsburgh ) ", "profile_link_color": "000099", "profile_image_url": "http://pbs.twimg.com/profile_images/655218663927193600/qPe8tPO1_normal.jpg", "following": null, "geo_enabled": true, "profile_banner_url": "https://pbs.twimg.com/profile_banners/183753455/1445477310", "profile_background_image_url": "http://pbs.twimg.com/profile_background_images/512443427317743616/LEv84XBH.jpeg", "screen_name": "damonbethea1", "lang": "en", "profile_background_tile": false, "favourites_count": 59131, "name": "Damon Bethea", "notifications": null, "url": "https://t.co/xiJArNlCt2", "created_at": "Fri Aug 27 20:27:31 +0000 2010", "contributors_enabled": false, "time_zone": "Eastern Time (US & Canada)", "protected": false, "default_profile": false, "is_translator": false}, "geo": null, "in_reply_to_user_id_str": null, "possibly_sensitive": false, "lang": "und", "created_at": "Wed Oct 21 19:10:46 +0000 2015", "in_reply_to_status_id_str": null, "place": null, "metadata": {"iso_language_code": "und", "result_type": "recent"}}