{"contributors": null, "truncated": false, "text": "Surprised #JoeBiden didn\u2019t throw his \u2018hat\u2019 into the ring for the Presidency. #HillaryClinton has a clear run now for the Democrats now...", "is_quote_status": false, "in_reply_to_status_id": null, "id": 656902194164273152, "favorite_count": 0, "source": "<a href=\"http://www.hootsuite.com\" rel=\"nofollow\">Hootsuite</a>", "retweeted": false, "coordinates": null, "entities": {"symbols": [], "user_mentions": [], "hashtags": [{"indices": [10, 19], "text": "JoeBiden"}, {"indices": [77, 92], "text": "HillaryClinton"}], "urls": []}, "in_reply_to_screen_name": null, "in_reply_to_user_id": null, "retweet_count": 0, "id_str": "656902194164273152", "favorited": false, "user": {"follow_request_sent": null, "has_extended_profile": false, "profile_use_background_image": true, "default_profile_image": false, "id": 132118737, "profile_background_image_url_https": "https://pbs.twimg.com/profile_background_images/386387674/digital-minds_redblack_3Db.jpg", "verified": false, "profile_text_color": "333333", "profile_image_url_https": "https://pbs.twimg.com/profile_images/570879868741496832/a1eHShwh_normal.jpeg", "profile_sidebar_fill_color": "DDEEF6", "entities": {"url": {"urls": [{"url": "http://t.co/oH4clVCPLW", "indices": [0, 22], "expanded_url": "http://flavors.me/hulk", "display_url": "flavors.me/hulk"}]}, "description": {"urls": []}}, "followers_count": 1335, "profile_sidebar_border_color": "C0DEED", "id_str": "132118737", "profile_background_color": "C0DEED", "listed_count": 74, "is_translation_enabled": false, "utc_offset": 3600, "statuses_count": 7313, "description": "Digital Recruiter. 24/7 all in dad. Sports fanatic. Country Music, home cinema appreciator. Will retire to Texas one day...", "friends_count": 2000, "location": "LONDON & LEEDS", "profile_link_color": "0084B4", "profile_image_url": "http://pbs.twimg.com/profile_images/570879868741496832/a1eHShwh_normal.jpeg", "following": null, "geo_enabled": true, "profile_banner_url": "https://pbs.twimg.com/profile_banners/132118737/1348663107", "profile_background_image_url": "http://pbs.twimg.com/profile_background_images/386387674/digital-minds_redblack_3Db.jpg", "screen_name": "DigitalMinds_Si", "lang": "en", "profile_background_tile": true, "favourites_count": 1375, "name": "Digital Minds Simon", "notifications": null, "url": "http://t.co/oH4clVCPLW", "created_at": "Mon Apr 12 09:53:23 +0000 2010", "contributors_enabled": false, "time_zone": "London", "protected": false, "default_profile": false, "is_translator": false}, "geo": null, "in_reply_to_user_id_str": null, "lang": "en", "created_at": "Wed Oct 21 18:37:42 +0000 2015", "in_reply_to_status_id_str": null, "place": null, "metadata": {"iso_language_code": "en", "result_type": "recent"}}