{"contributors": null, "truncated": false, "text": "RT @RoKeT_gal: @RealDrGina @timbotim62 All #HillaryClinton scandals tied to #WhiteHouse #Obama. They're afraid she'll expose their parts in\u2026", "is_quote_status": false, "in_reply_to_status_id": null, "id": 656910285798703104, "favorite_count": 0, "source": "<a href=\"https://about.twitter.com/products/tweetdeck\" rel=\"nofollow\">TweetDeck</a>", "retweeted": false, "coordinates": null, "entities": {"symbols": [], "user_mentions": [{"id": 2239864518, "indices": [3, 13], "id_str": "2239864518", "screen_name": "RoKeT_gal", "name": "Rhonda K Taylor"}, {"id": 20118767, "indices": [15, 26], "id_str": "20118767", "screen_name": "RealDrGina", "name": "Gina Gentry Loudon"}, {"id": 15393823, "indices": [27, 38], "id_str": "15393823", "screen_name": "timbotim62", "name": "timothy shea"}], "hashtags": [{"indices": [43, 58], "text": "HillaryClinton"}, {"indices": [76, 87], "text": "WhiteHouse"}, {"indices": [88, 94], "text": "Obama"}], "urls": []}, "in_reply_to_screen_name": null, "in_reply_to_user_id": null, "retweet_count": 3, "id_str": "656910285798703104", "favorited": false, "retweeted_status": {"contributors": null, "truncated": false, "text": "@RealDrGina @timbotim62 All #HillaryClinton scandals tied to #WhiteHouse #Obama. They're afraid she'll expose their parts in her crimes.", "is_quote_status": false, "in_reply_to_status_id": 656873707638382592, "id": 656887245765505024, "favorite_count": 2, "source": "<a href=\"http://twitter.com/download/android\" rel=\"nofollow\">Twitter for Android</a>", "retweeted": false, "coordinates": null, "entities": {"symbols": [], "user_mentions": [{"id": 20118767, "indices": [0, 11], "id_str": "20118767", "screen_name": "RealDrGina", "name": "Gina Gentry Loudon"}, {"id": 15393823, "indices": [12, 23], "id_str": "15393823", "screen_name": "timbotim62", "name": "timothy shea"}], "hashtags": [{"indices": [28, 43], "text": "HillaryClinton"}, {"indices": [61, 72], "text": "WhiteHouse"}, {"indices": [73, 79], "text": "Obama"}], "urls": []}, "in_reply_to_screen_name": "RealDrGina", "in_reply_to_user_id": 20118767, "retweet_count": 3, "id_str": "656887245765505024", "favorited": false, "user": {"follow_request_sent": null, "has_extended_profile": false, "profile_use_background_image": false, "default_profile_image": false, "id": 2239864518, "profile_background_image_url_https": "https://abs.twimg.com/images/themes/theme14/bg.gif", "verified": false, "profile_text_color": "000000", "profile_image_url_https": "https://pbs.twimg.com/profile_images/530225003044691968/03AESn2y_normal.jpeg", "profile_sidebar_fill_color": "000000", "entities": {"description": {"urls": []}}, "followers_count": 1471, "profile_sidebar_border_color": "000000", "id_str": "2239864518", "profile_background_color": "3B94D9", "listed_count": 83, "is_translation_enabled": false, "utc_offset": -14400, "statuses_count": 48626, "description": "News junkie; lifelong Bama fan #RTR; love furry dogs, flowers, O'Keeffe paintings, reading legal thrillers, swimming. RT not endorsement.", "friends_count": 1875, "location": "Eastern North Carolina, USA", "profile_link_color": "3B94D9", "profile_image_url": "http://pbs.twimg.com/profile_images/530225003044691968/03AESn2y_normal.jpeg", "following": null, "geo_enabled": false, "profile_banner_url": "https://pbs.twimg.com/profile_banners/2239864518/1415080724", "profile_background_image_url": "http://abs.twimg.com/images/themes/theme14/bg.gif", "screen_name": "RoKeT_gal", "lang": "en", "profile_background_tile": true, "favourites_count": 32522, "name": "Rhonda K Taylor", "notifications": null, "url": null, "created_at": "Tue Dec 10 22:51:22 +0000 2013", "contributors_enabled": false, "time_zone": "Eastern Time (US & Canada)", "protected": false, "default_profile": false, "is_translator": false}, "geo": null, "in_reply_to_user_id_str": "20118767", "lang": "en", "created_at": "Wed Oct 21 17:38:18 +0000 2015", "in_reply_to_status_id_str": "656873707638382592", "place": null, "metadata": {"iso_language_code": "en", "result_type": "recent"}}, "user": {"follow_request_sent": null, "has_extended_profile": false, "profile_use_background_image": true, "default_profile_image": false, "id": 20118767, "profile_background_image_url_https": "https://pbs.twimg.com/profile_background_images/681723259/7e4e0392dabaa937e461196feaf3cde7.jpeg", "verified": false, "profile_text_color": "1C1F23", "profile_image_url_https": "https://pbs.twimg.com/profile_images/647920614439714816/13Bp4iu0_normal.png", "profile_sidebar_fill_color": "C9C9C9", "entities": {"url": {"urls": [{"url": "http://t.co/k25a1UsJu1", "indices": [0, 22], "expanded_url": "http://DrGinaLoudon.com", "display_url": "DrGinaLoudon.com"}]}, "description": {"urls": [{"url": "http://t.co/PmFXTV4B9J", "indices": [104, 126], "expanded_url": "http://bit.ly/1Vg7CNW", "display_url": "bit.ly/1Vg7CNW"}]}}, "followers_count": 20949, "profile_sidebar_border_color": "000000", "id_str": "20118767", "profile_background_color": "07090B", "listed_count": 573, "is_translation_enabled": false, "utc_offset": -25200, "statuses_count": 28472, "description": "TV Host: America Trends. Analyst: Fox News, HLN, Fox Business. Author, #WhatWomenReallyWant  Instagram: http://t.co/PmFXTV4B9J Inquiries: jsnbrowning@gmail.com", "friends_count": 8981, "location": "San Diego, CA", "profile_link_color": "DD2E44", "profile_image_url": "http://pbs.twimg.com/profile_images/647920614439714816/13Bp4iu0_normal.png", "following": null, "geo_enabled": true, "profile_banner_url": "https://pbs.twimg.com/profile_banners/20118767/1443312312", "profile_background_image_url": "http://pbs.twimg.com/profile_background_images/681723259/7e4e0392dabaa937e461196feaf3cde7.jpeg", "screen_name": "RealDrGina", "lang": "en", "profile_background_tile": false, "favourites_count": 12866, "name": "Gina Gentry Loudon", "notifications": null, "url": "http://t.co/k25a1UsJu1", "created_at": "Thu Feb 05 03:51:40 +0000 2009", "contributors_enabled": false, "time_zone": "Pacific Time (US & Canada)", "protected": false, "default_profile": false, "is_translator": false}, "geo": null, "in_reply_to_user_id_str": null, "lang": "en", "created_at": "Wed Oct 21 19:09:51 +0000 2015", "in_reply_to_status_id_str": null, "place": null, "metadata": {"iso_language_code": "en", "result_type": "recent"}}