{"contributors": null, "truncated": false, "text": "The other difference between #HillaryClinton and Barack Obama https://t.co/xYqooDBt6W https://t.co/VncIj957d8", "is_quote_status": false, "in_reply_to_status_id": null, "id": 656903708521951232, "favorite_count": 0, "source": "<a href=\"http://isabellabrown40.tumblr.com\" rel=\"nofollow\">IsabellaBrown40406</a>", "retweeted": false, "coordinates": null, "entities": {"symbols": [], "user_mentions": [], "hashtags": [{"indices": [29, 44], "text": "HillaryClinton"}], "urls": [{"url": "https://t.co/xYqooDBt6W", "indices": [62, 85], "expanded_url": "http://www.dailymail.co.uk/news/article-3282110/Biden-s-jibe-Hillary-says-VP-closer-president-Secretary-State-White-House-accidentally-calls-candidate.html?ITO=1490&ns_mchannel=rss&ns_campaign=1490&utm_source=2933", "display_url": "dailymail.co.uk/news/article-3\u2026"}], "media": [{"expanded_url": "http://twitter.com/IsabellaBrown40/status/656903708521951232/photo/1", "display_url": "pic.twitter.com/VncIj957d8", "url": "https://t.co/VncIj957d8", "media_url_https": "https://pbs.twimg.com/media/CR3KcSvW0AE3esC.jpg", "id_str": "656903708081573889", "sizes": {"small": {"h": 340, "resize": "fit", "w": 340}, "large": {"h": 640, "resize": "fit", "w": 640}, "medium": {"h": 600, "resize": "fit", "w": 600}, "thumb": {"h": 150, "resize": "crop", "w": 150}}, "indices": [86, 109], "type": "photo", "id": 656903708081573889, "media_url": "http://pbs.twimg.com/media/CR3KcSvW0AE3esC.jpg"}]}, "in_reply_to_screen_name": null, "in_reply_to_user_id": null, "retweet_count": 0, "id_str": "656903708521951232", "favorited": false, "user": {"follow_request_sent": null, "has_extended_profile": false, "profile_use_background_image": true, "default_profile_image": false, "id": 3133712706, "profile_background_image_url_https": "https://abs.twimg.com/images/themes/theme1/bg.png", "verified": false, "profile_text_color": "333333", "profile_image_url_https": "https://pbs.twimg.com/profile_images/583792987047464960/GfeuResK_normal.jpg", "profile_sidebar_fill_color": "DDEEF6", "entities": {"description": {"urls": []}}, "followers_count": 1273, "profile_sidebar_border_color": "C0DEED", "id_str": "3133712706", "profile_background_color": "C0DEED", "listed_count": 63, "is_translation_enabled": false, "utc_offset": -14400, "statuses_count": 9633, "description": "Typical alcohol fanatic | Fancy Cars Supporter | Music maker", "friends_count": 1527, "location": "", "profile_link_color": "0084B4", "profile_image_url": "http://pbs.twimg.com/profile_images/583792987047464960/GfeuResK_normal.jpg", "following": null, "geo_enabled": false, "profile_background_image_url": "http://abs.twimg.com/images/themes/theme1/bg.png", "screen_name": "IsabellaBrown40", "lang": "en", "profile_background_tile": false, "favourites_count": 1577, "name": "Isabella Brown", "notifications": null, "url": null, "created_at": "Fri Apr 03 00:46:20 +0000 2015", "contributors_enabled": false, "time_zone": "Eastern Time (US & Canada)", "protected": false, "default_profile": true, "is_translator": false}, "geo": null, "in_reply_to_user_id_str": null, "possibly_sensitive": false, "lang": "en", "created_at": "Wed Oct 21 18:43:43 +0000 2015", "in_reply_to_status_id_str": null, "place": null, "metadata": {"iso_language_code": "en", "result_type": "recent"}}