{"contributors": null, "truncated": false, "text": "RT @kttk234567: Mother of #Benghazi Victim Erupts at Untrustworthy #HillaryClinton: \u2018She\u2019s Lying!\u2019\n\nhttps://t.co/6rpOmXmywz #ohhillno #hill\u2026", "is_quote_status": false, "in_reply_to_status_id": null, "id": 656904807983132672, "favorite_count": 0, "source": "<a href=\"http://twitter.com/download/android\" rel=\"nofollow\">Twitter for Android</a>", "retweeted": false, "coordinates": null, "entities": {"symbols": [], "user_mentions": [{"id": 762534037, "indices": [3, 14], "id_str": "762534037", "screen_name": "kttk234567", "name": "Chet's Ascertainment"}], "hashtags": [{"indices": [26, 35], "text": "Benghazi"}, {"indices": [67, 82], "text": "HillaryClinton"}, {"indices": [124, 133], "text": "ohhillno"}, {"indices": [134, 140], "text": "hillaryforprision2016"}], "urls": [{"url": "https://t.co/6rpOmXmywz", "indices": [100, 123], "expanded_url": "http://www.mediaite.com/tv/mother-of-benghazi-victim-erupts-at-hillary-clinton-shes-lying/", "display_url": "mediaite.com/tv/mother-of-b\u2026"}]}, "in_reply_to_screen_name": null, "in_reply_to_user_id": null, "retweet_count": 1, "id_str": "656904807983132672", "favorited": false, "retweeted_status": {"contributors": null, "truncated": false, "text": "Mother of #Benghazi Victim Erupts at Untrustworthy #HillaryClinton: \u2018She\u2019s Lying!\u2019\n\nhttps://t.co/6rpOmXmywz #ohhillno #hillaryforprision2016", "is_quote_status": false, "in_reply_to_status_id": null, "id": 656904339106189313, "favorite_count": 1, "source": "<a href=\"http://twitter.com\" rel=\"nofollow\">Twitter Web Client</a>", "retweeted": false, "coordinates": null, "entities": {"symbols": [], "user_mentions": [], "hashtags": [{"indices": [10, 19], "text": "Benghazi"}, {"indices": [51, 66], "text": "HillaryClinton"}, {"indices": [108, 117], "text": "ohhillno"}, {"indices": [118, 140], "text": "hillaryforprision2016"}], "urls": [{"url": "https://t.co/6rpOmXmywz", "indices": [84, 107], "expanded_url": "http://www.mediaite.com/tv/mother-of-benghazi-victim-erupts-at-hillary-clinton-shes-lying/", "display_url": "mediaite.com/tv/mother-of-b\u2026"}]}, "in_reply_to_screen_name": null, "in_reply_to_user_id": null, "retweet_count": 1, "id_str": "656904339106189313", "favorited": false, "user": {"follow_request_sent": null, "has_extended_profile": false, "profile_use_background_image": true, "default_profile_image": false, "id": 762534037, "profile_background_image_url_https": "https://abs.twimg.com/images/themes/theme15/bg.png", "verified": false, "profile_text_color": "333333", "profile_image_url_https": "https://pbs.twimg.com/profile_images/462364865613422592/ejCurA8u_normal.jpeg", "profile_sidebar_fill_color": "C0DFEC", "entities": {"description": {"urls": []}}, "followers_count": 7339, "profile_sidebar_border_color": "A8C7F7", "id_str": "762534037", "profile_background_color": "022330", "listed_count": 66, "is_translation_enabled": false, "utc_offset": -14400, "statuses_count": 11269, "description": "If a politician did not have double standards, then they would have no standards at all \u0669(\u0361\u0e4f\u032f\u0361\u0e4f)\u06f6", "friends_count": 2070, "location": "Satire, USA", "profile_link_color": "0084B4", "profile_image_url": "http://pbs.twimg.com/profile_images/462364865613422592/ejCurA8u_normal.jpeg", "following": null, "geo_enabled": false, "profile_banner_url": "https://pbs.twimg.com/profile_banners/762534037/1442106120", "profile_background_image_url": "http://abs.twimg.com/images/themes/theme15/bg.png", "screen_name": "kttk234567", "lang": "en", "profile_background_tile": false, "favourites_count": 11, "name": "Chet's Ascertainment", "notifications": null, "url": null, "created_at": "Thu Aug 16 23:21:27 +0000 2012", "contributors_enabled": false, "time_zone": "Eastern Time (US & Canada)", "protected": false, "default_profile": false, "is_translator": false}, "geo": null, "in_reply_to_user_id_str": null, "possibly_sensitive": false, "lang": "en", "created_at": "Wed Oct 21 18:46:13 +0000 2015", "in_reply_to_status_id_str": null, "place": null, "metadata": {"iso_language_code": "en", "result_type": "recent"}}, "user": {"follow_request_sent": null, "has_extended_profile": false, "profile_use_background_image": true, "default_profile_image": false, "id": 2948520401, "profile_background_image_url_https": "https://abs.twimg.com/images/themes/theme1/bg.png", "verified": false, "profile_text_color": "333333", "profile_image_url_https": "https://pbs.twimg.com/profile_images/577315685593825280/HKOP6GHT_normal.jpeg", "profile_sidebar_fill_color": "DDEEF6", "entities": {"description": {"urls": []}}, "followers_count": 521, "profile_sidebar_border_color": "C0DEED", "id_str": "2948520401", "profile_background_color": "C0DEED", "listed_count": 108, "is_translation_enabled": false, "utc_offset": null, "statuses_count": 18681, "description": "Is it 1984 or a BraveNewWorld Informing the Informed..Artist,Activist  my other account strongly opinionated.. @iconik2333", "friends_count": 814, "location": "BFE,TX", "profile_link_color": "0084B4", "profile_image_url": "http://pbs.twimg.com/profile_images/577315685593825280/HKOP6GHT_normal.jpeg", "following": null, "geo_enabled": true, "profile_banner_url": "https://pbs.twimg.com/profile_banners/2948520401/1426058441", "profile_background_image_url": "http://abs.twimg.com/images/themes/theme1/bg.png", "screen_name": "HofmeisterSeth", "lang": "en", "profile_background_tile": false, "favourites_count": 26049, "name": "What Ever", "notifications": null, "url": null, "created_at": "Mon Dec 29 05:07:23 +0000 2014", "contributors_enabled": false, "time_zone": null, "protected": false, "default_profile": true, "is_translator": false}, "geo": null, "in_reply_to_user_id_str": null, "possibly_sensitive": false, "lang": "en", "created_at": "Wed Oct 21 18:48:05 +0000 2015", "in_reply_to_status_id_str": null, "place": null, "metadata": {"iso_language_code": "en", "result_type": "recent"}}