{"contributors": null, "truncated": false, "text": "RT @SouthernRock3: .@theonlyadult @FlowerInFaith @POTUS He's one of a kind for sure. We need #Hillary2016 to appoint him to @SCOTUS.", "is_quote_status": false, "in_reply_to_status_id": null, "id": 656913708078137344, "favorite_count": 0, "source": "<a href=\"http://twitter.com/download/android\" rel=\"nofollow\">Twitter for Android</a>", "retweeted": false, "coordinates": null, "entities": {"symbols": [], "user_mentions": [{"id": 1548714900, "indices": [3, 17], "id_str": "1548714900", "screen_name": "SouthernRock3", "name": "Southern Rock"}, {"id": 232851192, "indices": [20, 33], "id_str": "232851192", "screen_name": "theonlyadult", "name": "BWD"}, {"id": 387162020, "indices": [34, 48], "id_str": "387162020", "screen_name": "FlowerInFaith", "name": "FlowerInFaith"}, {"id": 1536791610, "indices": [49, 55], "id_str": "1536791610", "screen_name": "POTUS", "name": "President Obama"}, {"id": 15109516, "indices": [124, 131], "id_str": "15109516", "screen_name": "Scotus", "name": "Scotus"}], "hashtags": [{"indices": [93, 105], "text": "Hillary2016"}], "urls": []}, "in_reply_to_screen_name": null, "in_reply_to_user_id": null, "retweet_count": 2, "id_str": "656913708078137344", "favorited": false, "retweeted_status": {"contributors": null, "truncated": false, "text": ".@theonlyadult @FlowerInFaith @POTUS He's one of a kind for sure. We need #Hillary2016 to appoint him to @SCOTUS.", "is_quote_status": false, "in_reply_to_status_id": 656895094621118464, "id": 656897189638107136, "favorite_count": 1, "source": "<a href=\"http://twitter.com\" rel=\"nofollow\">Twitter Web Client</a>", "retweeted": false, "coordinates": null, "entities": {"symbols": [], "user_mentions": [{"id": 232851192, "indices": [1, 14], "id_str": "232851192", "screen_name": "theonlyadult", "name": "BWD"}, {"id": 387162020, "indices": [15, 29], "id_str": "387162020", "screen_name": "FlowerInFaith", "name": "FlowerInFaith"}, {"id": 1536791610, "indices": [30, 36], "id_str": "1536791610", "screen_name": "POTUS", "name": "President Obama"}, {"id": 15109516, "indices": [105, 112], "id_str": "15109516", "screen_name": "Scotus", "name": "Scotus"}], "hashtags": [{"indices": [74, 86], "text": "Hillary2016"}], "urls": []}, "in_reply_to_screen_name": "theonlyadult", "in_reply_to_user_id": 232851192, "retweet_count": 2, "id_str": "656897189638107136", "favorited": false, "user": {"follow_request_sent": null, "has_extended_profile": false, "profile_use_background_image": true, "default_profile_image": false, "id": 1548714900, "profile_background_image_url_https": "https://abs.twimg.com/images/themes/theme16/bg.gif", "verified": false, "profile_text_color": "333333", "profile_image_url_https": "https://pbs.twimg.com/profile_images/538436965025058817/DyYMGF2e_normal.jpeg", "profile_sidebar_fill_color": "DDFFCC", "entities": {"description": {"urls": []}}, "followers_count": 2670, "profile_sidebar_border_color": "BDDCAD", "id_str": "1548714900", "profile_background_color": "9AE4E8", "listed_count": 110, "is_translation_enabled": false, "utc_offset": -14400, "statuses_count": 43801, "description": "Avid Barack Obama Supporter. #ClimateAction my #1 priority. #GunSanity #2. Big time animal lover. Religion hurts everyone. #Hillary2016 All the way.", "friends_count": 2310, "location": "Texas, USA", "profile_link_color": "0084B4", "profile_image_url": "http://pbs.twimg.com/profile_images/538436965025058817/DyYMGF2e_normal.jpeg", "following": null, "geo_enabled": false, "profile_banner_url": "https://pbs.twimg.com/profile_banners/1548714900/1424232070", "profile_background_image_url": "http://abs.twimg.com/images/themes/theme16/bg.gif", "screen_name": "SouthernRock3", "lang": "en", "profile_background_tile": false, "favourites_count": 33848, "name": "Southern Rock", "notifications": null, "url": null, "created_at": "Wed Jun 26 17:47:43 +0000 2013", "contributors_enabled": false, "time_zone": "Eastern Time (US & Canada)", "protected": false, "default_profile": false, "is_translator": false}, "geo": null, "in_reply_to_user_id_str": "232851192", "lang": "en", "created_at": "Wed Oct 21 18:17:49 +0000 2015", "in_reply_to_status_id_str": "656895094621118464", "place": null, "metadata": {"iso_language_code": "en", "result_type": "recent"}}, "user": {"follow_request_sent": null, "has_extended_profile": true, "profile_use_background_image": true, "default_profile_image": false, "id": 424312346, "profile_background_image_url_https": "https://pbs.twimg.com/profile_background_images/609653387567599616/35tb8hwj.jpg", "verified": false, "profile_text_color": "3D1957", "profile_image_url_https": "https://pbs.twimg.com/profile_images/649673915631972356/AGsTi9_I_normal.jpg", "profile_sidebar_fill_color": "7AC3EE", "entities": {"description": {"urls": []}}, "followers_count": 582, "profile_sidebar_border_color": "000000", "id_str": "424312346", "profile_background_color": "4A913C", "listed_count": 10, "is_translation_enabled": true, "utc_offset": 32400, "statuses_count": 4935, "description": "Stop the drama  Support Obama", "friends_count": 717, "location": "", "profile_link_color": "FA743E", "profile_image_url": "http://pbs.twimg.com/profile_images/649673915631972356/AGsTi9_I_normal.jpg", "following": null, "geo_enabled": false, "profile_banner_url": "https://pbs.twimg.com/profile_banners/424312346/1442533873", "profile_background_image_url": "http://pbs.twimg.com/profile_background_images/609653387567599616/35tb8hwj.jpg", "screen_name": "NTKsays", "lang": "ja", "profile_background_tile": true, "favourites_count": 19590, "name": "NTK", "notifications": null, "url": null, "created_at": "Tue Nov 29 16:32:30 +0000 2011", "contributors_enabled": false, "time_zone": "Tokyo", "protected": false, "default_profile": false, "is_translator": false}, "geo": null, "in_reply_to_user_id_str": null, "lang": "en", "created_at": "Wed Oct 21 19:23:27 +0000 2015", "in_reply_to_status_id_str": null, "place": null, "metadata": {"iso_language_code": "en", "result_type": "recent"}}