{"contributors": null, "truncated": false, "text": "Banquet Of Consequences https://t.co/m7xpZYNohp #DemocraticSocialists #HillaryClinton #BernieSanders #PJNET #tcot #fundamentaltransformation", "is_quote_status": false, "in_reply_to_status_id": null, "id": 656900871939334144, "favorite_count": 0, "source": "<a href=\"http://twitter.com\" rel=\"nofollow\">Twitter Web Client</a>", "retweeted": false, "coordinates": null, "entities": {"symbols": [], "user_mentions": [], "hashtags": [{"indices": [48, 69], "text": "DemocraticSocialists"}, {"indices": [70, 85], "text": "HillaryClinton"}, {"indices": [86, 100], "text": "BernieSanders"}, {"indices": [101, 107], "text": "PJNET"}, {"indices": [108, 113], "text": "tcot"}, {"indices": [114, 140], "text": "fundamentaltransformation"}], "urls": [{"url": "https://t.co/m7xpZYNohp", "indices": [24, 47], "expanded_url": "http://grumpyelder.com/2015/10/a-banquet-of-consequences-2/", "display_url": "grumpyelder.com/2015/10/a-banq\u2026"}]}, "in_reply_to_screen_name": null, "in_reply_to_user_id": null, "retweet_count": 0, "id_str": "656900871939334144", "favorited": false, "user": {"follow_request_sent": null, "has_extended_profile": false, "profile_use_background_image": true, "default_profile_image": false, "id": 22367040, "profile_background_image_url_https": "https://pbs.twimg.com/profile_background_images/639880165326098432/rMPHgGgK.jpg", "verified": false, "profile_text_color": "350C15", "profile_image_url_https": "https://pbs.twimg.com/profile_images/639102865408000000/LLKOaBpC_normal.jpg", "profile_sidebar_fill_color": "E35512", "entities": {"url": {"urls": [{"url": "http://t.co/axwux8Oh6E", "indices": [0, 22], "expanded_url": "http://viewpointsofasagittarian.com/", "display_url": "viewpointsofasagittarian.com"}]}, "description": {"urls": []}}, "followers_count": 1048, "profile_sidebar_border_color": "FFFFFF", "id_str": "22367040", "profile_background_color": "7A866A", "listed_count": 41, "is_translation_enabled": false, "utc_offset": -14400, "statuses_count": 29981, "description": "Unhyphenated American. Conservative, Christian who despises the perils of Big gov/NWO. Councilmember, Watcher of Weasels. RT's do not imply endorsement.", "friends_count": 1836, "location": "USA", "profile_link_color": "4A913C", "profile_image_url": "http://pbs.twimg.com/profile_images/639102865408000000/LLKOaBpC_normal.jpg", "following": null, "geo_enabled": false, "profile_banner_url": "https://pbs.twimg.com/profile_banners/22367040/1395413254", "profile_background_image_url": "http://pbs.twimg.com/profile_background_images/639880165326098432/rMPHgGgK.jpg", "screen_name": "PUMABydesign001", "lang": "en", "profile_background_tile": true, "favourites_count": 1525, "name": "pumabydesign001", "notifications": null, "url": "http://t.co/axwux8Oh6E", "created_at": "Sun Mar 01 14:38:23 +0000 2009", "contributors_enabled": false, "time_zone": "Eastern Time (US & Canada)", "protected": false, "default_profile": false, "is_translator": false}, "geo": null, "in_reply_to_user_id_str": null, "possibly_sensitive": false, "lang": "en", "created_at": "Wed Oct 21 18:32:27 +0000 2015", "in_reply_to_status_id_str": null, "place": null, "metadata": {"iso_language_code": "en", "result_type": "recent"}}