{"contributors": null, "truncated": false, "text": "Joe Biden's decision not 2 run\nGives Hillary Clinton\nHer Rightful opportunity\n#ImWithHer \nhttps://t.co/9Y9b3nBk3q https://t.co/9UxESvlUEv", "is_quote_status": false, "in_reply_to_status_id": null, "id": 656913849950466049, "favorite_count": 0, "source": "<a href=\"http://twitter.com\" rel=\"nofollow\">Twitter Web Client</a>", "retweeted": false, "coordinates": null, "entities": {"symbols": [], "user_mentions": [], "hashtags": [{"indices": [78, 88], "text": "ImWithHer"}], "urls": [{"url": "https://t.co/9Y9b3nBk3q", "indices": [90, 113], "expanded_url": "http://nyti.ms/1ZXKP9w", "display_url": "nyti.ms/1ZXKP9w"}], "media": [{"expanded_url": "http://twitter.com/Kelly4Hillary/status/656913849950466049/photo/1", "display_url": "pic.twitter.com/9UxESvlUEv", "url": "https://t.co/9UxESvlUEv", "media_url_https": "https://pbs.twimg.com/media/CR3TqI2WsAAPU-c.png", "id_str": "656913841549389824", "sizes": {"large": {"h": 300, "resize": "fit", "w": 600}, "small": {"h": 170, "resize": "fit", "w": 340}, "medium": {"h": 300, "resize": "fit", "w": 600}, "thumb": {"h": 150, "resize": "crop", "w": 150}}, "indices": [114, 137], "type": "photo", "id": 656913841549389824, "media_url": "http://pbs.twimg.com/media/CR3TqI2WsAAPU-c.png"}]}, "in_reply_to_screen_name": null, "in_reply_to_user_id": null, "retweet_count": 0, "id_str": "656913849950466049", "favorited": false, "user": {"follow_request_sent": null, "has_extended_profile": false, "profile_use_background_image": true, "default_profile_image": false, "id": 991634754, "profile_background_image_url_https": "https://pbs.twimg.com/profile_background_images/730168119/1c01d6addd388e281a2e12e348ae9406.jpeg", "verified": false, "profile_text_color": "333333", "profile_image_url_https": "https://pbs.twimg.com/profile_images/649213432366014465/fSPlDfBL_normal.jpg", "profile_sidebar_fill_color": "DDEEF6", "entities": {"url": {"urls": [{"url": "http://t.co/ikRjbHbdLe", "indices": [0, 22], "expanded_url": "http://www.yesonproposition48.org", "display_url": "yesonproposition48.org"}]}, "description": {"urls": []}}, "followers_count": 5619, "profile_sidebar_border_color": "FFFFFF", "id_str": "991634754", "profile_background_color": "C0DEED", "listed_count": 102, "is_translation_enabled": false, "utc_offset": null, "statuses_count": 16397, "description": "\u266bHillaryDelegate2008DNCConvention, Sponsor Mississippi Ballot Initiative48 Regulate #Cannabis like Alcohol #Bi48 Prison Reform Begins with #marijuana regulation", "friends_count": 6000, "location": "Hernando, Mississippi", "profile_link_color": "0084B4", "profile_image_url": "http://pbs.twimg.com/profile_images/649213432366014465/fSPlDfBL_normal.jpg", "following": null, "geo_enabled": true, "profile_banner_url": "https://pbs.twimg.com/profile_banners/991634754/1403199714", "profile_background_image_url": "http://pbs.twimg.com/profile_background_images/730168119/1c01d6addd388e281a2e12e348ae9406.jpeg", "screen_name": "Kelly4Hillary", "lang": "en", "profile_background_tile": true, "favourites_count": 12030, "name": "Kelly Jacobs", "notifications": null, "url": "http://t.co/ikRjbHbdLe", "created_at": "Wed Dec 05 19:48:40 +0000 2012", "contributors_enabled": false, "time_zone": null, "protected": false, "default_profile": false, "is_translator": false}, "geo": null, "in_reply_to_user_id_str": null, "possibly_sensitive": false, "lang": "en", "created_at": "Wed Oct 21 19:24:01 +0000 2015", "in_reply_to_status_id_str": null, "place": {"full_name": "Mississippi, USA", "url": "https://api.twitter.com/1.1/geo/id/43d2418301bf1a49.json", "country": "United States", "place_type": "admin", "bounding_box": {"type": "Polygon", "coordinates": [[[-91.655009, 30.146096], [-88.097889, 30.146096], [-88.097889, 34.995968], [-91.655009, 34.995968]]]}, "contained_within": [], "country_code": "US", "attributes": {}, "id": "43d2418301bf1a49", "name": "Mississippi"}, "metadata": {"iso_language_code": "en", "result_type": "recent"}}