{"contributors": null, "truncated": false, "text": "@BenjaminNorton #HillaryClinton worked on the Adoption &amp; Safe Families Act in '97. Welfare reform was needed", "is_quote_status": false, "in_reply_to_status_id": null, "id": 656908547289014272, "favorite_count": 0, "source": "<a href=\"http://twitter.com/download/iphone\" rel=\"nofollow\">Twitter for iPhone</a>", "retweeted": false, "coordinates": null, "entities": {"symbols": [], "user_mentions": [{"id": 852269288, "indices": [0, 15], "id_str": "852269288", "screen_name": "BenjaminNorton", "name": "Ben Norton"}], "hashtags": [{"indices": [16, 31], "text": "HillaryClinton"}], "urls": []}, "in_reply_to_screen_name": "BenjaminNorton", "in_reply_to_user_id": 852269288, "retweet_count": 0, "id_str": "656908547289014272", "favorited": false, "user": {"follow_request_sent": null, "has_extended_profile": false, "profile_use_background_image": true, "default_profile_image": false, "id": 61941321, "profile_background_image_url_https": "https://pbs.twimg.com/profile_background_images/784658034/c719d5611292b89153ce031f36e7f899.jpeg", "verified": false, "profile_text_color": "333333", "profile_image_url_https": "https://pbs.twimg.com/profile_images/652186849075576832/z7UEqlg4_normal.png", "profile_sidebar_fill_color": "DDEEF6", "entities": {"url": {"urls": [{"url": "http://t.co/KPaHJNolfE", "indices": [0, 22], "expanded_url": "http://www.goodvibes.com", "display_url": "goodvibes.com"}]}, "description": {"urls": [{"url": "http://t.co/jrCKtxj1cT", "indices": [102, 124], "expanded_url": "http://www.jackiestrano.com", "display_url": "jackiestrano.com"}]}}, "followers_count": 1093, "profile_sidebar_border_color": "FFFFFF", "id_str": "61941321", "profile_background_color": "082330", "listed_count": 42, "is_translation_enabled": false, "utc_offset": -25200, "statuses_count": 1686, "description": "Executive VP Good Vibrations \nTransButch Singer/Songwriter Writer Proud Parent Gay Married newsjunkie http://t.co/jrCKtxj1cT", "friends_count": 1301, "location": "Oakland", "profile_link_color": "818F94", "profile_image_url": "http://pbs.twimg.com/profile_images/652186849075576832/z7UEqlg4_normal.png", "following": null, "geo_enabled": false, "profile_banner_url": "https://pbs.twimg.com/profile_banners/61941321/1413329666", "profile_background_image_url": "http://pbs.twimg.com/profile_background_images/784658034/c719d5611292b89153ce031f36e7f899.jpeg", "screen_name": "JackieStrano", "lang": "en", "profile_background_tile": false, "favourites_count": 1103, "name": "Jack", "notifications": null, "url": "http://t.co/KPaHJNolfE", "created_at": "Sat Aug 01 02:43:55 +0000 2009", "contributors_enabled": false, "time_zone": "Pacific Time (US & Canada)", "protected": false, "default_profile": false, "is_translator": false}, "geo": null, "in_reply_to_user_id_str": "852269288", "lang": "en", "created_at": "Wed Oct 21 19:02:57 +0000 2015", "in_reply_to_status_id_str": null, "place": null, "metadata": {"iso_language_code": "en", "result_type": "recent"}}