{"contributors": null, "truncated": false, "text": "RT @steve0423: #HillaryClinton and the rest of them knew exactly what was going on in #Benghazi\n#BenghaziCommittee #tcot #PJNET https://t.c\u2026", "is_quote_status": false, "in_reply_to_status_id": null, "id": 656910074783272960, "favorite_count": 0, "source": "<a href=\"http://twitter.com\" rel=\"nofollow\">Twitter Web Client</a>", "retweeted": false, "coordinates": null, "entities": {"symbols": [], "user_mentions": [{"id": 5644772, "indices": [3, 13], "id_str": "5644772", "screen_name": "steve0423", "name": "Young Conservative\u2122"}], "hashtags": [{"indices": [15, 30], "text": "HillaryClinton"}, {"indices": [86, 95], "text": "Benghazi"}, {"indices": [96, 114], "text": "BenghaziCommittee"}, {"indices": [115, 120], "text": "tcot"}, {"indices": [121, 127], "text": "PJNET"}], "urls": [], "media": [{"source_user_id": 5644772, "source_status_id_str": "656443898668126208", "expanded_url": "http://twitter.com/steve0423/status/656443898668126208/photo/1", "display_url": "pic.twitter.com/6IL8W0XgHX", "url": "https://t.co/6IL8W0XgHX", "media_url_https": "https://pbs.twimg.com/media/CRwoPyJWEAAPLj3.jpg", "source_user_id_str": "5644772", "source_status_id": 656443898668126208, "id_str": "656443897313366016", "sizes": {"small": {"h": 255, "resize": "fit", "w": 340}, "large": {"h": 360, "resize": "fit", "w": 480}, "medium": {"h": 360, "resize": "fit", "w": 480}, "thumb": {"h": 150, "resize": "crop", "w": 150}}, "indices": [139, 140], "type": "photo", "id": 656443897313366016, "media_url": "http://pbs.twimg.com/media/CRwoPyJWEAAPLj3.jpg"}]}, "in_reply_to_screen_name": null, "in_reply_to_user_id": null, "retweet_count": 341, "id_str": "656910074783272960", "favorited": false, "retweeted_status": {"contributors": null, "truncated": false, "text": "#HillaryClinton and the rest of them knew exactly what was going on in #Benghazi\n#BenghaziCommittee #tcot #PJNET https://t.co/6IL8W0XgHX", "is_quote_status": false, "in_reply_to_status_id": null, "id": 656443898668126208, "favorite_count": 207, "source": "<a href=\"http://twitter.com/download/android\" rel=\"nofollow\">Twitter for Android</a>", "retweeted": false, "coordinates": null, "entities": {"symbols": [], "user_mentions": [], "hashtags": [{"indices": [0, 15], "text": "HillaryClinton"}, {"indices": [71, 80], "text": "Benghazi"}, {"indices": [81, 99], "text": "BenghaziCommittee"}, {"indices": [100, 105], "text": "tcot"}, {"indices": [106, 112], "text": "PJNET"}], "urls": [], "media": [{"expanded_url": "http://twitter.com/steve0423/status/656443898668126208/photo/1", "display_url": "pic.twitter.com/6IL8W0XgHX", "url": "https://t.co/6IL8W0XgHX", "media_url_https": "https://pbs.twimg.com/media/CRwoPyJWEAAPLj3.jpg", "id_str": "656443897313366016", "sizes": {"small": {"h": 255, "resize": "fit", "w": 340}, "large": {"h": 360, "resize": "fit", "w": 480}, "medium": {"h": 360, "resize": "fit", "w": 480}, "thumb": {"h": 150, "resize": "crop", "w": 150}}, "indices": [113, 136], "type": "photo", "id": 656443897313366016, "media_url": "http://pbs.twimg.com/media/CRwoPyJWEAAPLj3.jpg"}]}, "in_reply_to_screen_name": null, "in_reply_to_user_id": null, "retweet_count": 341, "id_str": "656443898668126208", "favorited": false, "user": {"follow_request_sent": null, "has_extended_profile": false, "profile_use_background_image": true, "default_profile_image": false, "id": 5644772, "profile_background_image_url_https": "https://pbs.twimg.com/profile_background_images/378800000162646623/6MgoVKLh.jpeg", "verified": false, "profile_text_color": "333333", "profile_image_url_https": "https://pbs.twimg.com/profile_images/639469902827552768/EgmNbcGI_normal.jpg", "profile_sidebar_fill_color": "FFFFFF", "entities": {"url": {"urls": [{"url": "http://t.co/lEa4c3b8kU", "indices": [0, 22], "expanded_url": "http://www.youngconservative.net", "display_url": "youngconservative.net"}]}, "description": {"urls": []}}, "followers_count": 33492, "profile_sidebar_border_color": "FFFFFF", "id_str": "5644772", "profile_background_color": "FFFFFF", "listed_count": 350, "is_translation_enabled": false, "utc_offset": -14400, "statuses_count": 25365, "description": "Citizen journalist!! Followed by @seanhannity @AlvedaCKing @DineshDSouza\n@DarrellIssa @DavidLimbaugh @RepJBridenstine @DCexaminer\n#RedNationRising #TCOT #PJNET", "friends_count": 25980, "location": "New Jersey", "profile_link_color": "000000", "profile_image_url": "http://pbs.twimg.com/profile_images/639469902827552768/EgmNbcGI_normal.jpg", "following": null, "geo_enabled": false, "profile_banner_url": "https://pbs.twimg.com/profile_banners/5644772/1360727804", "profile_background_image_url": "http://pbs.twimg.com/profile_background_images/378800000162646623/6MgoVKLh.jpeg", "screen_name": "steve0423", "lang": "en", "profile_background_tile": false, "favourites_count": 3835, "name": "Young Conservative\u2122", "notifications": null, "url": "http://t.co/lEa4c3b8kU", "created_at": "Mon Apr 30 04:39:20 +0000 2007", "contributors_enabled": false, "time_zone": "Eastern Time (US & Canada)", "protected": false, "default_profile": false, "is_translator": false}, "geo": null, "in_reply_to_user_id_str": null, "possibly_sensitive": false, "lang": "en", "created_at": "Tue Oct 20 12:16:36 +0000 2015", "in_reply_to_status_id_str": null, "place": null, "metadata": {"iso_language_code": "en", "result_type": "recent"}}, "user": {"follow_request_sent": null, "has_extended_profile": true, "profile_use_background_image": true, "default_profile_image": false, "id": 1626795866, "profile_background_image_url_https": "https://abs.twimg.com/images/themes/theme16/bg.gif", "verified": false, "profile_text_color": "333333", "profile_image_url_https": "https://pbs.twimg.com/profile_images/656714847233556480/3Y9w1hA2_normal.jpg", "profile_sidebar_fill_color": "DDFFCC", "entities": {"url": {"urls": [{"url": "http://t.co/cqINiwXx0N", "indices": [0, 22], "expanded_url": "http://www.KarenSellsFloridaWaterfront.com", "display_url": "KarenSellsFloridaWaterfront.com"}]}, "description": {"urls": []}}, "followers_count": 9749, "profile_sidebar_border_color": "BDDCAD", "id_str": "1626795866", "profile_background_color": "9AE4E8", "listed_count": 199, "is_translation_enabled": true, "utc_offset": -14400, "statuses_count": 97639, "description": "BA, BS, CNMT (Emeritus) RT's NOT AN ENDORSEMENT. Dolphins Fan. FB: E. Bolling, S. Hannity, C. Woolery, M. Osmond, Wayne M Rogers, B. Faro, J. Fallon, D. D'Souza", "friends_count": 9449, "location": "KW Southeast, FL (Real Estate)", "profile_link_color": "0084B4", "profile_image_url": "http://pbs.twimg.com/profile_images/656714847233556480/3Y9w1hA2_normal.jpg", "following": null, "geo_enabled": true, "profile_banner_url": "https://pbs.twimg.com/profile_banners/1626795866/1437456106", "profile_background_image_url": "http://abs.twimg.com/images/themes/theme16/bg.gif", "screen_name": "KarenMonsour12", "lang": "en", "profile_background_tile": false, "favourites_count": 57231, "name": "\u2600\ufe0fKaren\u2600\ufe0f", "notifications": null, "url": "http://t.co/cqINiwXx0N", "created_at": "Sun Jul 28 02:09:16 +0000 2013", "contributors_enabled": false, "time_zone": "Eastern Time (US & Canada)", "protected": false, "default_profile": false, "is_translator": false}, "geo": null, "in_reply_to_user_id_str": null, "possibly_sensitive": false, "lang": "en", "created_at": "Wed Oct 21 19:09:01 +0000 2015", "in_reply_to_status_id_str": null, "place": null, "metadata": {"iso_language_code": "en", "result_type": "recent"}}