{"contributors": null, "truncated": false, "text": "#gunsense #gunsense #gunsense #gunsense #gunsense #gunsense #Hillary2016 #MomsDemand #NoToGunControl #2A #SecondAm\u2026 https://t.co/FSYstuZKSS", "is_quote_status": false, "in_reply_to_status_id": null, "id": 656900799239487488, "favorite_count": 0, "source": "<a href=\"http://ifttt.com\" rel=\"nofollow\">IFTTT</a>", "retweeted": false, "coordinates": null, "entities": {"symbols": [], "user_mentions": [], "hashtags": [{"indices": [0, 9], "text": "gunsense"}, {"indices": [10, 19], "text": "gunsense"}, {"indices": [20, 29], "text": "gunsense"}, {"indices": [30, 39], "text": "gunsense"}, {"indices": [40, 49], "text": "gunsense"}, {"indices": [50, 59], "text": "gunsense"}, {"indices": [60, 72], "text": "Hillary2016"}, {"indices": [73, 84], "text": "MomsDemand"}, {"indices": [85, 100], "text": "NoToGunControl"}, {"indices": [101, 104], "text": "2A"}, {"indices": [105, 114], "text": "SecondAm"}], "urls": [], "media": [{"source_user_id": 792802638, "source_status_id_str": "656880043335946240", "expanded_url": "http://twitter.com/XManSV/status/656880043335946240/photo/1", "display_url": "pic.twitter.com/FSYstuZKSS", "url": "https://t.co/FSYstuZKSS", "media_url_https": "https://pbs.twimg.com/media/CR206ysUYAAl_9N.jpg", "source_user_id_str": "792802638", "source_status_id": 656880043335946240, "id_str": "656880042799030272", "sizes": {"large": {"h": 518, "resize": "fit", "w": 594}, "small": {"h": 296, "resize": "fit", "w": 340}, "medium": {"h": 518, "resize": "fit", "w": 594}, "thumb": {"h": 150, "resize": "crop", "w": 150}}, "indices": [116, 139], "type": "photo", "id": 656880042799030272, "media_url": "http://pbs.twimg.com/media/CR206ysUYAAl_9N.jpg"}]}, "in_reply_to_screen_name": null, "in_reply_to_user_id": null, "retweet_count": 0, "id_str": "656900799239487488", "favorited": false, "user": {"follow_request_sent": null, "has_extended_profile": false, "profile_use_background_image": true, "default_profile_image": false, "id": 3010241109, "profile_background_image_url_https": "https://abs.twimg.com/images/themes/theme1/bg.png", "verified": false, "profile_text_color": "333333", "profile_image_url_https": "https://pbs.twimg.com/profile_images/561903603200192513/1S_nqRUr_normal.jpeg", "profile_sidebar_fill_color": "DDEEF6", "entities": {"description": {"urls": []}}, "followers_count": 335, "profile_sidebar_border_color": "C0DEED", "id_str": "3010241109", "profile_background_color": "C0DEED", "listed_count": 147, "is_translation_enabled": false, "utc_offset": null, "statuses_count": 210565, "description": "", "friends_count": 83, "location": "", "profile_link_color": "0084B4", "profile_image_url": "http://pbs.twimg.com/profile_images/561903603200192513/1S_nqRUr_normal.jpeg", "following": null, "geo_enabled": false, "profile_background_image_url": "http://abs.twimg.com/images/themes/theme1/bg.png", "screen_name": "damnit_obama", "lang": "en", "profile_background_tile": false, "favourites_count": 9, "name": "damnit obama", "notifications": null, "url": null, "created_at": "Sun Feb 01 15:06:12 +0000 2015", "contributors_enabled": false, "time_zone": null, "protected": false, "default_profile": true, "is_translator": false}, "geo": null, "in_reply_to_user_id_str": null, "possibly_sensitive": false, "lang": "und", "created_at": "Wed Oct 21 18:32:09 +0000 2015", "in_reply_to_status_id_str": null, "place": null, "metadata": {"iso_language_code": "und", "result_type": "recent"}}