{"contributors": null, "truncated": false, "text": "@scott_nicholson  A non-vote is a vote for Trump..  do ppl really want that?  It's no secret #ImWithHer", "is_quote_status": false, "in_reply_to_status_id": 656900967850360832, "id": 656901998298599424, "favorite_count": 0, "source": "<a href=\"http://tweetlogix.com\" rel=\"nofollow\">Tweetlogix</a>", "retweeted": false, "coordinates": null, "entities": {"symbols": [], "user_mentions": [{"id": 13010742, "indices": [0, 16], "id_str": "13010742", "screen_name": "scott_nicholson", "name": "Scott Nicholson"}], "hashtags": [{"indices": [93, 103], "text": "ImWithHer"}], "urls": []}, "in_reply_to_screen_name": "scott_nicholson", "in_reply_to_user_id": 13010742, "retweet_count": 0, "id_str": "656901998298599424", "favorited": false, "user": {"follow_request_sent": null, "has_extended_profile": false, "profile_use_background_image": true, "default_profile_image": false, "id": 1475779819, "profile_background_image_url_https": "https://pbs.twimg.com/profile_background_images/378800000002110229/0e9af0028ae8f84cc8c785289bddbc08.jpeg", "verified": false, "profile_text_color": "666666", "profile_image_url_https": "https://pbs.twimg.com/profile_images/626444215975673856/nMV2mkJx_normal.jpg", "profile_sidebar_fill_color": "333333", "entities": {"description": {"urls": []}}, "followers_count": 129, "profile_sidebar_border_color": "000000", "id_str": "1475779819", "profile_background_color": "CCCCCC", "listed_count": 9, "is_translation_enabled": false, "utc_offset": -21600, "statuses_count": 2874, "description": "#BoiseState.. on the blue. Go Broncos! #BleedBlue #BroncoNation / Mostly #Sports #NCAA #NFL / #News & #Words\n@i2929", "friends_count": 215, "location": "Boise, ID ..the City of Trees", "profile_link_color": "999999", "profile_image_url": "http://pbs.twimg.com/profile_images/626444215975673856/nMV2mkJx_normal.jpg", "following": null, "geo_enabled": false, "profile_background_image_url": "http://pbs.twimg.com/profile_background_images/378800000002110229/0e9af0028ae8f84cc8c785289bddbc08.jpeg", "screen_name": "I2929_SPORTS", "lang": "en", "profile_background_tile": false, "favourites_count": 225, "name": "i2929_SPORTS", "notifications": null, "url": null, "created_at": "Sat Jun 01 21:47:04 +0000 2013", "contributors_enabled": false, "time_zone": "Mountain Time (US & Canada)", "protected": false, "default_profile": false, "is_translator": false}, "geo": null, "in_reply_to_user_id_str": "13010742", "lang": "en", "created_at": "Wed Oct 21 18:36:55 +0000 2015", "in_reply_to_status_id_str": "656900967850360832", "place": null, "metadata": {"iso_language_code": "en", "result_type": "recent"}}