{"contributors": null, "truncated": false, "text": "@ClintonFdn @ClintonGlobal @billclinton @ChelseaClinton enough said! #Hillary2016 #ImWithHer #BackToTheFuture https://t.co/CsZGDt5XWc", "is_quote_status": false, "in_reply_to_status_id": 656902664798797824, "id": 656909723548131328, "favorite_count": 1, "source": "<a href=\"http://twitter.com/download/android\" rel=\"nofollow\">Twitter for Android</a>", "retweeted": false, "coordinates": null, "entities": {"symbols": [], "user_mentions": [{"id": 75069067, "indices": [0, 11], "id_str": "75069067", "screen_name": "ClintonFdn", "name": "Clinton Foundation"}, {"id": 68999404, "indices": [12, 26], "id_str": "68999404", "screen_name": "ClintonGlobal", "name": "CGI"}, {"id": 1330457336, "indices": [27, 39], "id_str": "1330457336", "screen_name": "billclinton", "name": "Bill Clinton"}, {"id": 757303975, "indices": [40, 55], "id_str": "757303975", "screen_name": "ChelseaClinton", "name": "Chelsea Clinton"}], "hashtags": [{"indices": [69, 81], "text": "Hillary2016"}, {"indices": [82, 92], "text": "ImWithHer"}, {"indices": [93, 109], "text": "BackToTheFuture"}], "urls": [], "media": [{"expanded_url": "http://twitter.com/etphonegemini/status/656909723548131328/photo/1", "display_url": "pic.twitter.com/CsZGDt5XWc", "url": "https://t.co/CsZGDt5XWc", "media_url_https": "https://pbs.twimg.com/media/CR3P6I8U8AAd0_s.jpg", "id_str": "656909718405836800", "sizes": {"large": {"h": 400, "resize": "fit", "w": 600}, "small": {"h": 226, "resize": "fit", "w": 340}, "medium": {"h": 400, "resize": "fit", "w": 600}, "thumb": {"h": 150, "resize": "crop", "w": 150}}, "indices": [110, 133], "type": "photo", "id": 656909718405836800, "media_url": "http://pbs.twimg.com/media/CR3P6I8U8AAd0_s.jpg"}]}, "in_reply_to_screen_name": "ClintonFdn", "in_reply_to_user_id": 75069067, "retweet_count": 0, "id_str": "656909723548131328", "favorited": false, "user": {"follow_request_sent": null, "has_extended_profile": false, "profile_use_background_image": true, "default_profile_image": false, "id": 77123276, "profile_background_image_url_https": "https://pbs.twimg.com/profile_background_images/206580260/x2e859a47ba3770d7ea755a2aceba823.jpg", "verified": false, "profile_text_color": "895429", "profile_image_url_https": "https://pbs.twimg.com/profile_images/492836882888155136/c2rpQN2w_normal.jpeg", "profile_sidebar_fill_color": "BEDFB6", "entities": {"description": {"urls": []}}, "followers_count": 32, "profile_sidebar_border_color": "FFFFFF", "id_str": "77123276", "profile_background_color": "0E0D02", "listed_count": 5, "is_translation_enabled": false, "utc_offset": -14400, "statuses_count": 412, "description": "Aerospace Engineer + Space + Airplanes + Jane Austen + all awesome things = ^___^!!! and a shout-out to our @SpaceUpATL!", "friends_count": 120, "location": "", "profile_link_color": "1EC3F5", "profile_image_url": "http://pbs.twimg.com/profile_images/492836882888155136/c2rpQN2w_normal.jpeg", "following": null, "geo_enabled": false, "profile_banner_url": "https://pbs.twimg.com/profile_banners/77123276/1406253493", "profile_background_image_url": "http://pbs.twimg.com/profile_background_images/206580260/x2e859a47ba3770d7ea755a2aceba823.jpg", "screen_name": "etphonegemini", "lang": "en", "profile_background_tile": false, "favourites_count": 136, "name": "Elizabeth T.", "notifications": null, "url": null, "created_at": "Fri Sep 25 03:33:53 +0000 2009", "contributors_enabled": false, "time_zone": "Eastern Time (US & Canada)", "protected": false, "default_profile": false, "is_translator": false}, "geo": null, "in_reply_to_user_id_str": "75069067", "possibly_sensitive": false, "lang": "en", "created_at": "Wed Oct 21 19:07:37 +0000 2015", "in_reply_to_status_id_str": "656902664798797824", "place": null, "metadata": {"iso_language_code": "en", "result_type": "recent"}}