{"contributors": null, "truncated": false, "text": "@allinwithchris @chrislhayes Let him keep digging the hole he is burying himself in; thought he was the smarter bro?! #Hillary2016", "is_quote_status": false, "in_reply_to_status_id": 656904936823717888, "id": 656905901962567680, "favorite_count": 1, "source": "<a href=\"http://twitter.com\" rel=\"nofollow\">Twitter Web Client</a>", "retweeted": false, "coordinates": null, "entities": {"symbols": [], "user_mentions": [{"id": 1286312880, "indices": [0, 15], "id_str": "1286312880", "screen_name": "allinwithchris", "name": "All In w/Chris Hayes"}, {"id": 4207961, "indices": [16, 28], "id_str": "4207961", "screen_name": "chrislhayes", "name": "Christopher Hayes"}], "hashtags": [{"indices": [118, 130], "text": "Hillary2016"}], "urls": []}, "in_reply_to_screen_name": "allinwithchris", "in_reply_to_user_id": 1286312880, "retweet_count": 0, "id_str": "656905901962567680", "favorited": false, "user": {"follow_request_sent": null, "has_extended_profile": true, "profile_use_background_image": false, "default_profile_image": false, "id": 203650771, "profile_background_image_url_https": "https://abs.twimg.com/images/themes/theme19/bg.gif", "verified": false, "profile_text_color": "333333", "profile_image_url_https": "https://pbs.twimg.com/profile_images/656845031001583617/eraIVMH5_normal.jpg", "profile_sidebar_fill_color": "F6FFD1", "entities": {"description": {"urls": []}}, "followers_count": 154, "profile_sidebar_border_color": "FFF8AD", "id_str": "203650771", "profile_background_color": "DD2E44", "listed_count": 7, "is_translation_enabled": false, "utc_offset": -14400, "statuses_count": 3564, "description": "Foreign Service/New Media Advisor/World Traveller/Former Newspaper Journalist/Nature Photographer, Democrat and Hillary Clinton Supporter", "friends_count": 311, "location": "Fairfax, Virginia", "profile_link_color": "DD2E44", "profile_image_url": "http://pbs.twimg.com/profile_images/656845031001583617/eraIVMH5_normal.jpg", "following": null, "geo_enabled": true, "profile_banner_url": "https://pbs.twimg.com/profile_banners/203650771/1445441871", "profile_background_image_url": "http://abs.twimg.com/images/themes/theme19/bg.gif", "screen_name": "ShirlsAdams", "lang": "en", "profile_background_tile": true, "favourites_count": 1935, "name": "ShirleyAnn Adams", "notifications": null, "url": null, "created_at": "Sat Oct 16 19:38:37 +0000 2010", "contributors_enabled": false, "time_zone": "Eastern Time (US & Canada)", "protected": false, "default_profile": false, "is_translator": false}, "geo": null, "in_reply_to_user_id_str": "1286312880", "lang": "en", "created_at": "Wed Oct 21 18:52:26 +0000 2015", "in_reply_to_status_id_str": "656904936823717888", "place": {"full_name": "Virginia, USA", "url": "https://api.twitter.com/1.1/geo/id/5635c19c2b5078d1.json", "country": "United States", "place_type": "admin", "bounding_box": {"type": "Polygon", "coordinates": [[[-83.67529, 36.540739], [-75.16644, 36.540739], [-75.16644, 39.466012], [-83.67529, 39.466012]]]}, "contained_within": [], "country_code": "US", "attributes": {}, "id": "5635c19c2b5078d1", "name": "Virginia"}, "metadata": {"iso_language_code": "en", "result_type": "recent"}}