{"contributors": null, "truncated": false, "text": "@ianrothman @Salon either way, both #Sanders2016 and #Hillary2016 beat all #GOPClownCarMembers in every poll.", "is_quote_status": false, "in_reply_to_status_id": 656900819070156800, "id": 656902426486706177, "favorite_count": 0, "source": "<a href=\"http://twitter.com/download/iphone\" rel=\"nofollow\">Twitter for iPhone</a>", "retweeted": false, "coordinates": null, "entities": {"symbols": [], "user_mentions": [{"id": 195743543, "indices": [0, 11], "id_str": "195743543", "screen_name": "ianrothman", "name": "Ian Rothman"}, {"id": 16955991, "indices": [12, 18], "id_str": "16955991", "screen_name": "Salon", "name": "Salon.com"}], "hashtags": [{"indices": [36, 48], "text": "Sanders2016"}, {"indices": [53, 65], "text": "Hillary2016"}, {"indices": [75, 94], "text": "GOPClownCarMembers"}], "urls": []}, "in_reply_to_screen_name": "ianrothman", "in_reply_to_user_id": 195743543, "retweet_count": 0, "id_str": "656902426486706177", "favorited": false, "user": {"follow_request_sent": null, "has_extended_profile": false, "profile_use_background_image": true, "default_profile_image": false, "id": 183085737, "profile_background_image_url_https": "https://abs.twimg.com/images/themes/theme1/bg.png", "verified": false, "profile_text_color": "333333", "profile_image_url_https": "https://pbs.twimg.com/profile_images/656173130008805376/KVqznWyX_normal.jpg", "profile_sidebar_fill_color": "DDEEF6", "entities": {"description": {"urls": []}}, "followers_count": 513, "profile_sidebar_border_color": "C0DEED", "id_str": "183085737", "profile_background_color": "C0DEED", "listed_count": 35, "is_translation_enabled": false, "utc_offset": null, "statuses_count": 6269, "description": "i just call the BS from where i sit...be it frozen tundra or a flowing river of shi.....i tweet what i am reading, seeing, or thinking. #Earth #AK #USA", "friends_count": 775, "location": "Soldotna, Alaska ", "profile_link_color": "0084B4", "profile_image_url": "http://pbs.twimg.com/profile_images/656173130008805376/KVqznWyX_normal.jpg", "following": null, "geo_enabled": true, "profile_banner_url": "https://pbs.twimg.com/profile_banners/183085737/1443493056", "profile_background_image_url": "http://abs.twimg.com/images/themes/theme1/bg.png", "screen_name": "gomer2323", "lang": "en", "profile_background_tile": false, "favourites_count": 7033, "name": "Krazy Gomer", "notifications": null, "url": null, "created_at": "Thu Aug 26 03:10:24 +0000 2010", "contributors_enabled": false, "time_zone": null, "protected": false, "default_profile": true, "is_translator": false}, "geo": null, "in_reply_to_user_id_str": "195743543", "lang": "en", "created_at": "Wed Oct 21 18:38:37 +0000 2015", "in_reply_to_status_id_str": "656900819070156800", "place": null, "metadata": {"iso_language_code": "en", "result_type": "recent"}}