{"contributors": null, "truncated": false, "text": "@JAPITTER @LiberalPhenom @richdoll54 @Teddyshouse2II @Quicksilver2723 My take on HRC's #ImWithHer. :D\n\nhttps://t.co/wk5cFTn9el", "is_quote_status": true, "in_reply_to_status_id": null, "id": 656908683721445376, "favorite_count": 3, "entities": {"symbols": [], "user_mentions": [{"id": 32919802, "indices": [0, 9], "id_str": "32919802", "screen_name": "JAPITTER", "name": "TheBidenDiary2016"}, {"id": 300354212, "indices": [10, 24], "id_str": "300354212", "screen_name": "LiberalPhenom", "name": "LiberalPhenom"}, {"id": 26997491, "indices": [25, 36], "id_str": "26997491", "screen_name": "richdoll54", "name": "richdoll"}, {"id": 1186457310, "indices": [37, 52], "id_str": "1186457310", "screen_name": "Teddyshouse2II", "name": "Rose"}, {"id": 16829397, "indices": [53, 69], "id_str": "16829397", "screen_name": "Quicksilver2723", "name": "Merc2723"}], "hashtags": [{"indices": [87, 97], "text": "ImWithHer"}], "urls": [{"url": "https://t.co/wk5cFTn9el", "indices": [103, 126], "expanded_url": "https://twitter.com/Ronc99/status/656908177154441217", "display_url": "twitter.com/Ronc99/status/\u2026"}]}, "quoted_status_id": 656908177154441217, "retweeted": false, "coordinates": null, "quoted_status": {"contributors": null, "truncated": false, "text": "Why do I love @POTUS and @VP so much? They've governed as statesmen, via my principles and values. I am NOT loyal to any party. #ImWithThem!", "is_quote_status": false, "in_reply_to_status_id": null, "id": 656908177154441217, "favorite_count": 12, "source": "<a href=\"http://twitter.com\" rel=\"nofollow\">Twitter Web Client</a>", "retweeted": false, "coordinates": null, "entities": {"symbols": [], "user_mentions": [{"id": 1536791610, "indices": [14, 20], "id_str": "1536791610", "screen_name": "POTUS", "name": "President Obama"}, {"id": 325830217, "indices": [25, 28], "id_str": "325830217", "screen_name": "VP", "name": "Vice President Biden"}], "hashtags": [{"indices": [128, 139], "text": "ImWithThem"}], "urls": []}, "in_reply_to_screen_name": null, "in_reply_to_user_id": null, "retweet_count": 11, "id_str": "656908177154441217", "favorited": false, "user": {"follow_request_sent": null, "has_extended_profile": false, "profile_use_background_image": true, "default_profile_image": false, "id": 259094582, "profile_background_image_url_https": "https://pbs.twimg.com/profile_background_images/314019842/2a6419b1-d20e-4a5c-8c40-7c8f43d76c54.jpg", "verified": false, "profile_text_color": "333333", "profile_image_url_https": "https://pbs.twimg.com/profile_images/635480337561296897/Ylzk-jS6_normal.jpg", "profile_sidebar_fill_color": "EFEFEF", "entities": {"description": {"urls": []}}, "followers_count": 20332, "profile_sidebar_border_color": "EEEEEE", "id_str": "259094582", "profile_background_color": "131516", "listed_count": 410, "is_translation_enabled": false, "utc_offset": -14400, "statuses_count": 187406, "description": "A FIREBRAND. I LOVE President Obama!!! @VP is the logical choice to replace him.  #vet #YesWeCan! #OFA #LGBT #BlackLivesMatter #IUMBB #Colts #GunSense", "friends_count": 18041, "location": "Bloomington, Indiana", "profile_link_color": "009999", "profile_image_url": "http://pbs.twimg.com/profile_images/635480337561296897/Ylzk-jS6_normal.jpg", "following": null, "geo_enabled": true, "profile_banner_url": "https://pbs.twimg.com/profile_banners/259094582/1439683528", "profile_background_image_url": "http://pbs.twimg.com/profile_background_images/314019842/2a6419b1-d20e-4a5c-8c40-7c8f43d76c54.jpg", "screen_name": "Ronc99", "lang": "en", "profile_background_tile": false, "favourites_count": 48503, "name": "Ron", "notifications": null, "url": null, "created_at": "Tue Mar 01 03:45:37 +0000 2011", "contributors_enabled": false, "time_zone": "Eastern Time (US & Canada)", "protected": false, "default_profile": false, "is_translator": false}, "geo": null, "in_reply_to_user_id_str": null, "lang": "en", "created_at": "Wed Oct 21 19:01:28 +0000 2015", "in_reply_to_status_id_str": null, "place": {"full_name": "Indiana, USA", "url": "https://api.twitter.com/1.1/geo/id/1010ecfa7d3a40f8.json", "country": "United States", "place_type": "admin", "bounding_box": {"type": "Polygon", "coordinates": [[[-88.097892, 37.771743], [-84.78458, 37.771743], [-84.78458, 41.761368], [-88.097892, 41.761368]]]}, "contained_within": [], "country_code": "US", "attributes": {}, "id": "1010ecfa7d3a40f8", "name": "Indiana"}, "metadata": {"iso_language_code": "en", "result_type": "recent"}}, "source": "<a href=\"http://twitter.com\" rel=\"nofollow\">Twitter Web Client</a>", "in_reply_to_screen_name": "JAPITTER", "in_reply_to_user_id": 32919802, "retweet_count": 3, "id_str": "656908683721445376", "favorited": false, "user": {"follow_request_sent": null, "has_extended_profile": false, "profile_use_background_image": true, "default_profile_image": false, "id": 259094582, "profile_background_image_url_https": "https://pbs.twimg.com/profile_background_images/314019842/2a6419b1-d20e-4a5c-8c40-7c8f43d76c54.jpg", "verified": false, "profile_text_color": "333333", "profile_image_url_https": "https://pbs.twimg.com/profile_images/635480337561296897/Ylzk-jS6_normal.jpg", "profile_sidebar_fill_color": "EFEFEF", "entities": {"description": {"urls": []}}, "followers_count": 20332, "profile_sidebar_border_color": "EEEEEE", "id_str": "259094582", "profile_background_color": "131516", "listed_count": 410, "is_translation_enabled": false, "utc_offset": -14400, "statuses_count": 187406, "description": "A FIREBRAND. I LOVE President Obama!!! @VP is the logical choice to replace him.  #vet #YesWeCan! #OFA #LGBT #BlackLivesMatter #IUMBB #Colts #GunSense", "friends_count": 18041, "location": "Bloomington, Indiana", "profile_link_color": "009999", "profile_image_url": "http://pbs.twimg.com/profile_images/635480337561296897/Ylzk-jS6_normal.jpg", "following": null, "geo_enabled": true, "profile_banner_url": "https://pbs.twimg.com/profile_banners/259094582/1439683528", "profile_background_image_url": "http://pbs.twimg.com/profile_background_images/314019842/2a6419b1-d20e-4a5c-8c40-7c8f43d76c54.jpg", "screen_name": "Ronc99", "lang": "en", "profile_background_tile": false, "favourites_count": 48503, "name": "Ron", "notifications": null, "url": null, "created_at": "Tue Mar 01 03:45:37 +0000 2011", "contributors_enabled": false, "time_zone": "Eastern Time (US & Canada)", "protected": false, "default_profile": false, "is_translator": false}, "geo": null, "in_reply_to_user_id_str": "32919802", "possibly_sensitive": false, "lang": "en", "created_at": "Wed Oct 21 19:03:29 +0000 2015", "quoted_status_id_str": "656908177154441217", "in_reply_to_status_id_str": null, "place": {"full_name": "Indiana, USA", "url": "https://api.twitter.com/1.1/geo/id/1010ecfa7d3a40f8.json", "country": "United States", "place_type": "admin", "bounding_box": {"type": "Polygon", "coordinates": [[[-88.097892, 37.771743], [-84.78458, 37.771743], [-84.78458, 41.761368], [-88.097892, 41.761368]]]}, "contained_within": [], "country_code": "US", "attributes": {}, "id": "1010ecfa7d3a40f8", "name": "Indiana"}, "metadata": {"iso_language_code": "en", "result_type": "recent"}}