{"contributors": null, "truncated": false, "text": "Madam President...#Hillary2016  https://t.co/B6wJh7S2Bn", "is_quote_status": true, "in_reply_to_status_id": null, "id": 656904996219301888, "favorite_count": 0, "entities": {"symbols": [], "user_mentions": [], "hashtags": [{"indices": [18, 30], "text": "Hillary2016"}], "urls": [{"url": "https://t.co/B6wJh7S2Bn", "indices": [32, 55], "expanded_url": "https://twitter.com/HillaryClinton/status/656882880044371968", "display_url": "twitter.com/HillaryClinton\u2026"}]}, "quoted_status_id": 656882880044371968, "retweeted": false, "coordinates": null, "quoted_status": {"contributors": null, "truncated": false, "text": ".@VP is a good friend and a great man. Today and always, inspired by his optimism and commitment to change the world for the better. -H", "is_quote_status": false, "in_reply_to_status_id": null, "id": 656882880044371968, "favorite_count": 3316, "source": "<a href=\"https://about.twitter.com/products/tweetdeck\" rel=\"nofollow\">TweetDeck</a>", "retweeted": false, "coordinates": null, "entities": {"symbols": [], "user_mentions": [{"id": 325830217, "indices": [1, 4], "id_str": "325830217", "screen_name": "VP", "name": "Vice President Biden"}], "hashtags": [], "urls": []}, "in_reply_to_screen_name": null, "in_reply_to_user_id": null, "retweet_count": 2015, "id_str": "656882880044371968", "favorited": false, "user": {"follow_request_sent": null, "has_extended_profile": true, "profile_use_background_image": false, "default_profile_image": false, "id": 1339835893, "profile_background_image_url_https": "https://abs.twimg.com/images/themes/theme1/bg.png", "verified": true, "profile_text_color": "000000", "profile_image_url_https": "https://pbs.twimg.com/profile_images/654873638827663361/5SsWky7s_normal.png", "profile_sidebar_fill_color": "000000", "entities": {"url": {"urls": [{"url": "http://t.co/tyH5S1kztC", "indices": [0, 22], "expanded_url": "http://hrc.io/joinhillary", "display_url": "hrc.io/joinhillary"}]}, "description": {"urls": []}}, "followers_count": 4524528, "profile_sidebar_border_color": "000000", "id_str": "1339835893", "profile_background_color": "0057B8", "listed_count": 20131, "is_translation_enabled": false, "utc_offset": -14400, "statuses_count": 2160, "description": "Wife, mom, grandma, women+kids advocate, FLOTUS, Senator, SecState, hair icon, pantsuit aficionado, 2016 presidential candidate. Tweets from Hillary signed \u2013H", "friends_count": 299, "location": "New York", "profile_link_color": "0057B8", "profile_image_url": "http://pbs.twimg.com/profile_images/654873638827663361/5SsWky7s_normal.png", "following": null, "geo_enabled": true, "profile_banner_url": "https://pbs.twimg.com/profile_banners/1339835893/1435851723", "profile_background_image_url": "http://abs.twimg.com/images/themes/theme1/bg.png", "screen_name": "HillaryClinton", "lang": "en", "profile_background_tile": false, "favourites_count": 374, "name": "Hillary Clinton", "notifications": null, "url": "http://t.co/tyH5S1kztC", "created_at": "Tue Apr 09 18:04:35 +0000 2013", "contributors_enabled": false, "time_zone": "Eastern Time (US & Canada)", "protected": false, "default_profile": false, "is_translator": false}, "geo": null, "in_reply_to_user_id_str": null, "lang": "en", "created_at": "Wed Oct 21 17:20:57 +0000 2015", "in_reply_to_status_id_str": null, "place": null, "metadata": {"iso_language_code": "en", "result_type": "recent"}}, "source": "<a href=\"http://twitter.com/download/android\" rel=\"nofollow\">Twitter for Android</a>", "in_reply_to_screen_name": null, "in_reply_to_user_id": null, "retweet_count": 0, "id_str": "656904996219301888", "favorited": false, "user": {"follow_request_sent": null, "has_extended_profile": false, "profile_use_background_image": false, "default_profile_image": false, "id": 357249067, "profile_background_image_url_https": "https://abs.twimg.com/images/themes/theme1/bg.png", "verified": false, "profile_text_color": "000000", "profile_image_url_https": "https://pbs.twimg.com/profile_images/634892718804594688/LEFFnmdH_normal.jpg", "profile_sidebar_fill_color": "000000", "entities": {"url": {"urls": [{"url": "http://t.co/DC9OuIe4Sm", "indices": [0, 22], "expanded_url": "http://www.bluegripepolitics.com", "display_url": "bluegripepolitics.com"}]}, "description": {"urls": [{"url": "http://t.co/DC9OuIe4Sm", "indices": [0, 22], "expanded_url": "http://www.bluegripepolitics.com", "display_url": "bluegripepolitics.com"}]}}, "followers_count": 78, "profile_sidebar_border_color": "000000", "id_str": "357249067", "profile_background_color": "000000", "listed_count": 4, "is_translation_enabled": false, "utc_offset": null, "statuses_count": 307, "description": "http://t.co/DC9OuIe4Sm", "friends_count": 174, "location": "Peoria Arizona", "profile_link_color": "3B94D9", "profile_image_url": "http://pbs.twimg.com/profile_images/634892718804594688/LEFFnmdH_normal.jpg", "following": null, "geo_enabled": false, "profile_banner_url": "https://pbs.twimg.com/profile_banners/357249067/1440205268", "profile_background_image_url": "http://abs.twimg.com/images/themes/theme1/bg.png", "screen_name": "idealone45", "lang": "en", "profile_background_tile": false, "favourites_count": 245, "name": "Kim (Mayo) Engram", "notifications": null, "url": "http://t.co/DC9OuIe4Sm", "created_at": "Thu Aug 18 02:25:57 +0000 2011", "contributors_enabled": false, "time_zone": null, "protected": false, "default_profile": false, "is_translator": false}, "geo": null, "in_reply_to_user_id_str": null, "possibly_sensitive": false, "lang": "en", "created_at": "Wed Oct 21 18:48:50 +0000 2015", "quoted_status_id_str": "656882880044371968", "in_reply_to_status_id_str": null, "place": null, "metadata": {"iso_language_code": "en", "result_type": "recent"}}