{"contributors": null, "truncated": false, "text": "RT @UnPoliticalPrty: RT EXPOSE #HillaryClinton aka #Hillary2016 for\n#Benghazi 4 Murders\nhttps://t.co/65UxVX2gHw\n#PJNET\nhttps://t.co/lDcMet4\u2026", "is_quote_status": false, "in_reply_to_status_id": null, "id": 656911409108774912, "favorite_count": 0, "source": "<a href=\"http://twitter.com/#!/download/ipad\" rel=\"nofollow\">Twitter for iPad</a>", "retweeted": false, "coordinates": null, "entities": {"symbols": [], "user_mentions": [{"id": 414003816, "indices": [3, 19], "id_str": "414003816", "screen_name": "UnPoliticalPrty", "name": "Un-Political Party"}], "hashtags": [{"indices": [31, 46], "text": "HillaryClinton"}, {"indices": [51, 63], "text": "Hillary2016"}, {"indices": [68, 77], "text": "Benghazi"}, {"indices": [112, 118], "text": "PJNET"}], "urls": [{"url": "https://t.co/65UxVX2gHw", "indices": [88, 111], "expanded_url": "http://goo.gl/Q4NWS", "display_url": "goo.gl/Q4NWS"}, {"url": "https://t.co/lDcMet43KT", "indices": [119, 140], "expanded_url": "https://youtu.be/i6-LY-Ipqg0?list=PLCg7hMSpR6m_mSE2Zu1-ma8vQ0nbpi8Bk", "display_url": "youtu.be/i6-LY-Ipqg0?li\u2026"}]}, "in_reply_to_screen_name": null, "in_reply_to_user_id": null, "retweet_count": 2, "id_str": "656911409108774912", "favorited": false, "retweeted_status": {"contributors": null, "truncated": false, "text": "RT EXPOSE #HillaryClinton aka #Hillary2016 for\n#Benghazi 4 Murders\nhttps://t.co/65UxVX2gHw\n#PJNET\nhttps://t.co/lDcMet43KT", "is_quote_status": false, "in_reply_to_status_id": null, "id": 656910150570221568, "favorite_count": 2, "source": "<a href=\"http://patriotjournalist.com\" rel=\"nofollow\">PatriotJournalist</a>", "retweeted": false, "coordinates": null, "entities": {"symbols": [], "user_mentions": [], "hashtags": [{"indices": [10, 25], "text": "HillaryClinton"}, {"indices": [30, 42], "text": "Hillary2016"}, {"indices": [47, 56], "text": "Benghazi"}, {"indices": [91, 97], "text": "PJNET"}], "urls": [{"url": "https://t.co/65UxVX2gHw", "indices": [67, 90], "expanded_url": "http://goo.gl/Q4NWS", "display_url": "goo.gl/Q4NWS"}, {"url": "https://t.co/lDcMet43KT", "indices": [98, 121], "expanded_url": "https://youtu.be/i6-LY-Ipqg0?list=PLCg7hMSpR6m_mSE2Zu1-ma8vQ0nbpi8Bk", "display_url": "youtu.be/i6-LY-Ipqg0?li\u2026"}]}, "in_reply_to_screen_name": null, "in_reply_to_user_id": null, "retweet_count": 2, "id_str": "656910150570221568", "favorited": false, "user": {"follow_request_sent": null, "has_extended_profile": false, "profile_use_background_image": true, "default_profile_image": false, "id": 414003816, "profile_background_image_url_https": "https://pbs.twimg.com/profile_background_images/657797071/8b9gkck33nchw82b3d0z.png", "verified": false, "profile_text_color": "333333", "profile_image_url_https": "https://pbs.twimg.com/profile_images/556460842858725378/1ZSryeuc_normal.jpeg", "profile_sidebar_fill_color": "DDEEF6", "entities": {"url": {"urls": [{"url": "http://t.co/FQD47AZBY2", "indices": [0, 22], "expanded_url": "http://www.unpoliticalparty.com/2014/11/funding-patriot-network.html", "display_url": "unpoliticalparty.com/2014/11/fundin\u2026"}]}, "description": {"urls": []}}, "followers_count": 26302, "profile_sidebar_border_color": "FFFFFF", "id_str": "414003816", "profile_background_color": "C1EBD5", "listed_count": 465, "is_translation_enabled": false, "utc_offset": -21600, "statuses_count": 153402, "description": "Deprogramming of brainwashed liberals starts here!  #Conservative #Libertarian #TeaParty #Christian #Vet #TCOT #TLOT #CCOT #UPPUSA #2A", "friends_count": 25885, "location": "USA", "profile_link_color": "0084B4", "profile_image_url": "http://pbs.twimg.com/profile_images/556460842858725378/1ZSryeuc_normal.jpeg", "following": null, "geo_enabled": false, "profile_banner_url": "https://pbs.twimg.com/profile_banners/414003816/1421014000", "profile_background_image_url": "http://pbs.twimg.com/profile_background_images/657797071/8b9gkck33nchw82b3d0z.png", "screen_name": "UnPoliticalPrty", "lang": "en", "profile_background_tile": true, "favourites_count": 6264, "name": "Un-Political Party", "notifications": null, "url": "http://t.co/FQD47AZBY2", "created_at": "Wed Nov 16 14:18:25 +0000 2011", "contributors_enabled": false, "time_zone": "Mountain Time (US & Canada)", "protected": false, "default_profile": false, "is_translator": false}, "geo": null, "in_reply_to_user_id_str": null, "possibly_sensitive": false, "lang": "en", "created_at": "Wed Oct 21 19:09:19 +0000 2015", "in_reply_to_status_id_str": null, "place": null, "metadata": {"iso_language_code": "en", "result_type": "recent"}}, "user": {"follow_request_sent": null, "has_extended_profile": false, "profile_use_background_image": true, "default_profile_image": false, "id": 1259393028, "profile_background_image_url_https": "https://abs.twimg.com/images/themes/theme1/bg.png", "verified": false, "profile_text_color": "333333", "profile_image_url_https": "https://pbs.twimg.com/profile_images/656324033986752512/I7jvVHxj_normal.jpg", "profile_sidebar_fill_color": "DDEEF6", "entities": {"description": {"urls": []}}, "followers_count": 3702, "profile_sidebar_border_color": "C0DEED", "id_str": "1259393028", "profile_background_color": "C0DEED", "listed_count": 173, "is_translation_enabled": false, "utc_offset": null, "statuses_count": 72519, "description": "Redneck/ArmyMP Veteran~God & Bible/Country & Constitution & Family=Blood makes you Family + Brothers/Sisters by other Mothers/Misters~I BAN/REPORT ALL TROLLS", "friends_count": 3757, "location": "", "profile_link_color": "0084B4", "profile_image_url": "http://pbs.twimg.com/profile_images/656324033986752512/I7jvVHxj_normal.jpg", "following": null, "geo_enabled": true, "profile_banner_url": "https://pbs.twimg.com/profile_banners/1259393028/1445120432", "profile_background_image_url": "http://abs.twimg.com/images/themes/theme1/bg.png", "screen_name": "fawn_mac", "lang": "en", "profile_background_tile": false, "favourites_count": 68959, "name": "Fawn Mac", "notifications": null, "url": null, "created_at": "Mon Mar 11 12:59:29 +0000 2013", "contributors_enabled": false, "time_zone": null, "protected": false, "default_profile": true, "is_translator": false}, "geo": null, "in_reply_to_user_id_str": null, "possibly_sensitive": false, "lang": "en", "created_at": "Wed Oct 21 19:14:19 +0000 2015", "in_reply_to_status_id_str": null, "place": null, "metadata": {"iso_language_code": "en", "result_type": "recent"}}